category_link,subcategory_link,listing_title,listing_price,listing_vendor,listing_item,listing_link,subcategory_id,subcategory2_id,detail_name,detail_qty_sold,detail_price,pagination_link,category_idDrugs & Chemicals,Cannabis & Hashish,Mary Jane Lotion,"Buy price
USD 35.00

(0.0265 BTC)",NativeRootsOnline,null,Mary Jane Lotion,Cannabis & Hashish,Topicals & Others,Mary Jane Lotion,"Sold by NativeRootsOnline -
1 sold since Mar 6, 2017Î¾Î¾Vendor Level 2Î¾Trust Level 4",Purchase price: USD 35.00,3,Drugs & ChemicalsDrugs & Chemicals,Cannabis & Hashish,60g Yellow Hash Moroccan Chefchaouen/ Free delivery in France,"Buy price
USD 450.00

(0.3407 BTC)",TorDrug,"Views: 18 / Bids: Fixed price
Quantity left: 49",60g Yellow Hash Moroccan Chefchaouen/ Free delivery in France,Cannabis & Hashish,Topicals & Others,60g Yellow Hash Moroccan Chefchaouen/ Free deliver...,"Sold by TorDrug -
0 sold since Apr 18, 2017Î¾Î¾Vendor Level 4Î¾Trust Level 4",Purchase price: USD 450.00,4,Drugs & ChemicalsDrugs & Chemicals,Cannabis & Hashish,HEMP BUDS AND LEAVES CHOPPED - 400 GRAMS (BEST),"Buy price
USD 199.90

(0.1514 BTC)",MicroDroper,"Views: 243 / Bids: Fixed price
Quantity left: Unlimited",HEMP BUDS AND LEAVES CHOPPED - 400 GRAMS (BEST),Cannabis & Hashish,Topicals & Others,HEMP BUDS AND LEAVES CHOPPED - 400 GRAMS (BEST),"Sold by MicroDroper -
0 sold since Jan 9, 2017Î¾Î¾Vendor Level 2Î¾Trust Level 6",Purchase price: USD 199.90,3,Drugs & ChemicalsDrugs & Chemicals,Cannabis & Hashish,Medical Marijuana Grade AAA+Shipping Best Grower!,"Current price
USD 2,300.00

(1.7416 BTC)",brianhamza,"Views: 63 / Bids: 0
Quantity left: Unlimited",Medical Marijuana Grade AAA+Shipping Best Grower!,Cannabis & Hashish,Topicals & Others,Medical Marijuana Grade AAA+Shipping Best Grower!,"Sold by brianhamza -
0 sold since Mar 9, 2017Î¾Î¾Vendor Level 1Î¾Trust Level 3",Purchase price: USD 0.00,3,Drugs & ChemicalsDrugs & Chemicals,Cannabis & Hashish,Micro G Pen Wax Pollen Oil Shatter Vaporizer,"Buy price
USD 35.00

(0.0265 BTC)",ESLight,"Views: 521 / Bids: Fixed price
Quantity left: Unlimited",Micro G Pen Wax Pollen Oil Shatter Vaporizer,Cannabis & Hashish,Topicals & Others,Micro G Pen Wax Pollen Oil Shatter Vaporizer,"Sold by ESLight -
3 sold since Nov 18, 2016Î¾Î¾Vendor Level 3Î¾Trust Level 6",Purchase price: USD 35.00,2,Drugs & ChemicalsDrugs & Chemicals,Cannabis & Hashish,Large Jar of THC Infused Lotion!!! For Joints And Pains!!!,"Buy price
USD 270.00

(0.2044 BTC)",GoodCatKilla,"Views: 103 / Bids: Fixed price
Quantity left: 3",Large Jar of THC Infused Lotion!!! For Joints And Pains!!!,Cannabis & Hashish,Topicals & Others,Large Jar of THC Infused Lotion!!! For Joints And ...,"Sold by GoodCatKilla -
0 sold since Mar 14, 2017Î¾Î¾Vendor Level 9Î¾Trust Level 7",Purchase price: USD 270.00,3,Drugs & ChemicalsDrugs & Chemicals,Cannabis & Hashish,ONE OUNCE&&&&MEDICATED BUDS&&&&TOP SHELF HASH%%%***SKY WALKER***OG KUSH***ETC,"Buy price
USD 250.00

(0.1893 BTC)",rooneytyler,"Views: 50 / Bids: Fixed price
Quantity left: Unlimited",ONE OUNCE&&&&MEDICATED BUDS&&&&TOP SHELF HASH%%%***SKY WALKER***OG KUSH***ETC,Cannabis & Hashish,Topicals & Others,ONE OUNCE&&&&MEDICATED BUDS&&a...,"Sold by rooneytyler -
0 sold since Mar 20, 2017Î¾Î¾Vendor Level 1Î¾Trust Level 3",Purchase price: USD 250.00,4,Drugs & ChemicalsDrugs & Chemicals,Cannabis & Hashish,Huge Discount 4 Limited Time 1 gram Rick Simpson Oil RSO,"Buy price
USD 77.63

(0.0588 BTC)",LovePotion,"Views: 778 / Bids: Fixed price
Quantity left: Unlimited",Huge Discount 4 Limited Time 1 gram Rick Simpson Oil RSO,Cannabis & Hashish,Topicals & Others,Huge Discount 4 Limited Time 1 gram Rick Simpson O...,"Sold by LovePotion -
2 sold since Jun 21, 2016Î¾Î¾Vendor Level 1Î¾Trust Level 5",Purchase price: USD 77.63,2,Drugs & ChemicalsDrugs & Chemicals,Cannabis & Hashish,32g Yellow Hash Moroccan Chefchaouen/ Free delivery in France,"Buy price
USD 240.00

(0.1817 BTC)",TorDrug,"Views: 19 / Bids: Fixed price
Quantity left: 49",32g Yellow Hash Moroccan Chefchaouen/ Free delivery in France,Cannabis & Hashish,Topicals & Others,32g Yellow Hash Moroccan Chefchaouen/ Free deliver...,"Sold by TorDrug -
0 sold since Apr 18, 2017Î¾Î¾Vendor Level 4Î¾Trust Level 4",Purchase price: USD 240.00,4,Drugs & ChemicalsDrugs & Chemicals,Cannabis & Hashish,DogeMarket PreBeta Invitation,"Buy price
USD 99,999.00

(75.7190 BTC)",Comboseller,"Views: 435 / Bids: Fixed price
Quantity left: Unlimited",DogeMarket PreBeta Invitation,Cannabis & Hashish,Topicals & Others,DogeMarket PreBeta Invitation,"Sold by Comboseller -
0 sold since Dec 14, 2015Î¾Î¾Vendor Level 1Î¾Trust Level 3","Purchase price: USD 99,999.00",3,Drugs & ChemicalsDrugs & Chemicals,Cannabis & Hashish,CBD Chewing Gum 150mg - 50 pieces,"Buy price
USD 115.56

(0.0875 BTC)",cbdqueenuk,null,CBD Chewing Gum 150mg - 50 pieces,Cannabis & Hashish,Topicals & Others,CBD Chewing Gum 150mg - 50 pieces,"Sold by cbdqueenuk -
0 sold since Jan 14, 2017Î¾Î¾Vendor Level 1Î¾Trust Level 4",Purchase price: USD 115.56,4,Drugs & ChemicalsDrugs & Chemicals,Cannabis & Hashish,4g Hash Royal Morocco/ Free delivery in France,"Buy price
USD 31.00

(0.0235 BTC)",TorDrug,"Views: 60 / Bids: Fixed price
Quantity left: 48",4g Hash Royal Morocco/ Free delivery in France,Cannabis & Hashish,Topicals & Others,4g Hash Royal Morocco/ Free delivery in France,"Sold by TorDrug -
1 sold since Apr 13, 2017Î¾Î¾Vendor Level 4Î¾Trust Level 4",Purchase price: USD 31.00,2,Drugs & ChemicalsDrugs & Chemicals,Cannabis & Hashish,MarQaha Tincture 600mg,"Buy price
USD 55.00

(0.0416 BTC)",NativeRootsOnline,null,MarQaha Tincture 600mg,Cannabis & Hashish,Topicals & Others,MarQaha Tincture 600mg,"Sold by NativeRootsOnline -
3 sold since Mar 6, 2017Î¾Î¾Vendor Level 2Î¾Trust Level 4",Purchase price: USD 55.00,2,Drugs & ChemicalsDrugs & Chemicals,Cannabis & Hashish,CBD Capsules,"Buy price
USD 90.00

(0.0681 BTC)",NativeRootsOnline,null,CBD Capsules,Cannabis & Hashish,Topicals & Others,CBD Capsules,"Sold by NativeRootsOnline -
0 sold since Mar 6, 2017Î¾Î¾Vendor Level 2Î¾Trust Level 4",Purchase price: USD 90.00,4,Drugs & ChemicalsDrugs & Chemicals,Cannabis & Hashish,custom for  Fairydusthustler,"Buy price
USD 275.00

(0.2082 BTC)",HempCBD,"Views: 182 / Bids: Fixed price
Quantity left: Unlimited",custom for  Fairydusthustler,Cannabis & Hashish,Topicals & Others,custom for  Fairydusthustler,"Sold by HempCBD -
0 sold since Jan 8, 2017Î¾Î¾Vendor Level 1Î¾Trust Level 4",Purchase price: USD 275.00,4,Drugs & ChemicalsDrugs & Chemicals,Cannabis & Hashish,2g Yellow Hash Moroccan Chefchaouen/ Free delivery in France,"Buy price
USD 19.00

(0.0144 BTC)",TorDrug,"Views: 68 / Bids: Fixed price
Quantity left: 46",2g Yellow Hash Moroccan Chefchaouen/ Free delivery in France,Cannabis & Hashish,Topicals & Others,2g Yellow Hash Moroccan Chefchaouen/ Free delivery...,"Sold by TorDrug -
3 sold since Apr 18, 2017Î¾Î¾Vendor Level 4Î¾Trust Level 4",Purchase price: USD 19.00,2,Drugs & ChemicalsDrugs & Chemicals,Cannabis & Hashish,x2 High Gorgeous Pi’±a-Co-Canna Body Butter,"Buy price
USD 60.00

(0.0454 BTC)",ConcentratesKing,"Views: 63 / Bids: Fixed price
Quantity left: 3",x2 High Gorgeous Pi’±a-Co-Canna Body Butter,Cannabis & Hashish,Topicals & Others,x2 High Gorgeous Pi’±a-Co-Canna Body Butter,"Sold by ConcentratesKing -
0 sold since Mar 31, 2017Î¾Î¾Vendor Level 8Î¾Trust Level 7",Purchase price: USD 60.00,3,Drugs & ChemicalsDrugs & Chemicals,Cannabis & Hashish,25g Hash Royal Morocco/ Free delivery in France,"Buy price
USD 168.00

(0.1272 BTC)",TorDrug,"Views: 34 / Bids: Fixed price
Quantity left: 48",25g Hash Royal Morocco/ Free delivery in France,Cannabis & Hashish,Topicals & Others,25g Hash Royal Morocco/ Free delivery in France,"Sold by TorDrug -
1 sold since Apr 13, 2017Î¾Î¾Vendor Level 4Î¾Trust Level 4",Purchase price: USD 168.00,2,Drugs & ChemicalsDrugs & Chemicals,Cannabis & Hashish,"50 WICKED FUCKING POTENT Pot Cookies - THE SAFEST SLEEP through the night MEDICINE AVAILABLE - why take a short lasting benzo?  w/FREE PRIORTY SHIPPING - made from 100% Organic buds, shake and sugar leaf!","Buy price
USD 264.90

(0.2006 BTC)",joeybagadonuts,null,"50 WICKED FUCKING POTENT Pot Cookies - THE SAFEST SLEEP through the night MEDICINE AVAILABLE - why take a short lasting benzo?  w/FREE PRIORTY SHIPPING - made from 100% Organic buds, shake and sugar leaf!",Cannabis & Hashish,Topicals & Others,50 WICKED FUCKING POTENT Pot Cookies - THE SAFEST ...,"Sold by joeybagadonuts -
0 sold since Jan 6, 2017Î¾Î¾Vendor Level 4Î¾Trust Level 5",Purchase price: USD 264.90,4,Drugs & ChemicalsDrugs & Chemicals,Cannabis & Hashish,30ml Organic Cannabis Oil Infused Honey x2,"Buy price
USD 96.30

(0.0729 BTC)",cbdqueenuk,null,30ml Organic Cannabis Oil Infused Honey x2,Cannabis & Hashish,Topicals & Others,30ml Organic Cannabis Oil Infused Honey x2,"Sold by cbdqueenuk -
0 sold since Jan 14, 2017Î¾Î¾Vendor Level 1Î¾Trust Level 4",Purchase price: USD 96.30,4,Drugs & ChemicalsDrugs & Chemicals,Cannabis & Hashish,Sweet Mary Jane Tincture,"Buy price
USD 60.00

(0.0454 BTC)",NativeRootsOnline,null,Sweet Mary Jane Tincture,Cannabis & Hashish,Topicals & Others,Sweet Mary Jane Tincture,"Sold by NativeRootsOnline -
0 sold since Mar 6, 2017Î¾Î¾Vendor Level 2Î¾Trust Level 4",Purchase price: USD 60.00,3,Drugs & ChemicalsDrugs & Chemicals,Cannabis & Hashish,8g Hash Royal Morocco/ Free delivery in France,"Buy price
USD 59.00

(0.0447 BTC)",TorDrug,"Views: 43 / Bids: Fixed price
Quantity left: 48",8g Hash Royal Morocco/ Free delivery in France,Cannabis & Hashish,Topicals & Others,8g Hash Royal Morocco/ Free delivery in France,"Sold by TorDrug -
1 sold since Apr 13, 2017Î¾Î¾Vendor Level 4Î¾Trust Level 4",Purchase price: USD 59.00,2,Drugs & ChemicalsDrugs & Chemicals,Cannabis & Hashish,$1.00 USD Buys One Lottery Ticket Š—– You Could Win 1.63 BTC Š—– Valid For Four Draws Š—– Winning Numbers Drawn Every Friday Š—– PLAY CASH PANDA**$$**What Are Your Lucky Numbers?,"Buy price
USD 1.00

(0.0008 BTC)",CashPanda,"Views: 112 / Bids: Fixed price
Quantity left: Unlimited",$1.00 USD Buys One Lottery Ticket Š—– You Could Win 1.63 BTC Š—– Valid For Four Draws Š—– Winning Numbers Drawn Every Friday Š—– PLAY CASH PANDA**$$**What Are Your Lucky Numbers?,Cannabis & Hashish,Topicals & Others,$1.00 USD Buys One Lottery Ticket Š—– You Could Win ...,"Sold by CashPanda -
0 sold since Mar 11, 2017Î¾Î¾Vendor Level 1Î¾Trust Level 4",Purchase price: USD 1.00,4,Drugs & ChemicalsDrugs & Chemicals,Cannabis & Hashish,710 MEDICAL OIL,"Buy price
USD 40.00

(0.0303 BTC)",shatter710,"Views: 495 / Bids: Fixed price
Quantity left: 100",710 MEDICAL OIL,Cannabis & Hashish,Topicals & Others,710 MEDICAL OIL,"Sold by shatter710 -
0 sold since Sep 8, 2016Î¾Î¾Vendor Level 1Î¾Trust Level 3",Purchase price: USD 40.00,3,Drugs & ChemicalsDrugs & Chemicals,Cannabis & Hashish,x2 High Gorgeous Nice Buns Cellulite Treatment,"Buy price
USD 60.00

(0.0454 BTC)",ConcentratesKing,"Views: 45 / Bids: Fixed price
Quantity left: 3",x2 High Gorgeous Nice Buns Cellulite Treatment,Cannabis & Hashish,Topicals & Others,x2 High Gorgeous Nice Buns Cellulite Treatment,"Sold by ConcentratesKing -
0 sold since Mar 31, 2017Î¾Î¾Vendor Level 8Î¾Trust Level 7",Purchase price: USD 60.00,4,Drugs & ChemicalsDrugs & Chemicals,Cannabis & Hashish,High Gorgeous Lip Balms 25MG THC/THCA,"Buy price
USD 8.00

(0.0061 BTC)",ConcentratesKing,"Views: 165 / Bids: Fixed price
Quantity left: 7",High Gorgeous Lip Balms 25MG THC/THCA,Cannabis & Hashish,Topicals & Others,High Gorgeous Lip Balms 25MG THC/THCA,"Sold by ConcentratesKing -
2 sold since Mar 31, 2017Î¾Î¾Vendor Level 8Î¾Trust Level 7",Purchase price: USD 8.00,2,Drugs & ChemicalsDrugs & Chemicals,Cannabis & Hashish,8g Yellow Hash Moroccan Chefchaouen/ Free delivery in France,"Buy price
USD 71.00

(0.0538 BTC)",TorDrug,"Views: 29 / Bids: Fixed price
Quantity left: 48",8g Yellow Hash Moroccan Chefchaouen/ Free delivery in France,Cannabis & Hashish,Topicals & Others,8g Yellow Hash Moroccan Chefchaouen/ Free delivery...,"Sold by TorDrug -
1 sold since Apr 18, 2017Î¾Î¾Vendor Level 4Î¾Trust Level 4",Purchase price: USD 71.00,2,Drugs & ChemicalsDrugs & Chemicals,Cannabis & Hashish,4g Yellow Hash Moroccan Chefchaouen/ Free delivery in France,"Buy price
USD 37.00

(0.0280 BTC)",TorDrug,"Views: 40 / Bids: Fixed price
Quantity left: 47",4g Yellow Hash Moroccan Chefchaouen/ Free delivery in France,Cannabis & Hashish,Topicals & Others,4g Yellow Hash Moroccan Chefchaouen/ Free delivery...,"Sold by TorDrug -
2 sold since Apr 18, 2017Î¾Î¾Vendor Level 4Î¾Trust Level 4",Purchase price: USD 37.00,2,Drugs & ChemicalsDrugs & Chemicals,Cannabis & Hashish,x2 High Gorgeous Bubble Bath,"Buy price
USD 50.00

(0.0379 BTC)",ConcentratesKing,"Views: 95 / Bids: Fixed price
Quantity left: 3",x2 High Gorgeous Bubble Bath,Cannabis & Hashish,Topicals & Others,x2 High Gorgeous Bubble Bath,"Sold by ConcentratesKing -
0 sold since Mar 31, 2017Î¾Î¾Vendor Level 8Î¾Trust Level 7",Purchase price: USD 50.00,3,Drugs & ChemicalsDrugs & Chemicals,Cannabis & Hashish,Mary Janes Massage Oil,"Buy price
USD 35.00

(0.0265 BTC)",NativeRootsOnline,null,Mary Janes Massage Oil,Cannabis & Hashish,Topicals & Others,Mary Janes Massage Oil,"Sold by NativeRootsOnline -
1 sold since Mar 6, 2017Î¾Î¾Vendor Level 2Î¾Trust Level 4",Purchase price: USD 35.00,2,Drugs & ChemicalsDrugs & Chemicals,Cannabis & Hashish,5x  4mg Pfizer Like Xanax  4mg Alprazolam looks just like 2mg,"Buy price
USD 30.00

(0.0227 BTC)",blacksheep16,null,5x  4mg Pfizer Like Xanax  4mg Alprazolam looks just like 2mg,Cannabis & Hashish,Topicals & Others,5x  4mg Pfizer Like Xanax  4mg Alprazolam looks ju...,"Sold by blacksheep16 -
0 sold since Apr 16, 2017Î¾Î¾Vendor Level 1Î¾Trust Level 4",Purchase price: USD 30.00,3,Drugs & ChemicalsDrugs & Chemicals,Cannabis & Hashish,CBD Hemp Balm (TOP QUALITY!!!),"Buy price
USD 24.90

(0.0189 BTC)",MicroDroper,"Views: 269 / Bids: Fixed price
Quantity left: Unlimited",CBD Hemp Balm (TOP QUALITY!!!),Cannabis & Hashish,Topicals & Others,CBD Hemp Balm (TOP QUALITY!!!),"Sold by MicroDroper -
0 sold since Jan 9, 2017Î¾Î¾Vendor Level 2Î¾Trust Level 6",Purchase price: USD 24.90,3,Drugs & ChemicalsDrugs & Chemicals,Cannabis & Hashish,16g Hash Royal Morocco/ Free delivery in France,"Buy price
USD 110.00

(0.0833 BTC)",TorDrug,"Views: 33 / Bids: Fixed price
Quantity left: 49",16g Hash Royal Morocco/ Free delivery in France,Cannabis & Hashish,Topicals & Others,16g Hash Royal Morocco/ Free delivery in France,"Sold by TorDrug -
0 sold since Apr 13, 2017Î¾Î¾Vendor Level 4Î¾Trust Level 4",Purchase price: USD 110.00,4,Drugs & ChemicalsDrugs & Chemicals,Cannabis & Hashish,2g Hash Royal Morocco/ Free delivery in France,"Buy price
USD 16.00

(0.0121 BTC)",TorDrug,"Views: 101 / Bids: Fixed price
Quantity left: 46",2g Hash Royal Morocco/ Free delivery in France,Cannabis & Hashish,Topicals & Others,2g Hash Royal Morocco/ Free delivery in France,"Sold by TorDrug -
3 sold since Apr 13, 2017Î¾Î¾Vendor Level 4Î¾Trust Level 4",Purchase price: USD 16.00,2,Drugs & ChemicalsDrugs & Chemicals,Cannabis & Hashish,PURE CBD COCONUT CAPSULES: 15mg in each pill...fast acting $1.99 each (bulk discount),"Buy price
USD 1.99

(0.0015 BTC)",topshelfcanna,null,PURE CBD COCONUT CAPSULES: 15mg in each pill...fast acting $1.99 each (bulk discount),Cannabis & Hashish,Topicals & Others,PURE CBD COCONUT CAPSULES: 15mg in each pill...fas...,"Sold by topshelfcanna -
1 sold since Apr 20, 2017Î¾Î¾Vendor Level 6Î¾Trust Level 5",null,2,Drugs & ChemicalsDrugs & Chemicals,Cannabis & Hashish,3x Cannabis Stecklinge / Cuttings,"Buy price
USD 52.09

(0.0394 BTC)",superieure,"Views: 685 / Bids: Fixed price
Quantity left: Unlimited",3x Cannabis Stecklinge / Cuttings,Cannabis & Hashish,Topicals & Others,3x Cannabis Stecklinge / Cuttings,"Sold by superieure -
0 sold since Dec 18, 2016Î¾Î¾Vendor Level 2Î¾Trust Level 5",Purchase price: USD 52.09,3,Drugs & ChemicalsDrugs & Chemicals,Cannabis & Hashish,Mary Jane Hash Bath,"Buy price
USD 35.00

(0.0265 BTC)",NativeRootsOnline,null,Mary Jane Hash Bath,Cannabis & Hashish,Topicals & Others,Mary Jane Hash Bath,"Sold by NativeRootsOnline -
1 sold since Mar 6, 2017Î¾Î¾Vendor Level 2Î¾Trust Level 4",Purchase price: USD 35.00,2,Drugs & ChemicalsDrugs & Chemicals,Cannabis & Hashish,"10 Wicked Potent, Gourmet BROWNIE BITES - THE SAFEST and MOST EFFECTIVE SLEEPING MEDICINE- FREE SHIPPING - made with Ghiraredelli chocolate - the safest and tastiest sleep medicine anywhere!","Buy price
USD 69.90

(0.0529 BTC)",joeybagadonuts,null,"10 Wicked Potent, Gourmet BROWNIE BITES - THE SAFEST and MOST EFFECTIVE SLEEPING MEDICINE- FREE SHIPPING - made with Ghiraredelli chocolate - the safest and tastiest sleep medicine anywhere!",Cannabis & Hashish,Topicals & Others,"10 Wicked Potent, Gourmet BROWNIE BITES - THE SAFE...","Sold by joeybagadonuts -
1 sold since Jan 7, 2017Î¾Î¾Vendor Level 4Î¾Trust Level 5",Purchase price: USD 69.90,2,Drugs & ChemicalsDrugs & Chemicals,Cannabis & Hashish,70g Hash Royal Morocco/ Free delivery in France,"Buy price
USD 419.00

(0.3173 BTC)",TorDrug,"Views: 31 / Bids: Fixed price
Quantity left: 49",70g Hash Royal Morocco/ Free delivery in France,Cannabis & Hashish,Topicals & Others,70g Hash Royal Morocco/ Free delivery in France,"Sold by TorDrug -
0 sold since Apr 13, 2017Î¾Î¾Vendor Level 4Î¾Trust Level 4",Purchase price: USD 419.00,3,Drugs & ChemicalsDrugs & Chemicals,Cannabis & Hashish,35g Hash Royal Morocco/ Free delivery in France,"Buy price
USD 210.00

(0.1590 BTC)",TorDrug,"Views: 27 / Bids: Fixed price
Quantity left: 49",35g Hash Royal Morocco/ Free delivery in France,Cannabis & Hashish,Topicals & Others,35g Hash Royal Morocco/ Free delivery in France,"Sold by TorDrug -
0 sold since Apr 13, 2017Î¾Î¾Vendor Level 4Î¾Trust Level 4",Purchase price: USD 210.00,3,Drugs & ChemicalsDrugs & Chemicals,Cannabis & Hashish,16g Yellow Hash Moroccan Chefchaouen/ Free delivery in France,"Buy price
USD 139.00

(0.1053 BTC)",TorDrug,"Views: 21 / Bids: Fixed price
Quantity left: 49",16g Yellow Hash Moroccan Chefchaouen/ Free delivery in France,Cannabis & Hashish,Topicals & Others,16g Yellow Hash Moroccan Chefchaouen/ Free deliver...,"Sold by TorDrug -
0 sold since Apr 18, 2017Î¾Î¾Vendor Level 4Î¾Trust Level 4",Purchase price: USD 139.00,4,Drugs & ChemicalsDrugs & Chemicals,Cannabis & Hashish,x2 High Gorgeous Body Lotion,"Buy price
USD 45.00

(0.0341 BTC)",ConcentratesKing,"Views: 78 / Bids: Fixed price
Quantity left: 3",x2 High Gorgeous Body Lotion,Cannabis & Hashish,Topicals & Others,x2 High Gorgeous Body Lotion,"Sold by ConcentratesKing -
0 sold since Mar 31, 2017Î¾Î¾Vendor Level 8Î¾Trust Level 7",Purchase price: USD 45.00,4,Drugs & ChemicalsDrugs & Chemicals,Cannabis & Hashish,Marys Medicinal Patches Pure CBD,"Buy price
USD 20.00

(0.0151 BTC)",NativeRootsOnline,null,Marys Medicinal Patches Pure CBD,Cannabis & Hashish,Topicals & Others,Marys Medicinal Patches Pure CBD,"Sold by NativeRootsOnline -
0 sold since Mar 6, 2017Î¾Î¾Vendor Level 2Î¾Trust Level 4",Purchase price: USD 20.00,3,Drugs & Chemicals