category_link,subcategory_link,listing_title,listing_price,listing_vendor,listing_item,listing_link,subcategory_id,subcategory2_id,detail_name,detail_qty_sold,detail_price,pagination_link,category_idDrugs & Chemicals,Psychedelics,"ŠãŠãNEUŠãŠã 0,5 Gram 2CB powder Die beste Qualit’_t gut f’_r 50 Dosen!!! AAA+++ŠãŠãNEUŠãŠã","Buy price
USD 36.70

(0.0300 BTC)",XTC-Factory,"Views: 429 / Bids: Fixed price
Quantity left: Unlimited","ŠãŠãNEUŠãŠã 0,5 Gram 2CB powder Die beste Qualit’_t gut f’_r 50 Dosen!!! AAA+++ŠãŠãNEUŠãŠã",Psychedelics,2C-B,"ŠãŠãNEUŠãŠã 0,5 Gram 2CB powder Die beste Qualit’_t gut...","Sold by XTC-Factory -
17 sold since Mar 9, 2017Î¾Î¾Vendor Level 7Î¾Trust Level 5",Purchase price: USD 36.70,5,Drugs & ChemicalsDrugs & Chemicals,Psychedelics,2c-B tablet 'Netflix and Chill' 15mg 5 pcs,"Buy price
USD 20.06

(0.0164 BTC)",Depanage,null,2c-B tablet 'Netflix and Chill' 15mg 5 pcs,Psychedelics,2C-B,2c-B tablet 'Netflix and Chill' 15mg 5 pcs,"Sold by Depanage -
19 sold since Apr 2, 2016Î¾Î¾Vendor Level 4Î¾Trust Level 5",Purchase price: USD 20.06,4,Drugs & ChemicalsDrugs & Chemicals,Psychedelics,Š…æŠ…æNEWŠ…æ10 x 20 mg 2-CB PillsŠ…æNEWŠ…æŠ…æKostenlose VersandŠ…æŠ…æ,"Buy price
USD 22.72

(0.0187 BTC)",XTC-Factory,null,Š…æŠ…æNEWŠ…æ10 x 20 mg 2-CB PillsŠ…æNEWŠ…æŠ…æKostenlose VersandŠ…æŠ…æ,Psychedelics,2C-B,Š…æŠ…æNEWŠ…æ10 x 20 mg 2-CB PillsŠ…æNEWŠ…æŠ…æKostenlose Versan...,"Sold by XTC-Factory -
162 sold since Feb 5, 2017Î¾Î¾Vendor Level 7Î¾Trust Level 5",Purchase price: USD 22.72,2,Drugs & ChemicalsDrugs & Chemicals,Psychedelics,2C-B-FLY 100mg,"Buy price
USD 43.58

(0.0354 BTC)",rgn,"Views: 217 / Bids: Fixed price
Quantity left: Unlimited",2C-B-FLY 100mg,Psychedelics,2C-B,2C-B-FLY 100mg,"Sold by rgn -
0 sold since Nov 13, 2016Î¾Î¾Vendor Level 7Î¾Trust Level 6",Purchase price: USD 43.58,14,Drugs & ChemicalsDrugs & Chemicals,Psychedelics,250 pcs/stk 2C-B Champagneflasche Š—– 20mg,"Buy price
USD 558.51

(0.4542 BTC)",Infinity-Drugs.to,"Views: 136 / Bids: Fixed price
Quantity left: Unlimited",250 pcs/stk 2C-B Champagneflasche Š—– 20mg,Psychedelics,2C-B,250 pcs/stk 2C-B Champagneflasche Š—– 20mg,"Sold by Infinity-Drugs.to -
0 sold since Nov 22, 2016Î¾Î¾Vendor Level 1Î¾Trust Level 4",Purchase price: USD 558.51,16,Drugs & ChemicalsDrugs & Chemicals,Psychedelics,Š…ÄŠ…ÄŠ…Ä1000 Pills 20mg Green Dutch 2CB SmileysŠ…ÄŠ…ÄŠ…Ä,"Buy price
USD 1,574.54

(1.2831 BTC)",LoveDrugsz,null,Š…ÄŠ…ÄŠ…Ä1000 Pills 20mg Green Dutch 2CB SmileysŠ…ÄŠ…ÄŠ…Ä,Psychedelics,2C-B,Š…ÄŠ…ÄŠ…Ä1000 Pills 20mg Green Dutch 2CB SmileysŠ…ÄŠ…ÄŠ…Ä,"Sold by LoveDrugsz -
0 sold since Mar 30, 2017Î¾Î¾Vendor Level 1Î¾Trust Level 3","Purchase price: USD 1,574.54",15,Drugs & ChemicalsDrugs & Chemicals,Psychedelics,50x 2CB Armani 19 MG netto 2CB,"Buy price
USD 192.50

(0.1566 BTC)",SpaceFast,"Views: 129 / Bids: Fixed price
Quantity left: Unlimited",50x 2CB Armani 19 MG netto 2CB,Psychedelics,2C-B,50x 2CB Armani 19 MG netto 2CB,"Sold by SpaceFast -
0 sold since Feb 9, 2017Î¾Î¾Vendor Level 2Î¾Trust Level 4",Purchase price: USD 192.50,,Drugs & ChemicalsDrugs & Chemicals,Psychedelics,"2-CB Pills 20 MG, 500 Pills ESCROW","Buy price
USD 568.00

(0.4620 BTC)",Amsterdaminc,"Views: 373 / Bids: Fixed price
Quantity left: Unlimited","2-CB Pills 20 MG, 500 Pills ESCROW",Psychedelics,2C-B,"2-CB Pills 20 MG, 500 Pills ESCROW","Sold by Amsterdaminc -
0 sold since May 14, 2016Î¾Î¾Vendor Level 8Î¾Trust Level 6",Purchase price: USD 568.00,,Drugs & ChemicalsDrugs & Chemicals,Psychedelics,0.5G Uncut 2-cb Powder,"Buy price
USD 27.85

(0.0229 BTC)",Missmolly1,"Views: 2039 / Bids: Fixed price
Quantity left: Unlimited",0.5G Uncut 2-cb Powder,Psychedelics,2C-B,0.5G Uncut 2-cb Powder,"Sold by Missmolly1 -
44 sold since Feb 6, 2016Î¾Î¾Vendor Level 2Î¾Trust Level 4",Purchase price: USD 27.85,3,Drugs & ChemicalsDrugs & Chemicals,Psychedelics,250x 2CB Armani 19 MG netto 2CB,"Buy price
USD 575.00

(0.4677 BTC)",SpaceFast,"Views: 102 / Bids: Fixed price
Quantity left: Unlimited",250x 2CB Armani 19 MG netto 2CB,Psychedelics,2C-B,250x 2CB Armani 19 MG netto 2CB,"Sold by SpaceFast -
0 sold since Feb 9, 2017Î¾Î¾Vendor Level 2Î¾Trust Level 4",Purchase price: USD 575.00,,Drugs & ChemicalsDrugs & Chemicals,Psychedelics,5x 2CB hard pressed purple pills contains 17 mg pure 2CB!,"Buy price
USD 22.54

(0.0183 BTC)",ACAB2016,"Views: 242 / Bids: Fixed price
Quantity left: Unlimited",5x 2CB hard pressed purple pills contains 17 mg pure 2CB!,Psychedelics,2C-B,5x 2CB hard pressed purple pills contains 17 mg pu...,"Sold by ACAB2016 -
1 sold since Sep 11, 2016Î¾Î¾Vendor Level 1Î¾Trust Level 4",Purchase price: USD 22.54,13,Drugs & ChemicalsDrugs & Chemicals,Psychedelics,25x 2CB hard pressed purple pills contains 17 mg pure 2CB!,"Buy price
USD 77.50

(0.0630 BTC)",ACAB2016,"Views: 208 / Bids: Fixed price
Quantity left: Unlimited",25x 2CB hard pressed purple pills contains 17 mg pure 2CB!,Psychedelics,2C-B,25x 2CB hard pressed purple pills contains 17 mg p...,"Sold by ACAB2016 -
0 sold since Sep 11, 2016Î¾Î¾Vendor Level 1Î¾Trust Level 4",Purchase price: USD 77.50,17,Drugs & ChemicalsDrugs & Chemicals,Psychedelics,100X Purple 2C-B_-=WSC High Class Products,"Buy price
USD 167.15

(0.1362 BTC)",WorldStarCandy,"Views: 224 / Bids: Fixed price
Quantity left: Unlimited",100X Purple 2C-B_-=WSC High Class Products,Psychedelics,2C-B,100X Purple 2C-B_-=WSC High Class Products,"Sold by WorldStarCandy -
1 sold since Nov 30, 2016Î¾Î¾Vendor Level 1Î¾Trust Level 4",Purchase price: USD 167.15,12,Drugs & ChemicalsDrugs & Chemicals,Psychedelics,50gram BK-2CB 99% Purity USA/EU Ship,"Buy price
USD 1,012.14

(0.8232 BTC)",Citra2016,"Views: 172 / Bids: Fixed price
Quantity left: Unlimited",50gram BK-2CB 99% Purity USA/EU Ship,Psychedelics,2C-B,50gram BK-2CB 99% Purity USA/EU Ship,"Sold by Citra2016 -
0 sold since Dec 8, 2016Î¾Î¾Vendor Level 4Î¾Trust Level 4","Purchase price: USD 1,012.14",,Drugs & ChemicalsDrugs & Chemicals,Psychedelics,2G Lightbrown 2cb powder,"Buy price
USD 104.40

(0.0851 BTC)",PachoHerrera,null,2G Lightbrown 2cb powder,Psychedelics,2C-B,2G Lightbrown 2cb powder,"Sold by PachoHerrera -
3 sold since Nov 1, 2016Î¾Î¾Vendor Level 4Î¾Trust Level 4",Purchase price: USD 104.40,9,Drugs & ChemicalsDrugs & Chemicals,Psychedelics,5G Lightbrown 2cb powder,"Buy price
USD 219.77

(0.1787 BTC)",PachoHerrera,null,5G Lightbrown 2cb powder,Psychedelics,2C-B,5G Lightbrown 2cb powder,"Sold by PachoHerrera -
5 sold since Nov 1, 2016Î¾Î¾Vendor Level 4Î¾Trust Level 4",Purchase price: USD 219.77,8,Drugs & ChemicalsDrugs & Chemicals,Psychedelics,10 x 2C-B Pills || Dutch Quality 2C-B pills || High Dose 12 mg 2C-B,"Buy price
USD 26.71

(0.0220 BTC)",Dutchdrugz,"Views: 890 / Bids: Fixed price
Quantity left: Unlimited",10 x 2C-B Pills || Dutch Quality 2C-B pills || High Dose 12 mg 2C-B,Psychedelics,2C-B,10 x 2C-B Pills || Dutch Quality 2C-B pills || Hig...,"Sold by Dutchdrugz -
34 sold since Oct 16, 2016Î¾Î¾Vendor Level 5Î¾Trust Level 6",Purchase price: USD 26.71,3,Drugs & ChemicalsDrugs & Chemicals,Psychedelics,"5 x 2C-B pills (Champagne Bottles; high dose, 18-20mg)","Buy price
USD 24.58

(0.0200 BTC)",JonnyRambo,"Views: 261 / Bids: Fixed price
Quantity left: Unlimited","5 x 2C-B pills (Champagne Bottles; high dose, 18-20mg)",Psychedelics,2C-B,"5 x 2C-B pills (Champagne Bottles; high dose, 18-2...","Sold by JonnyRambo -
6 sold since Mar 27, 2017Î¾Î¾Vendor Level 2Î¾Trust Level 3",Purchase price: USD 24.58,8,Drugs & ChemicalsDrugs & Chemicals,Psychedelics,50x 2-CB PILLEN,"Buy price
USD 225.00

(0.1830 BTC)",EMS-CHEMIE,"Views: 257 / Bids: Fixed price
Quantity left: Unlimited",50x 2-CB PILLEN,Psychedelics,2C-B,50x 2-CB PILLEN,"Sold by EMS-CHEMIE -
1 sold since Apr 1, 2017Î¾Î¾Vendor Level 1Î¾Trust Level 3",Purchase price: USD 225.00,13,Drugs & ChemicalsDrugs & Chemicals,Psychedelics,1000X Purple 2C-B_-=WSC High Class Products,"Buy price
USD 1,432.66

(1.1652 BTC)",WorldStarCandy,"Views: 189 / Bids: Fixed price
Quantity left: Unlimited",1000X Purple 2C-B_-=WSC High Class Products,Psychedelics,2C-B,1000X Purple 2C-B_-=WSC High Class Products,"Sold by WorldStarCandy -
0 sold since Nov 30, 2016Î¾Î¾Vendor Level 1Î¾Trust Level 4","Purchase price: USD 1,432.66",17,Drugs & ChemicalsDrugs & Chemicals,Psychedelics,MICKEY MOUSE 2-CB 20mg -- 10 Pills--,"Buy price
USD 70.00

(0.0569 BTC)",madlyfooted,"Views: 41 / Bids: Fixed price
Quantity left: Unlimited",MICKEY MOUSE 2-CB 20mg -- 10 Pills--,Psychedelics,2C-B,MICKEY MOUSE 2-CB 20mg -- 10 Pills--,"Sold by madlyfooted -
0 sold since Mar 27, 2017Î¾Î¾Vendor Level 1Î¾Trust Level 3",Purchase price: USD 70.00,16,Drugs & ChemicalsDrugs & Chemicals,Psychedelics,"2-CB 20mg , 10 Pills [WW EXCL US]","Buy price
USD 21.00

(0.0173 BTC)",Yourdrug,null,"2-CB 20mg , 10 Pills [WW EXCL US]",Psychedelics,2C-B,"2-CB 20mg , 10 Pills [WW EXCL US]","Sold by Yourdrug -
36 sold since Sep 10, 2016Î¾Î¾Vendor Level 10Î¾Trust Level 10",Purchase price: USD 21.00,3,Drugs & ChemicalsDrugs & Chemicals,Psychedelics,*PROMO* 0.1 Gram 2C-B HBr Powder  - FREE SHIPPING - Elisa-Yamaha -,"Buy price
USD 12.00

(0.0098 BTC)",Elisa-Yamaha,"Views: 267 / Bids: Fixed price
Quantity left: 27",*PROMO* 0.1 Gram 2C-B HBr Powder  - FREE SHIPPING - Elisa-Yamaha -,Psychedelics,2C-B,*PROMO* 0.1 Gram 2C-B HBr Powder  - FREE SHIPPING ...,"Sold by Elisa-Yamaha -
19 sold since Mar 6, 2017Î¾Î¾Vendor Level 6Î¾Trust Level 5",Purchase price: USD 12.00,5,Drugs & ChemicalsDrugs & Chemicals,Psychedelics,2 CB's Green Half Moon 50st for 110euro,"Buy price
USD 118.31

(0.0962 BTC)",Made.in.Germany,"Views: 259 / Bids: Fixed price
Quantity left: Unlimited",2 CB's Green Half Moon 50st for 110euro,Psychedelics,2C-B,2 CB's Green Half Moon 50st for 110euro,"Sold by Made.in.Germany -
0 sold since Nov 11, 2015Î¾Î¾Vendor Level 1Î¾Trust Level 3",Purchase price: USD 118.31,17,Drugs & ChemicalsDrugs & Chemicals,Psychedelics,"2-CB 20mg , 50 Pills [USA ETC]","Buy price
USD 79.00

(0.0643 BTC)",Yourdrug,null,"2-CB 20mg , 50 Pills [USA ETC]",Psychedelics,2C-B,"2-CB 20mg , 50 Pills [USA ETC]","Sold by Yourdrug -
2 sold since Sep 10, 2016Î¾Î¾Vendor Level 10Î¾Trust Level 10",Purchase price: USD 79.00,10,Drugs & ChemicalsDrugs & Chemicals,Psychedelics,1 2CB 12mg Pills Š…Ä Mickey Mouse Š…Ä SA to SA Š…Ä Free Shipping,"Buy price
USD 4.29

(0.0035 BTC)",cj5dio,"Views: 6 / Bids: Fixed price
Quantity left: 10",1 2CB 12mg Pills Š…Ä Mickey Mouse Š…Ä SA to SA Š…Ä Free Shipping,Psychedelics,2C-B,1 2CB 12mg Pills Š…Ä Mickey Mouse Š…Ä SA to SA Š…Ä Free ...,"Sold by cj5dio -
0 sold since Apr 22, 2017Î¾Î¾Vendor Level 1Î¾Trust Level 3",Purchase price: USD 4.29,14,Drugs & ChemicalsDrugs & Chemicals,Psychedelics,10x 18-20mg 2C-B HCl caps!,"Buy price
USD 63.51

(0.0522 BTC)",03welle,"Views: 2922 / Bids: Fixed price
Quantity left: Unlimited",10x 18-20mg 2C-B HCl caps!,Psychedelics,2C-B,10x 18-20mg 2C-B HCl caps!,"Sold by 03welle -
165 sold since Jun 1, 2015Î¾Î¾Vendor Level 7Î¾Trust Level 6",Purchase price: USD 63.51,2,Drugs & ChemicalsDrugs & Chemicals,Psychedelics,"25x ""Green Mario"" 19mg 2-cb Pills Š“_FROM GERMANYŠ“_","Buy price
USD 83.66

(0.0680 BTC)",GermanDutchTeam,"Views: 399 / Bids: Fixed price
Quantity left: Unlimited","25x ""Green Mario"" 19mg 2-cb Pills Š“_FROM GERMANYŠ“_",Psychedelics,2C-B,"25x ""Green Mario"" 19mg 2-cb Pills Š“_FROM ...","Sold by GermanDutchTeam -
4 sold since Jun 29, 2016Î¾Î¾Vendor Level 7Î¾Trust Level 6",Purchase price: USD 83.66,8,Drugs & ChemicalsDrugs & Chemicals,Psychedelics,1Gram 2CB powder pure The best quallity good for 50 doses!!! AAA+++ INTRO OFFER,"Buy price
USD 63.89

(0.0525 BTC)",red-diamond,null,1Gram 2CB powder pure The best quallity good for 50 doses!!! AAA+++ INTRO OFFER,Psychedelics,2C-B,1Gram 2CB powder pure The best quallity good for 5...,"Sold by red-diamond -
61 sold since Aug 12, 2016Î¾Î¾Vendor Level 7Î¾Trust Level 5",Purchase price: USD 63.89,3,Drugs & ChemicalsDrugs & Chemicals,Psychedelics,"100 x 25mg 2CB Hexagon Shaped, Double Coloured","Buy price
USD 152.03

(0.1244 BTC)",HiddenHands,null,"100 x 25mg 2CB Hexagon Shaped, Double Coloured",Psychedelics,2C-B,"100 x 25mg 2CB Hexagon Shaped, Double Coloured","Sold by HiddenHands -
7 sold since Jan 31, 2017Î¾Î¾Vendor Level 8Î¾Trust Level 7",Purchase price: USD 152.03,7,Drugs & ChemicalsDrugs & Chemicals,Psychedelics,250mg 2-CB powder | TOP QUALITY | FREE SHIPPING,"Buy price
USD 19.36

(0.0158 BTC)",Becel,"Views: 113 / Bids: Fixed price
Quantity left: Unlimited",250mg 2-CB powder | TOP QUALITY | FREE SHIPPING,Psychedelics,2C-B,250mg 2-CB powder | TOP QUALITY | FREE SHIPPING,"Sold by Becel -
4 sold since Mar 26, 2017Î¾Î¾Vendor Level 2Î¾Trust Level 4",Purchase price: USD 19.36,9,Drugs & ChemicalsDrugs & Chemicals,Psychedelics,5x 2-CB Pills || 18mg || Nijntje / Red Rabbit || Best Quality!,"Buy price
USD 26.16

(0.0214 BTC)",high-society,null,5x 2-CB Pills || 18mg || Nijntje / Red Rabbit || Best Quality!,Psychedelics,2C-B,5x 2-CB Pills || 18mg || Nijntje / Red Rabbit || B...,"Sold by high-society -
18 sold since Feb 23, 2016Î¾Î¾Vendor Level 5Î¾Trust Level 6",Purchase price: USD 26.16,5,Drugs & ChemicalsDrugs & Chemicals,Psychedelics,"2-CB Pills 20 MG PROMOTION, 50 Pills FE [GER>WW]","Buy price
USD 51.00

(0.0415 BTC)",Amsterdaminc,"Views: 125 / Bids: Fixed price
Quantity left: Unlimited","2-CB Pills 20 MG PROMOTION, 50 Pills FE [GER>WW]",Psychedelics,2C-B,"2-CB Pills 20 MG PROMOTION, 50 Pills FE [GER>WW...","Sold by Amsterdaminc -
0 sold since Apr 29, 2016Î¾Î¾Vendor Level 8Î¾Trust Level 6",Purchase price: USD 51.00,19,Drugs & ChemicalsDrugs & Chemicals,Psychedelics,Š…ÄŠ…ÄŠ…Ä250 Pills 20mg Green Dutch 2CB SmileysŠ…ÄŠ…ÄŠ…Ä,"Buy price
USD 629.82

(0.5122 BTC)",LoveDrugsz,null,Š…ÄŠ…ÄŠ…Ä250 Pills 20mg Green Dutch 2CB SmileysŠ…ÄŠ…ÄŠ…Ä,Psychedelics,2C-B,Š…ÄŠ…ÄŠ…Ä250 Pills 20mg Green Dutch 2CB SmileysŠ…ÄŠ…ÄŠ…Ä,"Sold by LoveDrugsz -
0 sold since Mar 30, 2017Î¾Î¾Vendor Level 1Î¾Trust Level 3",Purchase price: USD 629.82,14,Drugs & ChemicalsDrugs & Chemicals,Psychedelics,"2-CB 20mg , 25 Pills [WW EXCL US]","Buy price
USD 37.00

(0.0303 BTC)",Yourdrug,null,"2-CB 20mg , 25 Pills [WW EXCL US]",Psychedelics,2C-B,"2-CB 20mg , 25 Pills [WW EXCL US]","Sold by Yourdrug -
17 sold since Sep 10, 2016Î¾Î¾Vendor Level 10Î¾Trust Level 10",Purchase price: USD 37.00,5,Drugs & ChemicalsDrugs & Chemicals,Psychedelics,Š…æŠ…æNEUŠ…æ50 x 20 mg 2-CB PillsŠ…æNEUŠ…æŠ…æ,"Buy price
USD 105.57

(0.0860 BTC)",XTC-Factory,"Views: 205 / Bids: Fixed price
Quantity left: Unlimited",Š…æŠ…æNEUŠ…æ50 x 20 mg 2-CB PillsŠ…æNEUŠ…æŠ…æ,Psychedelics,2C-B,Š…æŠ…æNEUŠ…æ50 x 20 mg 2-CB PillsŠ…æNEUŠ…æŠ…æ,"Sold by XTC-Factory -
4 sold since Feb 10, 2017Î¾Î¾Vendor Level 7Î¾Trust Level 5",Purchase price: USD 105.57,9,Drugs & ChemicalsDrugs & Chemicals,Psychedelics,200x 2CB Armani 19 MG netto 2CB,"Buy price
USD 480.00

(0.3904 BTC)",SpaceFast,"Views: 113 / Bids: Fixed price
Quantity left: Unlimited",200x 2CB Armani 19 MG netto 2CB,Psychedelics,2C-B,200x 2CB Armani 19 MG netto 2CB,"Sold by SpaceFast -
0 sold since Feb 9, 2017Î¾Î¾Vendor Level 2Î¾Trust Level 4",Purchase price: USD 480.00,19,Drugs & ChemicalsDrugs & Chemicals,Psychedelics,10G Lightbrown 2cb powder,"Buy price
USD 417.56

(0.3396 BTC)",PachoHerrera,null,10G Lightbrown 2cb powder,Psychedelics,2C-B,10G Lightbrown 2cb powder,"Sold by PachoHerrera -
2 sold since Nov 1, 2016Î¾Î¾Vendor Level 4Î¾Trust Level 4",Purchase price: USD 417.56,10,Drugs & ChemicalsDrugs & Chemicals,Psychedelics,5x || 2C-E 2-CE Pills || 10-15 mg || USA DOMESTIC,"Buy price
USD 29.00

(0.0236 BTC)",rompster,"Views: 756 / Bids: Fixed price
Quantity left: Unlimited",5x || 2C-E 2-CE Pills || 10-15 mg || USA DOMESTIC,Psychedelics,2C-B,5x || 2C-E 2-CE Pills || 10-15 mg || USA DOMESTIC,"Sold by rompster -
5 sold since Nov 19, 2016Î¾Î¾Vendor Level 3Î¾Trust Level 4",Purchase price: USD 29.00,8,Drugs & ChemicalsDrugs & Chemicals,Psychedelics,Top Quality Dutch 2C-B 18mg Amsterdam (Escrow),"Buy price
USD 5.57

(0.0045 BTC)",northfacestore,null,Top Quality Dutch 2C-B 18mg Amsterdam (Escrow),Psychedelics,2C-B,Top Quality Dutch 2C-B 18mg Amsterdam (Escrow),"Sold by northfacestore -
0 sold since May 25, 2016Î¾Î¾Vendor Level 1Î¾Trust Level 4",null,13,Drugs & ChemicalsDrugs & Chemicals,Psychedelics,Š…ÄŠ…ÄŠ…Ä2000 Pills 20mg Green Dutch 2CB SmileysŠ…ÄŠ…ÄŠ…Ä,"Buy price
USD 2,769.03

(2.2521 BTC)",LoveDrugsz,null,Š…ÄŠ…ÄŠ…Ä2000 Pills 20mg Green Dutch 2CB SmileysŠ…ÄŠ…ÄŠ…Ä,Psychedelics,2C-B,Š…ÄŠ…ÄŠ…Ä2000 Pills 20mg Green Dutch 2CB SmileysŠ…ÄŠ…ÄŠ…Ä,"Sold by LoveDrugsz -
0 sold since Mar 30, 2017Î¾Î¾Vendor Level 1Î¾Trust Level 3","Purchase price: USD 2,769.03",16,Drugs & ChemicalsDrugs & Chemicals,Psychedelics,"2-CB 20mg,  500 Pills [WW EXCL US]","Buy price
USD 499.00

(0.4058 BTC)",Yourdrug,null,"2-CB 20mg,  500 Pills [WW EXCL US]",Psychedelics,2C-B,"2-CB 20mg,  500 Pills [WW EXCL US]","Sold by Yourdrug -
1 sold since Sep 10, 2016Î¾Î¾Vendor Level 10Î¾Trust Level 10",Purchase price: USD 499.00,13,Drugs & ChemicalsDrugs & Chemicals,Psychedelics,"Docklands - 25 x 2ce pills, UK Seller & Escrow","Buy price
USD 100.00

(0.0818 BTC)",Docklands,"Views: 699 / Bids: Fixed price
Quantity left: Unlimited","Docklands - 25 x 2ce pills, UK Seller & Escrow",Psychedelics,2C-B,"Docklands - 25 x 2ce pills, UK Seller & Escrow","Sold by Docklands -
6 sold since Oct 30, 2016Î¾Î¾Vendor Level 8Î¾Trust Level 6",Purchase price: USD 100.00,7,Drugs & ChemicalsDrugs & Chemicals,Psychedelics,100 x 2C-B Pills || Dutch Quality 2C-B pills || High Dose 12 mg 2C-B,"Buy price
USD 213.65

(0.1738 BTC)",Dutchdrugz,"Views: 319 / Bids: Fixed price
Quantity left: Unlimited",100 x 2C-B Pills || Dutch Quality 2C-B pills || High Dose 12 mg 2C-B,Psychedelics,2C-B,100 x 2C-B Pills || Dutch Quality 2C-B pills || Hi...,"Sold by Dutchdrugz -
2 sold since Oct 16, 2016Î¾Î¾Vendor Level 5Î¾Trust Level 6",Purchase price: USD 213.65,10,Drugs & ChemicalsDrugs & Chemicals,Psychedelics,BK-2C-B powder 3 gram,"Buy price
USD 67.05

(0.0545 BTC)",rgn,"Views: 446 / Bids: Fixed price
Quantity left: Unlimited",BK-2C-B powder 3 gram,Psychedelics,2C-B,BK-2C-B powder 3 gram,"Sold by rgn -
1 sold since Sep 5, 2016Î¾Î¾Vendor Level 7Î¾Trust Level 6",Purchase price: USD 67.05,13,Drugs & ChemicalsDrugs & Chemicals,Psychedelics,2 CB's Green Half Moon 25st for 75euro,"Buy price
USD 80.66

(0.0656 BTC)",Made.in.Germany,"Views: 264 / Bids: Fixed price
Quantity left: Unlimited",2 CB's Green Half Moon 25st for 75euro,Psychedelics,2C-B,2 CB's Green Half Moon 25st for 75euro,"Sold by Made.in.Germany -
0 sold since Nov 11, 2015Î¾Î¾Vendor Level 1Î¾Trust Level 3",Purchase price: USD 80.66,,Drugs & ChemicalsDrugs & Chemicals,Psychedelics,20mg 2-CB Gelcaps x5,"Buy price
USD 55.00

(0.0450 BTC)",joyneme89,"Views: 416 / Bids: Fixed price
Quantity left: 2",20mg 2-CB Gelcaps x5,Psychedelics,2C-B,20mg 2-CB Gelcaps x5,"Sold by joyneme89 -
15 sold since Feb 9, 2017Î¾Î¾Vendor Level 5Î¾Trust Level 6",Purchase price: USD 55.00,5,Drugs & ChemicalsDrugs & Chemicals,Psychedelics,Š…ÄŠ…ÄŠ…Ä50 Pills 20mg Green Dutch 2CB SmileysŠ…ÄŠ…ÄŠ…Ä,"Buy price
USD 146.60

(0.1195 BTC)",LoveDrugsz,null,Š…ÄŠ…ÄŠ…Ä50 Pills 20mg Green Dutch 2CB SmileysŠ…ÄŠ…ÄŠ…Ä,Psychedelics,2C-B,Š…ÄŠ…ÄŠ…Ä50 Pills 20mg Green Dutch 2CB SmileysŠ…ÄŠ…ÄŠ…Ä,"Sold by LoveDrugsz -
0 sold since Mar 30, 2017Î¾Î¾Vendor Level 1Î¾Trust Level 3",Purchase price: USD 146.60,15,Drugs & ChemicalsDrugs & Chemicals,Psychedelics,25gram BK-2CB 99% Purity EU Ship,"Buy price
USD 692.52

(0.5632 BTC)",Citra2016,"Views: 187 / Bids: Fixed price
Quantity left: Unlimited",25gram BK-2CB 99% Purity EU Ship,Psychedelics,2C-B,25gram BK-2CB 99% Purity EU Ship,"Sold by Citra2016 -
0 sold since Dec 3, 2016Î¾Î¾Vendor Level 4Î¾Trust Level 4",Purchase price: USD 692.52,17,Drugs & ChemicalsDrugs & Chemicals,Psychedelics,50x 13mg 2CB pill (Netto) Champagne Bottle  - FREE SHIPPING - Elisa-Yamaha -,"Buy price
USD 80.05

(0.0651 BTC)",Elisa-Yamaha,"Views: 93 / Bids: Fixed price
Quantity left: Unlimited",50x 13mg 2CB pill (Netto) Champagne Bottle  - FREE SHIPPING - Elisa-Yamaha -,Psychedelics,2C-B,50x 13mg 2CB pill (Netto) Champagne Bottle  - FREE...,"Sold by Elisa-Yamaha -
2 sold since Mar 14, 2017Î¾Î¾Vendor Level 6Î¾Trust Level 5",Purchase price: USD 80.05,10,Drugs & ChemicalsDrugs & Chemicals,Psychedelics,Š…æŠ…æNEWŠ…æ10 x 20 mg 2-CB PillsŠ…æNEWŠ…æŠ…æKostenlose VersandŠ…æŠ…æ,"Buy price
USD 27.24

(0.0222 BTC)",XTC-Factory,"Views: 92 / Bids: Fixed price
Quantity left: Unlimited",Š…æŠ…æNEWŠ…æ10 x 20 mg 2-CB PillsŠ…æNEWŠ…æŠ…æKostenlose VersandŠ…æŠ…æ,Psychedelics,2C-B,Š…æŠ…æNEWŠ…æ10 x 20 mg 2-CB PillsŠ…æNEWŠ…æŠ…æKostenlose Versan...,"Sold by XTC-Factory -
3 sold since Apr 9, 2017Î¾Î¾Vendor Level 7Î¾Trust Level 5",Purchase price: USD 27.24,10,Drugs & ChemicalsDrugs & Chemicals,Psychedelics,2gram BK-2CB 99% Purity EU Ship,"Buy price
USD 95.84

(0.0779 BTC)",Citra2016,"Views: 238 / Bids: Fixed price
Quantity left: Unlimited",2gram BK-2CB 99% Purity EU Ship,Psychedelics,2C-B,2gram BK-2CB 99% Purity EU Ship,"Sold by Citra2016 -
0 sold since Dec 3, 2016Î¾Î¾Vendor Level 4Î¾Trust Level 4",Purchase price: USD 95.84,14,Drugs & ChemicalsDrugs & Chemicals,Psychedelics,"2-CB 20mg, 250 Pills [USA ETC]","Buy price
USD 329.00

(0.2676 BTC)",Yourdrug,null,"2-CB 20mg, 250 Pills [USA ETC]",Psychedelics,2C-B,"2-CB 20mg, 250 Pills [USA ETC]","Sold by Yourdrug -
0 sold since Sep 10, 2016Î¾Î¾Vendor Level 10Î¾Trust Level 10",Purchase price: USD 329.00,13,Drugs & ChemicalsDrugs & Chemicals,Psychedelics,*Promotional offer* 500mg 2C-B HBr Powder - FREE SHIPPING - Elisa-Yamaha,"Buy price
USD 28.68

(0.0236 BTC)",Elisa-Yamaha,"Views: 2296 / Bids: Fixed price
Quantity left: 24",*Promotional offer* 500mg 2C-B HBr Powder - FREE SHIPPING - Elisa-Yamaha,Psychedelics,2C-B,*Promotional offer* 500mg 2C-B HBr Powder - FREE S...,"Sold by Elisa-Yamaha -
70 sold since Jun 12, 2016Î¾Î¾Vendor Level 6Î¾Trust Level 5",Purchase price: USD 28.68,2,Drugs & ChemicalsDrugs & Chemicals,Psychedelics,Š…Ä2CBŠ…Ä - 100mg // PURITY 99%,"Buy price
USD 21.00

(0.0171 BTC)",Aloha4Planet,"Views: 586 / Bids: Fixed price
Quantity left: Unlimited",Š…Ä2CBŠ…Ä - 100mg // PURITY 99%,Psychedelics,2C-B,Š…Ä2CBŠ…Ä - 100mg // PURITY 99%,"Sold by Aloha4Planet -
3 sold since Mar 26, 2016Î¾Î¾Vendor Level 1Î¾Trust Level 5",Purchase price: USD 21.00,9,Drugs & ChemicalsDrugs & Chemicals,Psychedelics,"2-CB 20mg,  100 Pills [GER+AT]","Buy price
USD 110.00

(0.0895 BTC)",Yourdrug,null,"2-CB 20mg,  100 Pills [GER+AT]",Psychedelics,2C-B,"2-CB 20mg,  100 Pills [GER+AT]","Sold by Yourdrug -
3 sold since Mar 30, 2017Î¾Î¾Vendor Level 10Î¾Trust Level 10",Purchase price: USD 110.00,10,Drugs & ChemicalsDrugs & Chemicals,Psychedelics,25x 2-CB 20mg | TOP QUALITY |  FREE SHIPPING!,"Buy price
USD 52.20

(0.0425 BTC)",Becel,"Views: 135 / Bids: Fixed price
Quantity left: Unlimited",25x 2-CB 20mg | TOP QUALITY |  FREE SHIPPING!,Psychedelics,2C-B,25x 2-CB 20mg | TOP QUALITY |  FREE SHIPPING!,"Sold by Becel -
0 sold since Dec 29, 2016Î¾Î¾Vendor Level 2Î¾Trust Level 4",Purchase price: USD 52.20,15,Drugs & ChemicalsDrugs & Chemicals,Psychedelics,500  x 1700mcg 25i-NBOH Blotters (Mario stars),"Buy price
USD 177.44

(0.1446 BTC)",eurotrips,"Views: 30 / Bids: Fixed price
Quantity left: Unlimited",500  x 1700mcg 25i-NBOH Blotters (Mario stars),Psychedelics,2C-B,500  x 1700mcg 25i-NBOH Blotters (Mario stars),"Sold by eurotrips -
0 sold since Mar 23, 2017Î¾Î¾Vendor Level 1Î¾Trust Level 3",Purchase price: USD 177.44,15,Drugs & ChemicalsDrugs & Chemicals,Psychedelics,TradeRoute Market - Free Pass to login!!!,"Buy price
USD 0.00

(0.0000 BTC)",oildabber,"Views: 86 / Bids: Fixed price
Quantity left: Unlimited",TradeRoute Market - Free Pass to login!!!,Psychedelics,2C-B,TradeRoute Market - Free Pass to login!!!,"Sold by oildabber -
0 sold since Feb 22, 2017Î¾Î¾Vendor Level 3Î¾Trust Level 5",Purchase price: USD 0.00,19,Drugs & ChemicalsDrugs & Chemicals,Psychedelics,100x 2cb pills 18mg,"Buy price
USD 313.40

(0.2549 BTC)",-DutchDynamite-,"Views: 317 / Bids: Fixed price
Quantity left: Unlimited",100x 2cb pills 18mg,Psychedelics,2C-B,100x 2cb pills 18mg,"Sold by -DutchDynamite- -
0 sold since Jun 28, 2016Î¾Î¾Vendor Level 1Î¾Trust Level 5",Purchase price: USD 313.40,,Drugs & ChemicalsDrugs & Chemicals,Psychedelics,10X Purple 2C-B_-=WSC High Class Products,"Buy price
USD 18.38

(0.0150 BTC)",WorldStarCandy,"Views: 519 / Bids: Fixed price
Quantity left: Unlimited",10X Purple 2C-B_-=WSC High Class Products,Psychedelics,2C-B,10X Purple 2C-B_-=WSC High Class Products,"Sold by WorldStarCandy -
16 sold since Nov 29, 2016Î¾Î¾Vendor Level 1Î¾Trust Level 4",Purchase price: USD 18.38,5,Drugs & ChemicalsDrugs & Chemicals,Psychedelics,25x 2-CB Pills || 18mg || Nijntje / Red Rabbit || Best Quality! || Free Shipping!,"Buy price
USD 105.99

(0.0862 BTC)",high-society,"Views: 413 / Bids: Fixed price
Quantity left: Unlimited",25x 2-CB Pills || 18mg || Nijntje / Red Rabbit || Best Quality! || Free Shipping!,Psychedelics,2C-B,25x 2-CB Pills || 18mg || Nijntje / Red Rabbit || ...,"Sold by high-society -
0 sold since Feb 24, 2016Î¾Î¾Vendor Level 5Î¾Trust Level 6",Purchase price: USD 105.99,13,Drugs & ChemicalsDrugs & Chemicals,Psychedelics,50 doses 2CB! - 1 Gram 2C-B HBr Powder - FREE SHIPPING - Elisa-Yamaha,"Buy price
USD 61.80

(0.0506 BTC)",Elisa-Yamaha,"Views: 1103 / Bids: Fixed price
Quantity left: 3",50 doses 2CB! - 1 Gram 2C-B HBr Powder - FREE SHIPPING - Elisa-Yamaha,Psychedelics,2C-B,50 doses 2CB! - 1 Gram 2C-B HBr Powder - FREE SHIP...,"Sold by Elisa-Yamaha -
18 sold since Jun 19, 2016Î¾Î¾Vendor Level 6Î¾Trust Level 5",Purchase price: USD 61.80,5,Drugs & ChemicalsDrugs & Chemicals,Psychedelics,250 x 2CB [Small orange 2CB Pill 17mg well pressed],"Buy price
USD 535.73

(0.4357 BTC)",DutchMalverde,null,250 x 2CB [Small orange 2CB Pill 17mg well pressed],Psychedelics,2C-B,250 x 2CB [Small orange 2CB Pill 17mg well pressed...,"Sold by DutchMalverde -
3 sold since Dec 17, 2015Î¾Î¾Vendor Level 6Î¾Trust Level 6",Purchase price: USD 535.73,10,Drugs & ChemicalsDrugs & Chemicals,Psychedelics,1000x 2CB hard pressed purple pills contains 17 mg pure 2CB!,"Buy price
USD 1,409.00

(1.1459 BTC)",ACAB2016,"Views: 211 / Bids: Fixed price
Quantity left: Unlimited",1000x 2CB hard pressed purple pills contains 17 mg pure 2CB!,Psychedelics,2C-B,1000x 2CB hard pressed purple pills contains 17 mg...,"Sold by ACAB2016 -
0 sold since Sep 11, 2016Î¾Î¾Vendor Level 1Î¾Trust Level 4","Purchase price: USD 1,409.00",17,Drugs & ChemicalsDrugs & Chemicals,Psychedelics,"2-CB 20mg , 1000 Pills [USA ETC]","Buy price
USD 1,181.00

(0.9605 BTC)",Yourdrug,null,"2-CB 20mg , 1000 Pills [USA ETC]",Psychedelics,2C-B,"2-CB 20mg , 1000 Pills [USA ETC]","Sold by Yourdrug -
0 sold since Sep 10, 2016Î¾Î¾Vendor Level 10Î¾Trust Level 10","Purchase price: USD 1,181.00",14,Drugs & ChemicalsDrugs & Chemicals,Psychedelics,"2-CB Pills 20 MG PROMOTION, 250 Pills FE [GER>WW]","Buy price
USD 244.00

(0.1984 BTC)",Amsterdaminc,"Views: 89 / Bids: Fixed price
Quantity left: Unlimited","2-CB Pills 20 MG PROMOTION, 250 Pills FE [GER>WW]",Psychedelics,2C-B,"2-CB Pills 20 MG PROMOTION, 250 Pills FE [GER>W...","Sold by Amsterdaminc -
0 sold since Apr 29, 2016Î¾Î¾Vendor Level 8Î¾Trust Level 6",Purchase price: USD 244.00,19,Drugs & ChemicalsDrugs & Chemicals,Psychedelics,"2-CB Pills 20 MG, 50 Pills ESCROW","Buy price
USD 61.00

(0.0496 BTC)",Amsterdaminc,null,"2-CB Pills 20 MG, 50 Pills ESCROW",Psychedelics,2C-B,"2-CB Pills 20 MG, 50 Pills ESCROW","Sold by Amsterdaminc -
4 sold since Apr 29, 2016Î¾Î¾Vendor Level 8Î¾Trust Level 6",Purchase price: USD 61.00,8,Drugs & ChemicalsDrugs & Chemicals,Psychedelics,"PROMO 2-CB Pills 20 MG PROMOTION, 10 Pills FE","Buy price
USD 15.00

(0.0123 BTC)",Amsterdaminc,"Views: 5831 / Bids: Fixed price
Quantity left: Unlimited","PROMO 2-CB Pills 20 MG PROMOTION, 10 Pills FE",Psychedelics,2C-B,"PROMO 2-CB Pills 20 MG PROMOTION, 10 Pills FE","Sold by Amsterdaminc -
177 sold since Apr 10, 2016Î¾Î¾Vendor Level 8Î¾Trust Level 6",Purchase price: USD 15.00,2,Drugs & ChemicalsDrugs & Chemicals,Psychedelics,25 pcs 2CB Pills 20MG,"Buy price
USD 41.76

(0.0342 BTC)",PachoHerrera,null,25 pcs 2CB Pills 20MG,Psychedelics,2C-B,25 pcs 2CB Pills 20MG,"Sold by PachoHerrera -
13 sold since Jan 3, 2017Î¾Î¾Vendor Level 4Î¾Trust Level 4",Purchase price: USD 41.76,6,Drugs & ChemicalsDrugs & Chemicals,Psychedelics,5 Geltabs 2C-E 10mg,"Buy price
USD 25.00

(0.0205 BTC)",Fapppylicious,null,5 Geltabs 2C-E 10mg,Psychedelics,2C-B,5 Geltabs 2C-E 10mg,"Sold by Fapppylicious -
12 sold since Jun 18, 2016Î¾Î¾Vendor Level 6Î¾Trust Level 6",Purchase price: USD 25.00,6,Drugs & ChemicalsDrugs & Chemicals,Psychedelics,"2-CB 20mg,  100 Pills [WW EXCL US]","Buy price
USD 116.00

(0.0949 BTC)",Yourdrug,null,"2-CB 20mg,  100 Pills [WW EXCL US]",Psychedelics,2C-B,"2-CB 20mg,  100 Pills [WW EXCL US]","Sold by Yourdrug -
15 sold since Sep 10, 2016Î¾Î¾Vendor Level 10Î¾Trust Level 10",Purchase price: USD 116.00,6,Drugs & ChemicalsDrugs & Chemicals,Psychedelics,250 pcs 2CB Pills 20MG,"Buy price
USD 354.95

(0.2887 BTC)",PachoHerrera,null,250 pcs 2CB Pills 20MG,Psychedelics,2C-B,250 pcs 2CB Pills 20MG,"Sold by PachoHerrera -
0 sold since Jan 3, 2017Î¾Î¾Vendor Level 4Î¾Trust Level 4",Purchase price: USD 354.95,13,Drugs & ChemicalsDrugs & Chemicals,Psychedelics,500mg 2-CB powder | TOP QUALITY | FREE SHIPPING,"Buy price
USD 36.56

(0.0297 BTC)",Becel,"Views: 178 / Bids: Fixed price
Quantity left: Unlimited",500mg 2-CB powder | TOP QUALITY | FREE SHIPPING,Psychedelics,2C-B,500mg 2-CB powder | TOP QUALITY | FREE SHIPPING,"Sold by Becel -
3 sold since Mar 26, 2017Î¾Î¾Vendor Level 2Î¾Trust Level 4",Purchase price: USD 36.56,10,Drugs & ChemicalsDrugs & Chemicals,Psychedelics,50x 2-CB 20mg | TOP QUALITY |  FREE SHIPPING!,"Buy price
USD 83.52

(0.0679 BTC)",Becel,"Views: 152 / Bids: Fixed price
Quantity left: Unlimited",50x 2-CB 20mg | TOP QUALITY |  FREE SHIPPING!,Psychedelics,2C-B,50x 2-CB 20mg | TOP QUALITY |  FREE SHIPPING!,"Sold by Becel -
0 sold since Dec 29, 2016Î¾Î¾Vendor Level 2Î¾Trust Level 4",Purchase price: USD 83.52,16,Drugs & ChemicalsDrugs & Chemicals,Psychedelics,5 x 2CB [Small orange 2CB Pill 17mg well pressed],"Buy price
USD 18.13

(0.0149 BTC)",DutchMalverde,null,5 x 2CB [Small orange 2CB Pill 17mg well pressed],Psychedelics,2C-B,5 x 2CB [Small orange 2CB Pill 17mg well pressed],"Sold by DutchMalverde -
37 sold since Dec 17, 2015Î¾Î¾Vendor Level 6Î¾Trust Level 6",Purchase price: USD 18.13,3,Drugs & ChemicalsDrugs & Chemicals,Psychedelics,1 pills Homer Simpson--20Mg 2Cb--,"Buy price
USD 5.43

(0.0044 BTC)",Sons-Of-Anarchy,"Views: 1240 / Bids: Fixed price
Quantity left: Unlimited",1 pills Homer Simpson--20Mg 2Cb--,Psychedelics,2C-B,1 pills Homer Simpson--20Mg 2Cb--,"Sold by Sons-Of-Anarchy -
21 sold since Nov 29, 2016Î¾Î¾Vendor Level 5Î¾Trust Level 4",Purchase price: USD 5.43,4,Drugs & ChemicalsDrugs & Chemicals,Psychedelics,2CB-Hcl 1g (50 to 100 doses),"Buy price
USD 367.29

(0.3005 BTC)",AussieImportPillsOriginal,null,2CB-Hcl 1g (50 to 100 doses),Psychedelics,2C-B,2CB-Hcl 1g (50 to 100 doses),"Sold by AussieImportPillsOriginal -
21 sold since Dec 18, 2016Î¾Î¾Vendor Level 9Î¾Trust Level 7",Purchase price: USD 367.29,4,Drugs & ChemicalsDrugs & Chemicals,Psychedelics,"25 x 2C-B pills (Champagne Bottles; high dose, 18-20mg)","Buy price
USD 92.69

(0.0755 BTC)",JonnyRambo,"Views: 94 / Bids: Fixed price
Quantity left: Unlimited","25 x 2C-B pills (Champagne Bottles; high dose, 18-20mg)",Psychedelics,2C-B,"25 x 2C-B pills (Champagne Bottles; high dose, 18-...","Sold by JonnyRambo -
1 sold since Mar 27, 2017Î¾Î¾Vendor Level 2Î¾Trust Level 3",Purchase price: USD 92.69,12,Drugs & ChemicalsDrugs & Chemicals,Psychedelics,"2-CB Pills 20 MG, 25 Pills ESCROW","Buy price
USD 39.00

(0.0317 BTC)",Amsterdaminc,null,"2-CB Pills 20 MG, 25 Pills ESCROW",Psychedelics,2C-B,"2-CB Pills 20 MG, 25 Pills ESCROW","Sold by Amsterdaminc -
5 sold since Apr 29, 2016Î¾Î¾Vendor Level 8Î¾Trust Level 6",Purchase price: USD 39.00,8,Drugs & ChemicalsDrugs & Chemicals,Psychedelics,500 pcs 2CB Pills 20MG,"Buy price
USD 626.38

(0.5094 BTC)",PachoHerrera,null,500 pcs 2CB Pills 20MG,Psychedelics,2C-B,500 pcs 2CB Pills 20MG,"Sold by PachoHerrera -
0 sold since Jan 3, 2017Î¾Î¾Vendor Level 4Î¾Trust Level 4",Purchase price: USD 626.38,16,Drugs & ChemicalsDrugs & Chemicals,Psychedelics,"2-CB 20mg,  500 Pills [GER+AT]","Buy price
USD 474.00

(0.3855 BTC)",Yourdrug,null,"2-CB 20mg,  500 Pills [GER+AT]",Psychedelics,2C-B,"2-CB 20mg,  500 Pills [GER+AT]","Sold by Yourdrug -
0 sold since Mar 30, 2017Î¾Î¾Vendor Level 10Î¾Trust Level 10",Purchase price: USD 474.00,14,Drugs & ChemicalsDrugs & Chemicals,Psychedelics,MICKEY MOUSE 2-CB 20mg -- 5 Pills--,"Buy price
USD 35.00

(0.0285 BTC)",madlyfooted,"Views: 38 / Bids: Fixed price
Quantity left: Unlimited",MICKEY MOUSE 2-CB 20mg -- 5 Pills--,Psychedelics,2C-B,MICKEY MOUSE 2-CB 20mg -- 5 Pills--,"Sold by madlyfooted -
0 sold since Mar 27, 2017Î¾Î¾Vendor Level 1Î¾Trust Level 3",Purchase price: USD 35.00,19,Drugs & ChemicalsDrugs & Chemicals,Psychedelics,$1.00 USD Buys One Lottery Ticket Š—– You Could Win 1.63 BTC Š—– Valid For Four Draws Š—– Winning Numbers Drawn Every Friday Š—– PLAY CASH PANDA**$$**What Are Your Lucky Numbers?,"Buy price
USD 1.00

(0.0008 BTC)",CashPanda,"Views: 81 / Bids: Fixed price
Quantity left: Unlimited",$1.00 USD Buys One Lottery Ticket Š—– You Could Win 1.63 BTC Š—– Valid For Four Draws Š—– Winning Numbers Drawn Every Friday Š—– PLAY CASH PANDA**$$**What Are Your Lucky Numbers?,Psychedelics,2C-B,$1.00 USD Buys One Lottery Ticket Š—– You Could Win ...,"Sold by CashPanda -
0 sold since Mar 11, 2017Î¾Î¾Vendor Level 1Î¾Trust Level 4",Purchase price: USD 1.00,13,Drugs & ChemicalsDrugs & Chemicals,Psychedelics,"Docklands - 25 x 2cb pills, UK Seller & Escrow","Buy price
USD 100.00

(0.0822 BTC)",Docklands,"Views: 1396 / Bids: Fixed price
Quantity left: Unlimited","Docklands - 25 x 2cb pills, UK Seller & Escrow",Psychedelics,2C-B,"Docklands - 25 x 2cb pills, UK Seller & Escrow","Sold by Docklands -
65 sold since Oct 30, 2016Î¾Î¾Vendor Level 8Î¾Trust Level 6",Purchase price: USD 100.00,2,Drugs & ChemicalsDrugs & Chemicals,Psychedelics,2C-B-FLY pellets 10mg     5 pellets,"Buy price
USD 40.13

(0.0326 BTC)",rgn,"Views: 216 / Bids: Fixed price
Quantity left: Unlimited",2C-B-FLY pellets 10mg     5 pellets,Psychedelics,2C-B,2C-B-FLY pellets 10mg     5 pellets,"Sold by rgn -
0 sold since Nov 16, 2016Î¾Î¾Vendor Level 7Î¾Trust Level 6",Purchase price: USD 40.13,14,Drugs & ChemicalsDrugs & Chemicals,Psychedelics,10x 2-CB Pills || 18mg || Nijntje / Red Rabbit || Best Quality!,"Buy price
USD 47.70

(0.0390 BTC)",high-society,"Views: 773 / Bids: Fixed price
Quantity left: Unlimited",10x 2-CB Pills || 18mg || Nijntje / Red Rabbit || Best Quality!,Psychedelics,2C-B,10x 2-CB Pills || 18mg || Nijntje / Red Rabbit || ...,"Sold by high-society -
13 sold since Feb 24, 2016Î¾Î¾Vendor Level 5Î¾Trust Level 6",Purchase price: USD 47.70,6,Drugs & ChemicalsDrugs & Chemicals,Psychedelics,*Promotional offer* 5 Gram 2C-B HBr Powder - FREE SHIPPING - Elisa-Yamaha,"Buy price
USD 209.72

(0.1724 BTC)",Elisa-Yamaha,"Views: 1182 / Bids: Fixed price
Quantity left: 4",*Promotional offer* 5 Gram 2C-B HBr Powder - FREE SHIPPING - Elisa-Yamaha,Psychedelics,2C-B,*Promotional offer* 5 Gram 2C-B HBr Powder - FREE ...,"Sold by Elisa-Yamaha -
29 sold since Sep 11, 2016Î¾Î¾Vendor Level 6Î¾Trust Level 5",Purchase price: USD 209.72,3,Drugs & ChemicalsDrugs & Chemicals,Psychedelics,10 Geltabs 2C-E 10mg,"Buy price
USD 41.50

(0.0340 BTC)",Fapppylicious,"Views: 713 / Bids: Fixed price
Quantity left: 10",10 Geltabs 2C-E 10mg,Psychedelics,2C-B,10 Geltabs 2C-E 10mg,"Sold by Fapppylicious -
12 sold since Jun 18, 2016Î¾Î¾Vendor Level 6Î¾Trust Level 6",Purchase price: USD 41.50,6,Drugs & ChemicalsDrugs & Chemicals,Psychedelics,25 x 10mg 2CB-FLY PIlls,"Buy price
USD 134.42

(0.1093 BTC)",eurotrips,"Views: 22 / Bids: Fixed price
Quantity left: Unlimited",25 x 10mg 2CB-FLY PIlls,Psychedelics,2C-B,25 x 10mg 2CB-FLY PIlls,"Sold by eurotrips -
0 sold since Mar 23, 2017Î¾Î¾Vendor Level 1Î¾Trust Level 3",Purchase price: USD 134.42,17,Drugs & ChemicalsDrugs & Chemicals,Psychedelics,25X 2 CB Capsules 18-20mg 99% Purity,"Buy price
USD 120.00

(0.0982 BTC)",LoveIsTheKey,null,25X 2 CB Capsules 18-20mg 99% Purity,Psychedelics,2C-B,25X 2 CB Capsules 18-20mg 99% Purity,"Sold by LoveIsTheKey -
7 sold since May 13, 2016Î¾Î¾Vendor Level 7Î¾Trust Level 6",Purchase price: USD 120.00,7,Drugs & ChemicalsDrugs & Chemicals,Psychedelics,NEW WORLD - FREE FOR ALL GOOD PEOPLE,"Buy price
USD 0.00

(0.0000 BTC)",ErvinCZ,"Views: 708 / Bids: Fixed price
Quantity left: Unlimited",NEW WORLD - FREE FOR ALL GOOD PEOPLE,Psychedelics,2C-B,NEW WORLD - FREE FOR ALL GOOD PEOPLE,"Sold by ErvinCZ -
8 sold since Oct 7, 2016Î¾Î¾Vendor Level 1Î¾Trust Level 5",Purchase price: USD 0.00,6,Drugs & ChemicalsDrugs & Chemicals,Psychedelics,5 pcs 2CB Pills 20MG,"Buy price
USD 11.48

(0.0094 BTC)",PachoHerrera,null,5 pcs 2CB Pills 20MG,Psychedelics,2C-B,5 pcs 2CB Pills 20MG,"Sold by PachoHerrera -
28 sold since Jan 3, 2017Î¾Î¾Vendor Level 4Î¾Trust Level 4",Purchase price: USD 11.48,4,Drugs & ChemicalsDrugs & Chemicals,Psychedelics,"2-CB 20mg , 10 Pills [GER+AT]","Buy price
USD 20.00

(0.0163 BTC)",Yourdrug,null,"2-CB 20mg , 10 Pills [GER+AT]",Psychedelics,2C-B,"2-CB 20mg , 10 Pills [GER+AT]","Sold by Yourdrug -
2 sold since Mar 30, 2017Î¾Î¾Vendor Level 10Î¾Trust Level 10",Purchase price: USD 20.00,10,Drugs & ChemicalsDrugs & Chemicals,Psychedelics,25X Purple 2C-B_-=WSC High Class Products,"Buy price
USD 44.17

(0.0360 BTC)",WorldStarCandy,"Views: 300 / Bids: Fixed price
Quantity left: Unlimited",25X Purple 2C-B_-=WSC High Class Products,Psychedelics,2C-B,25X Purple 2C-B_-=WSC High Class Products,"Sold by WorldStarCandy -
4 sold since Nov 29, 2016Î¾Î¾Vendor Level 1Î¾Trust Level 4",Purchase price: USD 44.17,9,Drugs & ChemicalsDrugs & Chemicals,Psychedelics,30mg M/30 Oxycodone - Roxy -Oxys USA to USA only!,"Buy price
USD 15.00

(0.0122 BTC)",PrestigeWorldwides,"Views: 61 / Bids: Fixed price
Quantity left: Unlimited",30mg M/30 Oxycodone - Roxy -Oxys USA to USA only!,Psychedelics,2C-B,30mg M/30 Oxycodone - Roxy -Oxys USA to USA only!,"Sold by PrestigeWorldwides -
0 sold since Apr 13, 2017Î¾Î¾Vendor Level 1Î¾Trust Level 4",Purchase price: USD 15.00,19,Drugs & ChemicalsDrugs & Chemicals,Psychedelics,100 x 10mg 2CB-FLY PIlls,"Buy price
USD 376.38

(0.3061 BTC)",eurotrips,"Views: 23 / Bids: Fixed price
Quantity left: Unlimited",100 x 10mg 2CB-FLY PIlls,Psychedelics,2C-B,100 x 10mg 2CB-FLY PIlls,"Sold by eurotrips -
0 sold since Mar 23, 2017Î¾Î¾Vendor Level 1Î¾Trust Level 3",Purchase price: USD 376.38,,Drugs & ChemicalsDrugs & Chemicals,Psychedelics,2000x 2CB Champagne bottle 20MG ! *TDS*,"Buy price
USD 2,394.45

(1.9474 BTC)",TheDutchShop,"Views: 192 / Bids: Fixed price
Quantity left: Unlimited",2000x 2CB Champagne bottle 20MG ! *TDS*,Psychedelics,2C-B,2000x 2CB Champagne bottle 20MG ! *TDS*,"Sold by TheDutchShop -
0 sold since Oct 12, 2016Î¾Î¾Vendor Level 1Î¾Trust Level 4","Purchase price: USD 2,394.45",17,Drugs & ChemicalsDrugs & Chemicals,Psychedelics,20mg 2-CB Gelcaps x2,"Buy price
USD 27.00

(0.0221 BTC)",joyneme89,"Views: 473 / Bids: Fixed price
Quantity left: 6",20mg 2-CB Gelcaps x2,Psychedelics,2C-B,20mg 2-CB Gelcaps x2,"Sold by joyneme89 -
22 sold since Feb 8, 2017Î¾Î¾Vendor Level 5Î¾Trust Level 6",Purchase price: USD 27.00,4,Drugs & ChemicalsDrugs & Chemicals,Psychedelics,2c-B tablet 'Netflix and Chill' 15mg  50 pcs,"Buy price
USD 133.74

(0.1088 BTC)",Depanage,"Views: 522 / Bids: Fixed price
Quantity left: Unlimited",2c-B tablet 'Netflix and Chill' 15mg  50 pcs,Psychedelics,2C-B,2c-B tablet 'Netflix and Chill' 15mg  50 p...,"Sold by Depanage -
1 sold since Apr 2, 2016Î¾Î¾Vendor Level 4Î¾Trust Level 5",Purchase price: USD 133.74,11,Drugs & ChemicalsDrugs & Chemicals,Psychedelics,50 pcs 2CB Pills 20MG,"Buy price
USD 78.30

(0.0638 BTC)",PachoHerrera,null,50 pcs 2CB Pills 20MG,Psychedelics,2C-B,50 pcs 2CB Pills 20MG,"Sold by PachoHerrera -
4 sold since Jan 3, 2017Î¾Î¾Vendor Level 4Î¾Trust Level 4",Purchase price: USD 78.30,9,Drugs & ChemicalsDrugs & Chemicals,Psychedelics,250  x 1700mcg 25i-NBOH Blotters (Mario stars),"Buy price
USD 91.41

(0.0743 BTC)",eurotrips,"Views: 30 / Bids: Fixed price
Quantity left: Unlimited",250  x 1700mcg 25i-NBOH Blotters (Mario stars),Psychedelics,2C-B,250  x 1700mcg 25i-NBOH Blotters (Mario stars),"Sold by eurotrips -
0 sold since Mar 23, 2017Î¾Î¾Vendor Level 1Î¾Trust Level 3",Purchase price: USD 91.41,17,Drugs & ChemicalsDrugs & Chemicals,Psychedelics,20mg 2-CB Gelcap x1,"Buy price
USD 15.00

(0.0123 BTC)",joyneme89,null,20mg 2-CB Gelcap x1,Psychedelics,2C-B,20mg 2-CB Gelcap x1,"Sold by joyneme89 -
15 sold since Feb 8, 2017Î¾Î¾Vendor Level 5Î¾Trust Level 6",Purchase price: USD 15.00,6,Drugs & ChemicalsDrugs & Chemicals,Psychedelics,50x 2CB hard pressed purple pills contains 17 mg pure 2CB!,"Buy price
USD 140.90

(0.1146 BTC)",ACAB2016,"Views: 219 / Bids: Fixed price
Quantity left: Unlimited",50x 2CB hard pressed purple pills contains 17 mg pure 2CB!,Psychedelics,2C-B,50x 2CB hard pressed purple pills contains 17 mg p...,"Sold by ACAB2016 -
0 sold since Sep 11, 2016Î¾Î¾Vendor Level 1Î¾Trust Level 4",Purchase price: USD 140.90,16,Drugs & ChemicalsDrugs & Chemicals,Psychedelics,50 x 2CB [Small orange 2CB Pill 17mg well pressed],"Buy price
USD 120.88

(0.0989 BTC)",DutchMalverde,null,50 x 2CB [Small orange 2CB Pill 17mg well pressed],Psychedelics,2C-B,50 x 2CB [Small orange 2CB Pill 17mg well pressed],"Sold by DutchMalverde -
7 sold since Dec 17, 2015Î¾Î¾Vendor Level 6Î¾Trust Level 6",Purchase price: USD 120.88,7,Drugs & ChemicalsDrugs & Chemicals,Psychedelics,25x 2cb pills 18mg,"Buy price
USD 93.47

(0.0760 BTC)",-DutchDynamite-,"Views: 312 / Bids: Fixed price
Quantity left: Unlimited",25x 2cb pills 18mg,Psychedelics,2C-B,25x 2cb pills 18mg,"Sold by -DutchDynamite- -
0 sold since Jun 28, 2016Î¾Î¾Vendor Level 1Î¾Trust Level 5",Purchase price: USD 93.47,17,Drugs & ChemicalsDrugs & Chemicals,Psychedelics,"2-CB 20mg , 25 Pills [GER+AT]","Buy price
USD 35.00

(0.0285 BTC)",Yourdrug,null,"2-CB 20mg , 25 Pills [GER+AT]",Psychedelics,2C-B,"2-CB 20mg , 25 Pills [GER+AT]","Sold by Yourdrug -
3 sold since Mar 30, 2017Î¾Î¾Vendor Level 10Î¾Trust Level 10",Purchase price: USD 35.00,9,Drugs & ChemicalsDrugs & Chemicals,Psychedelics,150x 2CB Armani 19 MG netto 2CB,"Buy price
USD 375.00

(0.3050 BTC)",SpaceFast,"Views: 96 / Bids: Fixed price
Quantity left: Unlimited",150x 2CB Armani 19 MG netto 2CB,Psychedelics,2C-B,150x 2CB Armani 19 MG netto 2CB,"Sold by SpaceFast -
0 sold since Feb 9, 2017Î¾Î¾Vendor Level 2Î¾Trust Level 4",Purchase price: USD 375.00,,Drugs & ChemicalsDrugs & Chemicals,Psychedelics,10x 2CB Armani 19 MG netto 2CB,"Buy price
USD 45.00

(0.0366 BTC)",SpaceFast,"Views: 196 / Bids: Fixed price
Quantity left: Unlimited",10x 2CB Armani 19 MG netto 2CB,Psychedelics,2C-B,10x 2CB Armani 19 MG netto 2CB,"Sold by SpaceFast -
1 sold since Feb 9, 2017Î¾Î¾Vendor Level 2Î¾Trust Level 4",Purchase price: USD 45.00,11,Drugs & ChemicalsDrugs & Chemicals,Psychedelics,"2-CB 20mg, 10 Pills [USA ETC]","Buy price
USD 26.00

(0.0213 BTC)",Yourdrug,null,"2-CB 20mg, 10 Pills [USA ETC]",Psychedelics,2C-B,"2-CB 20mg, 10 Pills [USA ETC]","Sold by Yourdrug -
7 sold since Sep 10, 2016Î¾Î¾Vendor Level 10Î¾Trust Level 10",Purchase price: USD 26.00,7,Drugs & ChemicalsDrugs & Chemicals,Psychedelics,25 pcs/stk 2C-B Champagneflasche Š—– 20mg,"Buy price
USD 106.38

(0.0865 BTC)",Infinity-Drugs.to,"Views: 139 / Bids: Fixed price
Quantity left: Unlimited",25 pcs/stk 2C-B Champagneflasche Š—– 20mg,Psychedelics,2C-B,25 pcs/stk 2C-B Champagneflasche Š—– 20mg,"Sold by Infinity-Drugs.to -
0 sold since Nov 22, 2016Î¾Î¾Vendor Level 1Î¾Trust Level 4",Purchase price: USD 106.38,16,Drugs & ChemicalsDrugs & Chemicals,Psychedelics,50 x 10mg 2CB-FLY PIlls,"Buy price
USD 204.32

(0.1662 BTC)",eurotrips,"Views: 33 / Bids: Fixed price
Quantity left: Unlimited",50 x 10mg 2CB-FLY PIlls,Psychedelics,2C-B,50 x 10mg 2CB-FLY PIlls,"Sold by eurotrips -
0 sold since Mar 23, 2017Î¾Î¾Vendor Level 1Î¾Trust Level 3",Purchase price: USD 204.32,17,Drugs & ChemicalsDrugs & Chemicals,Psychedelics,1g of 2C-B Hydrochloride salt,"Buy price
USD 115.00

(0.0941 BTC)",UnclePsychedelic,null,1g of 2C-B Hydrochloride salt,Psychedelics,2C-B,1g of 2C-B Hydrochloride salt,"Sold by UnclePsychedelic -
17 sold since Oct 5, 2015Î¾Î¾Vendor Level 6Î¾Trust Level 6",Purchase price: USD 115.00,5,Drugs & ChemicalsDrugs & Chemicals,Psychedelics,"2-CB Pills 20 MG, 1000 Pills FE","Buy price
USD 815.00

(0.6641 BTC)",Amsterdaminc,null,"2-CB Pills 20 MG, 1000 Pills FE",Psychedelics,2C-B,"2-CB Pills 20 MG, 1000 Pills FE","Sold by Amsterdaminc -
1 sold since May 14, 2016Î¾Î¾Vendor Level 8Î¾Trust Level 6",Purchase price: USD 815.00,12,Drugs & ChemicalsDrugs & Chemicals,Psychedelics,*Promotional offer* 10 Gram 2C-B HBr Powder - FREE SHIPPING - Elisa-Yamaha,"Buy price
USD 391.49

(0.3203 BTC)",Elisa-Yamaha,"Views: 660 / Bids: Fixed price
Quantity left: 7",*Promotional offer* 10 Gram 2C-B HBr Powder - FREE SHIPPING - Elisa-Yamaha,Psychedelics,2C-B,*Promotional offer* 10 Gram 2C-B HBr Powder - FREE...,"Sold by Elisa-Yamaha -
11 sold since Sep 11, 2016Î¾Î¾Vendor Level 6Î¾Trust Level 5",Purchase price: USD 391.49,6,Drugs & ChemicalsDrugs & Chemicals,Psychedelics,"2-CB 20mg,  250 Pills [WW EXCL US]","Buy price
USD 263.00

(0.2152 BTC)",Yourdrug,null,"2-CB 20mg,  250 Pills [WW EXCL US]",Psychedelics,2C-B,"2-CB 20mg,  250 Pills [WW EXCL US]","Sold by Yourdrug -
6 sold since Sep 10, 2016Î¾Î¾Vendor Level 10Î¾Trust Level 10",Purchase price: USD 263.00,7,Drugs & ChemicalsDrugs & Chemicals,Psychedelics,"Docklands - 3 x 2ce pills, UK Seller & Escrow","Buy price
USD 15.00

(0.0123 BTC)",Docklands,"Views: 3010 / Bids: Fixed price
Quantity left: Unlimited","Docklands - 3 x 2ce pills, UK Seller & Escrow",Psychedelics,2C-B,"Docklands - 3 x 2ce pills, UK Seller & Escrow","Sold by Docklands -
144 sold since Oct 8, 2016Î¾Î¾Vendor Level 8Î¾Trust Level 6",Purchase price: USD 15.00,2,Drugs & ChemicalsDrugs & Chemicals,Psychedelics,20x 2-CB PILLEN,"Buy price
USD 100.00

(0.0818 BTC)",EMS-CHEMIE,null,20x 2-CB PILLEN,Psychedelics,2C-B,20x 2-CB PILLEN,"Sold by EMS-CHEMIE -
7 sold since Apr 1, 2017Î¾Î¾Vendor Level 1Î¾Trust Level 3",Purchase price: USD 100.00,7,Drugs & ChemicalsDrugs & Chemicals,Psychedelics,"2-CB 20mg , 50 Pills [GER+AT]","Buy price
USD 60.00

(0.0488 BTC)",Yourdrug,null,"2-CB 20mg , 50 Pills [GER+AT]",Psychedelics,2C-B,"2-CB 20mg , 50 Pills [GER+AT]","Sold by Yourdrug -
2 sold since Mar 30, 2017Î¾Î¾Vendor Level 10Î¾Trust Level 10",Purchase price: USD 60.00,11,Drugs & ChemicalsDrugs & Chemicals,Psychedelics,75x 2CB hard pressed purple pills contains 17 mg pure 2CB!,"Buy price
USD 189.93

(0.1545 BTC)",ACAB2016,"Views: 219 / Bids: Fixed price
Quantity left: Unlimited",75x 2CB hard pressed purple pills contains 17 mg pure 2CB!,Psychedelics,2C-B,75x 2CB hard pressed purple pills contains 17 mg p...,"Sold by ACAB2016 -
0 sold since Sep 11, 2016Î¾Î¾Vendor Level 1Î¾Trust Level 4",Purchase price: USD 189.93,17,Drugs & ChemicalsDrugs & Chemicals,Psychedelics,100mg 2C-E (1 of Shulgin's Magical Half Dozen!) Must try psychedelic. Only place to buy in UK. Free delivery.,"Buy price
USD 18.72

(0.0152 BTC)",mycelium_man,null,100mg 2C-E (1 of Shulgin's Magical Half Dozen!) Must try psychedelic. Only place to buy in UK. Free delivery.,Psychedelics,2C-B,100mg 2C-E (1 of Shulgin's Magical Half Dozen!...,"Sold by mycelium_man -
5 sold since Apr 12, 2017Î¾Î¾Vendor Level 1Î¾Trust Level 3",null,8,Drugs & ChemicalsDrugs & Chemicals,Psychedelics,"2-CB Pills 20 MG PROMOTION, 100 Pills FE","Buy price
USD 93.00

(0.0764 BTC)",Amsterdaminc,"Views: 1849 / Bids: Fixed price
Quantity left: Unlimited","2-CB Pills 20 MG PROMOTION, 100 Pills FE",Psychedelics,2C-B,"2-CB Pills 20 MG PROMOTION, 100 Pills FE","Sold by Amsterdaminc -
58 sold since Apr 10, 2016Î¾Î¾Vendor Level 8Î¾Trust Level 6",Purchase price: USD 93.00,3,Drugs & ChemicalsDrugs & Chemicals,Psychedelics,"2-CB Pills 20 MG PROMOTION, 500 Pills FE [GER>WW]","Buy price
USD 481.00

(0.3912 BTC)",Amsterdaminc,null,"2-CB Pills 20 MG PROMOTION, 500 Pills FE [GER>WW]",Psychedelics,2C-B,"2-CB Pills 20 MG PROMOTION, 500 Pills FE [GER>W...","Sold by Amsterdaminc -
0 sold since Mar 31, 2017Î¾Î¾Vendor Level 8Î¾Trust Level 6",Purchase price: USD 481.00,19,Drugs & ChemicalsDrugs & Chemicals,Psychedelics,0.5G Lightbrown 2cb powder,"Buy price
USD 27.47

(0.0225 BTC)",PachoHerrera,null,0.5G Lightbrown 2cb powder,Psychedelics,2C-B,0.5G Lightbrown 2cb powder,"Sold by PachoHerrera -
20 sold since Nov 1, 2016Î¾Î¾Vendor Level 4Î¾Trust Level 4",Purchase price: USD 27.47,4,Drugs & ChemicalsDrugs & Chemicals,Psychedelics,0.75g of 2C-B Hydrochloride salt,"Buy price
USD 91.00

(0.0748 BTC)",UnclePsychedelic,"Views: 2992 / Bids: Fixed price
Quantity left: Unlimited",0.75g of 2C-B Hydrochloride salt,Psychedelics,2C-B,0.75g of 2C-B Hydrochloride salt,"Sold by UnclePsychedelic -
96 sold since Oct 5, 2015Î¾Î¾Vendor Level 6Î¾Trust Level 6",Purchase price: USD 91.00,2,Drugs & ChemicalsDrugs & Chemicals,Psychedelics,Š…ÄŠ…ÄŠ…Ä10 Pills 20mg Green Dutch 2CB SmileysŠ…ÄŠ…ÄŠ…Ä,"Buy price
USD 38.01

(0.0310 BTC)",LoveDrugsz,null,Š…ÄŠ…ÄŠ…Ä10 Pills 20mg Green Dutch 2CB SmileysŠ…ÄŠ…ÄŠ…Ä,Psychedelics,2C-B,Š…ÄŠ…ÄŠ…Ä10 Pills 20mg Green Dutch 2CB SmileysŠ…ÄŠ…ÄŠ…Ä,"Sold by LoveDrugsz -
0 sold since Mar 30, 2017Î¾Î¾Vendor Level 1Î¾Trust Level 3",Purchase price: USD 38.01,15,Drugs & ChemicalsDrugs & Chemicals,Psychedelics,"2-CB 20mg, 1000 Pills [WW EXCL US]","Buy price
USD 945.00

(0.7686 BTC)",Yourdrug,null,"2-CB 20mg, 1000 Pills [WW EXCL US]",Psychedelics,2C-B,"2-CB 20mg, 1000 Pills [WW EXCL US]","Sold by Yourdrug -
0 sold since Sep 10, 2016Î¾Î¾Vendor Level 10Î¾Trust Level 10",Purchase price: USD 945.00,14,Drugs & ChemicalsDrugs & Chemicals,Psychedelics,1G Lightbrown 2cb powder,"Buy price
USD 54.94

(0.0452 BTC)",PachoHerrera,null,1G Lightbrown 2cb powder,Psychedelics,2C-B,1G Lightbrown 2cb powder,"Sold by PachoHerrera -
33 sold since Nov 1, 2016Î¾Î¾Vendor Level 4Î¾Trust Level 4",Purchase price: USD 54.94,3,Drugs & ChemicalsDrugs & Chemicals,Psychedelics,"50x ""Green Mario"" 19mg 2-cb Pills Š“_FROM GERMANYŠ“_","Buy price
USD 163.69

(0.1339 BTC)",GermanDutchTeam,"Views: 546 / Bids: Fixed price
Quantity left: Unlimited","50x ""Green Mario"" 19mg 2-cb Pills Š“_FROM GERMANYŠ“_",Psychedelics,2C-B,"50x ""Green Mario"" 19mg 2-cb Pills Š“_FROM ...","Sold by GermanDutchTeam -
6 sold since Jun 29, 2016Î¾Î¾Vendor Level 7Î¾Trust Level 6",Purchase price: USD 163.69,7,Drugs & ChemicalsDrugs & Chemicals,Psychedelics,20x 2CB hard pressed purple pills contains 17 mg pure 2CB!,"Buy price
USD 64.81

(0.0527 BTC)",ACAB2016,"Views: 207 / Bids: Fixed price
Quantity left: Unlimited",20x 2CB hard pressed purple pills contains 17 mg pure 2CB!,Psychedelics,2C-B,20x 2CB hard pressed purple pills contains 17 mg p...,"Sold by ACAB2016 -
0 sold since Sep 11, 2016Î¾Î¾Vendor Level 1Î¾Trust Level 4",Purchase price: USD 64.81,19,Drugs & ChemicalsDrugs & Chemicals,Psychedelics,1000x 2CB Armani 19 MG netto 2CB,"Buy price
USD 1,850.00

(1.5046 BTC)",SpaceFast,"Views: 101 / Bids: Fixed price
Quantity left: Unlimited",1000x 2CB Armani 19 MG netto 2CB,Psychedelics,2C-B,1000x 2CB Armani 19 MG netto 2CB,"Sold by SpaceFast -
0 sold since Feb 9, 2017Î¾Î¾Vendor Level 2Î¾Trust Level 4","Purchase price: USD 1,850.00",,Drugs & ChemicalsDrugs & Chemicals,Psychedelics,1x || 2-CB Pill || 18 mg || CHAMPAGNE BOTTLES || FREE SHIPPING! ŠÈ«Š…Ä,"Buy price
USD 12.18

(0.0100 BTC)",HotStuff,Item # 102712 - Psychedelics / 2C-B,1x || 2-CB Pill || 18 mg || CHAMPAGNE BOTTLES || FREE SHIPPING! ŠÈ«Š…Ä,Psychedelics,2C-B,1x || 2-CB Pill || 18 mg || CHAMPAGNE BOTTLES || F...,"Sold by HotStuff -
95 sold since Feb 14, 2016Î¾Î¾Vendor Level 9Î¾Trust Level 8",null,2,Drugs & ChemicalsDrugs & Chemicals,Psychedelics,2000x 2CB Armani 19 MG netto 2CB,"Buy price
USD 3,300.00

(2.6999 BTC)",SpaceFast,"Views: 114 / Bids: Fixed price
Quantity left: Unlimited",2000x 2CB Armani 19 MG netto 2CB,Psychedelics,2C-B,2000x 2CB Armani 19 MG netto 2CB,"Sold by SpaceFast -
0 sold since Feb 9, 2017Î¾Î¾Vendor Level 2Î¾Trust Level 4","Purchase price: USD 3,300.00",18,Drugs & ChemicalsDrugs & Chemicals,Psychedelics,5G Uncut 2-cb Powder,"Buy price
USD 155.88

(0.1275 BTC)",Missmolly1,"Views: 1030 / Bids: Fixed price
Quantity left: Unlimited",5G Uncut 2-cb Powder,Psychedelics,2C-B,5G Uncut 2-cb Powder,"Sold by Missmolly1 -
19 sold since Feb 6, 2016Î¾Î¾Vendor Level 2Î¾Trust Level 4",Purchase price: USD 155.88,5,Drugs & ChemicalsDrugs & Chemicals,Psychedelics,"10 x 2C-B pills (Champagne Bottles; high dose, 18-20mg)","Buy price
USD 43.16

(0.0351 BTC)",JonnyRambo,"Views: 262 / Bids: Fixed price
Quantity left: Unlimited","10 x 2C-B pills (Champagne Bottles; high dose, 18-20mg)",Psychedelics,2C-B,"10 x 2C-B pills (Champagne Bottles; high dose, 18-...","Sold by JonnyRambo -
6 sold since Mar 27, 2017Î¾Î¾Vendor Level 2Î¾Trust Level 3",Purchase price: USD 43.16,8,Drugs & ChemicalsDrugs & Chemicals,Psychedelics,Š…æŠ…æNEUŠ…æ250 x 20 mg 2-CB PillsŠ…æNEUŠ…æŠ…æ,"Buy price
USD 465.41

(0.3793 BTC)",XTC-Factory,"Views: 89 / Bids: Fixed price
Quantity left: Unlimited",Š…æŠ…æNEUŠ…æ250 x 20 mg 2-CB PillsŠ…æNEUŠ…æŠ…æ,Psychedelics,2C-B,Š…æŠ…æNEUŠ…æ250 x 20 mg 2-CB PillsŠ…æNEUŠ…æŠ…æ,"Sold by XTC-Factory -
1 sold since Feb 10, 2017Î¾Î¾Vendor Level 7Î¾Trust Level 5",Purchase price: USD 465.41,12,Drugs & ChemicalsDrugs & Chemicals,Psychedelics,NEWEST Š…Ä2CB Š…ÄBRIGHT YELLOW MICKEY MOUSE Š…Ä20 x 14MGŠ…Ä NEW SPECIAL EDITIONŠ…Ä Fresh From Netherlands,"Buy price
USD 31.00

(0.0254 BTC)",AmsterdamLiquidXno1,null,NEWEST Š…Ä2CB Š…ÄBRIGHT YELLOW MICKEY MOUSE Š…Ä20 x 14MGŠ…Ä NEW SPECIAL EDITIONŠ…Ä Fresh From Netherlands,Psychedelics,2C-B,NEWEST Š…Ä2CB Š…ÄBRIGHT YELLOW MICKEY MOUSE Š…Ä20 x 14MG...,"Sold by AmsterdamLiquidXno1 -
15 sold since Oct 19, 2016Î¾Î¾Vendor Level 7Î¾Trust Level 6",Purchase price: USD 31.00,5,Drugs & ChemicalsDrugs & Chemicals,Psychedelics,SPECIAL DEAL || 50 || Gold Champange Bottle 22mg 2CB PILLS,"Buy price
USD 69.75

(0.0571 BTC)",Betty-Boop,null,SPECIAL DEAL || 50 || Gold Champange Bottle 22mg 2CB PILLS,Psychedelics,2C-B,SPECIAL DEAL || 50 || Gold Champange Bottle 22mg 2...,"Sold by Betty-Boop -
7 sold since Sep 23, 2016Î¾Î¾Vendor Level 6Î¾Trust Level 5",Purchase price: USD 69.75,7,Drugs & ChemicalsDrugs & Chemicals,Psychedelics,25 pills Homer Simpson--20Mg 2Cb--,"Buy price
USD 81.44

(0.0662 BTC)",Sons-Of-Anarchy,"Views: 98 / Bids: Fixed price
Quantity left: Unlimited",25 pills Homer Simpson--20Mg 2Cb--,Psychedelics,2C-B,25 pills Homer Simpson--20Mg 2Cb--,"Sold by Sons-Of-Anarchy -
1 sold since Nov 29, 2016Î¾Î¾Vendor Level 5Î¾Trust Level 4",Purchase price: USD 81.44,13,Drugs & ChemicalsDrugs & Chemicals,Psychedelics,1g 2-CB powder | TOP QUALITY | FREE SHIPPING,"Buy price
USD 69.90

(0.0569 BTC)",Becel,"Views: 284 / Bids: Fixed price
Quantity left: Unlimited",1g 2-CB powder | TOP QUALITY | FREE SHIPPING,Psychedelics,2C-B,1g 2-CB powder | TOP QUALITY | FREE SHIPPING,"Sold by Becel -
5 sold since Mar 26, 2017Î¾Î¾Vendor Level 2Î¾Trust Level 4",Purchase price: USD 69.90,8,Drugs & ChemicalsDrugs & Chemicals,Psychedelics,5 pills Homer Simpson--20Mg 2Cb--,"Buy price
USD 16.29

(0.0132 BTC)",Sons-Of-Anarchy,"Views: 497 / Bids: Fixed price
Quantity left: Unlimited",5 pills Homer Simpson--20Mg 2Cb--,Psychedelics,2C-B,5 pills Homer Simpson--20Mg 2Cb--,"Sold by Sons-Of-Anarchy -
5 sold since Nov 29, 2016Î¾Î¾Vendor Level 5Î¾Trust Level 4",Purchase price: USD 16.29,8,Drugs & ChemicalsDrugs & Chemicals,Psychedelics,100x 2CB hard pressed purple pills contains 17 mg pure 2CB!,"Buy price
USD 225.44

(0.1834 BTC)",ACAB2016,"Views: 209 / Bids: Fixed price
Quantity left: Unlimited",100x 2CB hard pressed purple pills contains 17 mg pure 2CB!,Psychedelics,2C-B,100x 2CB hard pressed purple pills contains 17 mg ...,"Sold by ACAB2016 -
0 sold since Sep 11, 2016Î¾Î¾Vendor Level 1Î¾Trust Level 4",Purchase price: USD 225.44,19,Drugs & ChemicalsDrugs & Chemicals,Psychedelics,2CB-Hcl 100mg (5 to 10 doses),"Buy price
USD 72.99

(0.0600 BTC)",AussieImportPillsOriginal,null,2CB-Hcl 100mg (5 to 10 doses),Psychedelics,2C-B,2CB-Hcl 100mg (5 to 10 doses),"Sold by AussieImportPillsOriginal -
101 sold since Dec 19, 2016Î¾Î¾Vendor Level 9Î¾Trust Level 7",Purchase price: USD 72.99,2,Drugs & ChemicalsDrugs & Chemicals,Psychedelics,"2-CB 20mg, 500 Pills [USA ETC]","Buy price
USD 624.00

(0.5075 BTC)",Yourdrug,null,"2-CB 20mg, 500 Pills [USA ETC]",Psychedelics,2C-B,"2-CB 20mg, 500 Pills [USA ETC]","Sold by Yourdrug -
2 sold since Sep 10, 2016Î¾Î¾Vendor Level 10Î¾Trust Level 10",Purchase price: USD 624.00,11,Drugs & ChemicalsDrugs & Chemicals,Psychedelics,100x 13mg 2CB pill (Netto) Champagne Bottle  - FREE SHIPPING - Elisa-Yamaha -,"Buy price
USD 153.69

(0.1252 BTC)",Elisa-Yamaha,"Views: 69 / Bids: Fixed price
Quantity left: Unlimited",100x 13mg 2CB pill (Netto) Champagne Bottle  - FREE SHIPPING - Elisa-Yamaha -,Psychedelics,2C-B,100x 13mg 2CB pill (Netto) Champagne Bottle  - FRE...,"Sold by Elisa-Yamaha -
1 sold since Mar 14, 2017Î¾Î¾Vendor Level 6Î¾Trust Level 5",Purchase price: USD 153.69,12,Drugs & ChemicalsDrugs & Chemicals,Psychedelics,Kombi 6Š…æ LSDŠ…æ2-CBŠ…æKOKAINŠ…æKETAMINEŠ…æ Besser Gibst NichtŠ…æŠ…æNEUŠ…æŠ…æ,"Buy price
USD 109.71

(0.0902 BTC)",XTC-Factory,"Views: 3557 / Bids: Fixed price
Quantity left: Unlimited",Kombi 6Š…æ LSDŠ…æ2-CBŠ…æKOKAINŠ…æKETAMINEŠ…æ Besser Gibst NichtŠ…æŠ…æNEUŠ…æŠ…æ,Psychedelics,2C-B,Kombi 6Š…æ LSDŠ…æ2-CBŠ…æKOKAINŠ…æKETAMINEŠ…æ Besser Gibst Ni...,"Sold by XTC-Factory -
76 sold since Aug 1, 2016Î¾Î¾Vendor Level 7Î¾Trust Level 5",Purchase price: USD 109.71,2,Drugs & ChemicalsDrugs & Chemicals,Psychedelics,"50 x 2C-B pills,  'Yellow Lions 18mg'   (for the best trip!)","Buy price
USD 130.11

(0.1065 BTC)",Best_Pure_Dope,"Views: 562 / Bids: Fixed price
Quantity left: Unlimited","50 x 2C-B pills,  'Yellow Lions 18mg'   (for the best trip!)",Psychedelics,2C-B,"50 x 2C-B pills,  'Yellow Lions 18mg'   (f...","Sold by Best_Pure_Dope -
7 sold since Dec 23, 2015Î¾Î¾Vendor Level 1Î¾Trust Level 5",Purchase price: USD 130.11,7,Drugs & ChemicalsDrugs & Chemicals,Psychedelics,5X Purple 2C-B_-=WSC High Class Products(Sample),"Buy price
USD 10.61

(0.0087 BTC)",WorldStarCandy,"Views: 1434 / Bids: Fixed price
Quantity left: Unlimited",5X Purple 2C-B_-=WSC High Class Products(Sample),Psychedelics,2C-B,5X Purple 2C-B_-=WSC High Class Products(Sample),"Sold by WorldStarCandy -
45 sold since Nov 29, 2016Î¾Î¾Vendor Level 1Î¾Trust Level 4",Purchase price: USD 10.61,3,Drugs & ChemicalsDrugs & Chemicals,Psychedelics,500X Purple 2C-B_-=WSC High Class Products,"Buy price
USD 764.08

(0.6214 BTC)",WorldStarCandy,"Views: 159 / Bids: Fixed price
Quantity left: Unlimited",500X Purple 2C-B_-=WSC High Class Products,Psychedelics,2C-B,500X Purple 2C-B_-=WSC High Class Products,"Sold by WorldStarCandy -
0 sold since Nov 30, 2016Î¾Î¾Vendor Level 1Î¾Trust Level 4",Purchase price: USD 764.08,19,Drugs & ChemicalsDrugs & Chemicals,Psychedelics,10 x 10mg 2CB-FLY PIlls,"Buy price
USD 64.52

(0.0525 BTC)",eurotrips,"Views: 36 / Bids: Fixed price
Quantity left: Unlimited",10 x 10mg 2CB-FLY PIlls,Psychedelics,2C-B,10 x 10mg 2CB-FLY PIlls,"Sold by eurotrips -
0 sold since Mar 23, 2017Î¾Î¾Vendor Level 1Î¾Trust Level 3",Purchase price: USD 64.52,,Drugs & ChemicalsDrugs & Chemicals,Psychedelics,"50gram Bk-2C-B Purity: 99,7% min EU Ship","Buy price
USD 947.86

(0.7709 BTC)",Citra2016,"Views: 211 / Bids: Fixed price
Quantity left: Unlimited","50gram Bk-2C-B Purity: 99,7% min EU Ship",Psychedelics,2C-B,"50gram Bk-2C-B Purity: 99,7% min EU Ship","Sold by Citra2016 -
0 sold since Nov 15, 2016Î¾Î¾Vendor Level 4Î¾Trust Level 4",Purchase price: USD 947.86,14,Drugs & ChemicalsDrugs & Chemicals,Psychedelics,"20 x 2C-B pills,  'Yellow Lions 18mg'   (for the best trip!)","Buy price
USD 62.89

(0.0515 BTC)",Best_Pure_Dope,"Views: 1537 / Bids: Fixed price
Quantity left: Unlimited","20 x 2C-B pills,  'Yellow Lions 18mg'   (for the best trip!)",Psychedelics,2C-B,"20 x 2C-B pills,  'Yellow Lions 18mg'   (f...","Sold by Best_Pure_Dope -
28 sold since Jul 30, 2015Î¾Î¾Vendor Level 1Î¾Trust Level 5",Purchase price: USD 62.89,4,Drugs & ChemicalsDrugs & Chemicals,Psychedelics,1G Uncut 2-cb Powder,"Buy price
USD 44.55

(0.0366 BTC)",Missmolly1,"Views: 2289 / Bids: Fixed price
Quantity left: Unlimited",1G Uncut 2-cb Powder,Psychedelics,2C-B,1G Uncut 2-cb Powder,"Sold by Missmolly1 -
39 sold since Feb 6, 2016Î¾Î¾Vendor Level 2Î¾Trust Level 4",Purchase price: USD 44.55,3,Drugs & ChemicalsDrugs & Chemicals,Psychedelics,"PACK PARTY 5 pills mdma 50% 50% speed,5 pills 2cb 15mg FREE SHIPING","Buy price
USD 15.93

(0.0130 BTC)",Sons-Of-Anarchy,"Views: 1334 / Bids: Fixed price
Quantity left: Unlimited","PACK PARTY 5 pills mdma 50% 50% speed,5 pills 2cb 15mg FREE SHIPING",Psychedelics,2C-B,"PACK PARTY 5 pills mdma 50% 50% speed,5 pills 2cb ...","Sold by Sons-Of-Anarchy -
27 sold since Nov 29, 2016Î¾Î¾Vendor Level 5Î¾Trust Level 4",Purchase price: USD 15.93,4,Drugs & ChemicalsDrugs & Chemicals,Psychedelics,"2-CB 20mg , 50 Pills [WW EXCL US]","Buy price
USD 63.00

(0.0518 BTC)",Yourdrug,null,"2-CB 20mg , 50 Pills [WW EXCL US]",Psychedelics,2C-B,"2-CB 20mg , 50 Pills [WW EXCL US]","Sold by Yourdrug -
29 sold since Sep 10, 2016Î¾Î¾Vendor Level 10Î¾Trust Level 10",Purchase price: USD 63.00,3,Drugs & ChemicalsDrugs & Chemicals,Psychedelics,100 pills Homer Simpson--20Mg 2Cb--,"Buy price
USD 195.46

(0.1590 BTC)",Sons-Of-Anarchy,"Views: 203 / Bids: Fixed price
Quantity left: Unlimited",100 pills Homer Simpson--20Mg 2Cb--,Psychedelics,2C-B,100 pills Homer Simpson--20Mg 2Cb--,"Sold by Sons-Of-Anarchy -
3 sold since Dec 15, 2016Î¾Î¾Vendor Level 5Î¾Trust Level 4",Purchase price: USD 195.46,10,Drugs & ChemicalsDrugs & Chemicals,Psychedelics,SUMMER BULK DEAL || 10 || Gold Champange Bottle 22mg 2CB PILLS,"Buy price
USD 16.10

(0.0132 BTC)",Betty-Boop,Item # 216216 - Psychedelics / 2C-B,SUMMER BULK DEAL || 10 || Gold Champange Bottle 22mg 2CB PILLS,Psychedelics,2C-B,SUMMER BULK DEAL || 10 || Gold Champange Bottle 22...,"Sold by Betty-Boop -
14 sold since Sep 23, 2016Î¾Î¾Vendor Level 6Î¾Trust Level 5",null,6,Drugs & ChemicalsDrugs & Chemicals,Psychedelics,2CB-Hcl 500mg (25 to 50 doses),"Buy price
USD 202.01

(0.1653 BTC)",AussieImportPillsOriginal,null,2CB-Hcl 500mg (25 to 50 doses),Psychedelics,2C-B,2CB-Hcl 500mg (25 to 50 doses),"Sold by AussieImportPillsOriginal -
28 sold since Dec 18, 2016Î¾Î¾Vendor Level 9Î¾Trust Level 7",Purchase price: USD 202.01,4,Drugs & ChemicalsDrugs & Chemicals,Psychedelics,*Promotional offer* 25 Gram 2C-B HBr Powder - FREE SHIPPING - Elisa-Yamaha,"Buy price
USD 845.40

(0.6917 BTC)",Elisa-Yamaha,"Views: 598 / Bids: Fixed price
Quantity left: 7",*Promotional offer* 25 Gram 2C-B HBr Powder - FREE SHIPPING - Elisa-Yamaha,Psychedelics,2C-B,*Promotional offer* 25 Gram 2C-B HBr Powder - FREE...,"Sold by Elisa-Yamaha -
7 sold since Sep 11, 2016Î¾Î¾Vendor Level 6Î¾Trust Level 5",Purchase price: USD 845.40,7,Drugs & ChemicalsDrugs & Chemicals,Psychedelics,25x 13mg 2CB pill (Netto) Champagne Bottle  - FREE SHIPPING - Elisa-Yamaha -,"Buy price
USD 46.96

(0.0382 BTC)",Elisa-Yamaha,"Views: 100 / Bids: Fixed price
Quantity left: Unlimited",25x 13mg 2CB pill (Netto) Champagne Bottle  - FREE SHIPPING - Elisa-Yamaha -,Psychedelics,2C-B,25x 13mg 2CB pill (Netto) Champagne Bottle  - FREE...,"Sold by Elisa-Yamaha -
2 sold since Mar 14, 2017Î¾Î¾Vendor Level 6Î¾Trust Level 5",Purchase price: USD 46.96,10,Drugs & ChemicalsDrugs & Chemicals,Psychedelics,"2-CB Pills 20 MG PROMOTION, 250 Pills FE","Buy price
USD 222.00

(0.1816 BTC)",Amsterdaminc,"Views: 712 / Bids: Fixed price
Quantity left: Unlimited","2-CB Pills 20 MG PROMOTION, 250 Pills FE",Psychedelics,2C-B,"2-CB Pills 20 MG PROMOTION, 250 Pills FE","Sold by Amsterdaminc -
16 sold since Apr 29, 2016Î¾Î¾Vendor Level 8Î¾Trust Level 6",Purchase price: USD 222.00,5,Drugs & ChemicalsDrugs & Chemicals,Psychedelics,Š…ÄŠ…ÄŠ…Ä25 Pills 20mg Green Dutch 2CB SmileysŠ…ÄŠ…ÄŠ…Ä,"Buy price
USD 81.44

(0.0662 BTC)",LoveDrugsz,null,Š…ÄŠ…ÄŠ…Ä25 Pills 20mg Green Dutch 2CB SmileysŠ…ÄŠ…ÄŠ…Ä,Psychedelics,2C-B,Š…ÄŠ…ÄŠ…Ä25 Pills 20mg Green Dutch 2CB SmileysŠ…ÄŠ…ÄŠ…Ä,"Sold by LoveDrugsz -
0 sold since Mar 30, 2017Î¾Î¾Vendor Level 1Î¾Trust Level 3",Purchase price: USD 81.44,13,Drugs & ChemicalsDrugs & Chemicals,Psychedelics,"Š…Ä2CBŠ…Ä - 0,5g // PURITY 99%","Buy price
USD 49.00

(0.0399 BTC)",Aloha4Planet,"Views: 568 / Bids: Fixed price
Quantity left: Unlimited","Š…Ä2CBŠ…Ä - 0,5g // PURITY 99%",Psychedelics,2C-B,"Š…Ä2CBŠ…Ä - 0,5g // PURITY 99%","Sold by Aloha4Planet -
2 sold since Mar 26, 2016Î¾Î¾Vendor Level 1Î¾Trust Level 5",Purchase price: USD 49.00,10,Drugs & ChemicalsDrugs & Chemicals,Psychedelics,5 pills 2C-B STARS/HIGH QUALITY AA+/18mg,"Buy price
USD 18.78

(0.0154 BTC)",lawyer92,null,5 pills 2C-B STARS/HIGH QUALITY AA+/18mg,Psychedelics,2C-B,5 pills 2C-B STARS/HIGH QUALITY AA+/18mg,"Sold by lawyer92 -
11 sold since Sep 29, 2016Î¾Î¾Vendor Level 3Î¾Trust Level 5",Purchase price: USD 18.78,6,Drugs & ChemicalsDrugs & Chemicals,Psychedelics,2.5g 2-CB powder | TOP QUALITY | FREE SHIPPING,"Buy price
USD 172.06

(0.1399 BTC)",Becel,"Views: 48 / Bids: Fixed price
Quantity left: Unlimited",2.5g 2-CB powder | TOP QUALITY | FREE SHIPPING,Psychedelics,2C-B,2.5g 2-CB powder | TOP QUALITY | FREE SHIPPING,"Sold by Becel -
0 sold since Mar 26, 2017Î¾Î¾Vendor Level 2Î¾Trust Level 4",Purchase price: USD 172.06,17,Drugs & ChemicalsDrugs & Chemicals,Psychedelics,100 pcs 2CB Pills 20MG,"Buy price
USD 146.16

(0.1189 BTC)",PachoHerrera,"Views: 175 / Bids: Fixed price
Quantity left: Unlimited",100 pcs 2CB Pills 20MG,Psychedelics,2C-B,100 pcs 2CB Pills 20MG,"Sold by PachoHerrera -
0 sold since Jan 3, 2017Î¾Î¾Vendor Level 4Î¾Trust Level 4",Purchase price: USD 146.16,13,Drugs & ChemicalsDrugs & Chemicals,Psychedelics,Š…ÄŠ…ÄŠ…Ä100 Pills 20mg Green Dutch 2CB SmileysŠ…ÄŠ…ÄŠ…Ä,"Buy price
USD 276.90

(0.2252 BTC)",LoveDrugsz,null,Š…ÄŠ…ÄŠ…Ä100 Pills 20mg Green Dutch 2CB SmileysŠ…ÄŠ…ÄŠ…Ä,Psychedelics,2C-B,Š…ÄŠ…ÄŠ…Ä100 Pills 20mg Green Dutch 2CB SmileysŠ…ÄŠ…ÄŠ…Ä,"Sold by LoveDrugsz -
0 sold since Mar 30, 2017Î¾Î¾Vendor Level 1Î¾Trust Level 3",Purchase price: USD 276.90,19,Drugs & ChemicalsDrugs & Chemicals,Psychedelics,10x 2-CB 20mg | TOP QUALITY |  FREE SHIPPING!,"Buy price
USD 26.10

(0.0212 BTC)",Becel,"Views: 185 / Bids: Fixed price
Quantity left: Unlimited",10x 2-CB 20mg | TOP QUALITY |  FREE SHIPPING!,Psychedelics,2C-B,10x 2-CB 20mg | TOP QUALITY |  FREE SHIPPING!,"Sold by Becel -
2 sold since Dec 29, 2016Î¾Î¾Vendor Level 2Î¾Trust Level 4",Purchase price: USD 26.10,11,Drugs & ChemicalsDrugs & Chemicals,Psychedelics,"Docklands - 100 x 2cb pills, UK Seller & Escrow","Buy price
USD 300.00

(0.2454 BTC)",Docklands,"Views: 693 / Bids: Fixed price
Quantity left: Unlimited","Docklands - 100 x 2cb pills, UK Seller & Escrow",Psychedelics,2C-B,"Docklands - 100 x 2cb pills, UK Seller & Escro...","Sold by Docklands -
8 sold since Oct 30, 2016Î¾Î¾Vendor Level 8Î¾Trust Level 6",Purchase price: USD 300.00,6,Drugs & ChemicalsDrugs & Chemicals,Psychedelics,"Docklands - 50 x 2ce pills, UK Seller & Escrow","Buy price
USD 175.00

(0.1423 BTC)",Docklands,"Views: 530 / Bids: Fixed price
Quantity left: Unlimited","Docklands - 50 x 2ce pills, UK Seller & Escrow",Psychedelics,2C-B,"Docklands - 50 x 2ce pills, UK Seller & Escrow","Sold by Docklands -
0 sold since Oct 30, 2016Î¾Î¾Vendor Level 8Î¾Trust Level 6",Purchase price: USD 175.00,14,Drugs & ChemicalsDrugs & Chemicals,Psychedelics,100X 2 CB Capsules 18-20mg 99% Purity,"Buy price
USD 350.00

(0.2847 BTC)",LoveIsTheKey,"Views: 1163 / Bids: Fixed price
Quantity left: Unlimited",100X 2 CB Capsules 18-20mg 99% Purity,Psychedelics,2C-B,100X 2 CB Capsules 18-20mg 99% Purity,"Sold by LoveIsTheKey -
5 sold since Sep 6, 2015Î¾Î¾Vendor Level 7Î¾Trust Level 6",Purchase price: USD 350.00,8,Drugs & ChemicalsDrugs & Chemicals,Psychedelics,2G Uncut 2-cb Powder,"Buy price
USD 83.51

(0.0683 BTC)",Missmolly1,"Views: 1021 / Bids: Fixed price
Quantity left: Unlimited",2G Uncut 2-cb Powder,Psychedelics,2C-B,2G Uncut 2-cb Powder,"Sold by Missmolly1 -
23 sold since Feb 6, 2016Î¾Î¾Vendor Level 2Î¾Trust Level 4",Purchase price: USD 83.51,4,Drugs & ChemicalsDrugs & Chemicals,Psychedelics,[SAMPLE] 50mg 2-CB powder | TOP QUALITY,"Buy price
USD 8.60

(0.0070 BTC)",Becel,"Views: 92 / Bids: Fixed price
Quantity left: Unlimited",[SAMPLE] 50mg 2-CB powder | TOP QUALITY,Psychedelics,2C-B,[SAMPLE] 50mg 2-CB powder | TOP QUALITY,"Sold by Becel -
1 sold since Mar 26, 2017Î¾Î¾Vendor Level 2Î¾Trust Level 4",Purchase price: USD 8.60,12,Drugs & ChemicalsDrugs & Chemicals,Psychedelics,5 pcs/stk 2C-B Champagneflasche Š—– 20mg,"Buy price
USD 31.91

(0.0260 BTC)",Infinity-Drugs.to,"Views: 147 / Bids: Fixed price
Quantity left: Unlimited",5 pcs/stk 2C-B Champagneflasche Š—– 20mg,Psychedelics,2C-B,5 pcs/stk 2C-B Champagneflasche Š—– 20mg,"Sold by Infinity-Drugs.to -
0 sold since Nov 22, 2016Î¾Î¾Vendor Level 1Î¾Trust Level 4",Purchase price: USD 31.91,16,Drugs & ChemicalsDrugs & Chemicals,Psychedelics,*PROMO* 0.25 Gram 2C-B HBr Powder  - FREE SHIPPING - Elisa-Yamaha -,"Buy price
USD 18.78

(0.0154 BTC)",Elisa-Yamaha,"Views: 244 / Bids: Fixed price
Quantity left: 32",*PROMO* 0.25 Gram 2C-B HBr Powder  - FREE SHIPPING - Elisa-Yamaha -,Psychedelics,2C-B,*PROMO* 0.25 Gram 2C-B HBr Powder  - FREE SHIPPING...,"Sold by Elisa-Yamaha -
16 sold since Mar 6, 2017Î¾Î¾Vendor Level 6Î¾Trust Level 5",Purchase price: USD 18.78,5,Drugs & ChemicalsDrugs & Chemicals,Psychedelics,5 x 20mg 2C-B Kapsler. Pure And Very High Quality!,"Buy price
USD 105.00

(0.0854 BTC)",NorDrugs,null,5 x 20mg 2C-B Kapsler. Pure And Very High Quality!,Psychedelics,2C-B,5 x 20mg 2C-B Kapsler. Pure And Very High Quality!,"Sold by NorDrugs -
0 sold since Oct 12, 2016Î¾Î¾Vendor Level 1Î¾Trust Level 4",Purchase price: USD 105.00,16,Drugs & ChemicalsDrugs & Chemicals,Psychedelics,200x 2-CB PILLEN,"Buy price
USD 700.00

(0.5693 BTC)",EMS-CHEMIE,"Views: 23 / Bids: Fixed price
Quantity left: Unlimited",200x 2-CB PILLEN,Psychedelics,2C-B,200x 2-CB PILLEN,"Sold by EMS-CHEMIE -
0 sold since Apr 1, 2017Î¾Î¾Vendor Level 1Î¾Trust Level 3",Purchase price: USD 700.00,16,Drugs & ChemicalsDrugs & Chemicals,Psychedelics,5x 2cb pills 18mg,"Buy price
USD 21.99

(0.0179 BTC)",-DutchDynamite-,"Views: 434 / Bids: Fixed price
Quantity left: Unlimited",5x 2cb pills 18mg,Psychedelics,2C-B,5x 2cb pills 18mg,"Sold by -DutchDynamite- -
2 sold since Jun 28, 2016Î¾Î¾Vendor Level 1Î¾Trust Level 5",Purchase price: USD 21.99,11,Drugs & ChemicalsDrugs & Chemicals,Psychedelics,50 tablets Homer Simpson--20Mg 2-Cb--,"Buy price
USD 108.59

(0.0883 BTC)",Sons-Of-Anarchy,"Views: 91 / Bids: Fixed price
Quantity left: Unlimited",50 tablets Homer Simpson--20Mg 2-Cb--,Psychedelics,2C-B,50 tablets Homer Simpson--20Mg 2-Cb--,"Sold by Sons-Of-Anarchy -
0 sold since Nov 29, 2016Î¾Î¾Vendor Level 5Î¾Trust Level 4",Purchase price: USD 108.59,16,Drugs & ChemicalsDrugs & Chemicals,Psychedelics,Š…Ä2CBŠ…Ä - 250mg // PURITY 99%,"Buy price
USD 38.00

(0.0310 BTC)",Aloha4Planet,"Views: 420 / Bids: Fixed price
Quantity left: Unlimited",Š…Ä2CBŠ…Ä - 250mg // PURITY 99%,Psychedelics,2C-B,Š…Ä2CBŠ…Ä - 250mg // PURITY 99%,"Sold by Aloha4Planet -
1 sold since Mar 26, 2016Î¾Î¾Vendor Level 1Î¾Trust Level 5",Purchase price: USD 38.00,12,Drugs & ChemicalsDrugs & Chemicals,Psychedelics,"2-CB Pills 20 MG, 100 Pills ESCROW","Buy price
USD 120.00

(0.0976 BTC)",Amsterdaminc,null,"2-CB Pills 20 MG, 100 Pills ESCROW",Psychedelics,2C-B,"2-CB Pills 20 MG, 100 Pills ESCROW","Sold by Amsterdaminc -
5 sold since Apr 29, 2016Î¾Î¾Vendor Level 8Î¾Trust Level 6",Purchase price: USD 120.00,8,Drugs & ChemicalsDrugs & Chemicals,Psychedelics,10 x 2CB [Small orange 2CB Pill 17mg well pressed],"Buy price
USD 30.77

(0.0253 BTC)",DutchMalverde,null,10 x 2CB [Small orange 2CB Pill 17mg well pressed],Psychedelics,2C-B,10 x 2CB [Small orange 2CB Pill 17mg well pressed],"Sold by DutchMalverde -
31 sold since Dec 17, 2015Î¾Î¾Vendor Level 6Î¾Trust Level 6",Purchase price: USD 30.77,3,Drugs & ChemicalsDrugs & Chemicals,Psychedelics,50X 2 CB Capsules 18-20mg 99% Purity,"Buy price
USD 230.00

(0.1871 BTC)",LoveIsTheKey,"Views: 1352 / Bids: Fixed price
Quantity left: Unlimited",50X 2 CB Capsules 18-20mg 99% Purity,Psychedelics,2C-B,50X 2 CB Capsules 18-20mg 99% Purity,"Sold by LoveIsTheKey -
6 sold since Sep 6, 2015Î¾Î¾Vendor Level 7Î¾Trust Level 6",Purchase price: USD 230.00,8,Drugs & ChemicalsDrugs & Chemicals,Psychedelics,2500x 2CB Armani 19 MG netto 2CB,"Buy price
USD 4,000.00

(3.2532 BTC)",SpaceFast,"Views: 117 / Bids: Fixed price
Quantity left: Unlimited",2500x 2CB Armani 19 MG netto 2CB,Psychedelics,2C-B,2500x 2CB Armani 19 MG netto 2CB,"Sold by SpaceFast -
0 sold since Feb 9, 2017Î¾Î¾Vendor Level 2Î¾Trust Level 4","Purchase price: USD 4,000.00",16,Drugs & ChemicalsDrugs & Chemicals,Psychedelics,"2-CB 20mg , 25 Pills [USA ETC]","Buy price
USD 46.00

(0.0374 BTC)",Yourdrug,null,"2-CB 20mg , 25 Pills [USA ETC]",Psychedelics,2C-B,"2-CB 20mg , 25 Pills [USA ETC]","Sold by Yourdrug -
4 sold since Sep 10, 2016Î¾Î¾Vendor Level 10Î¾Trust Level 10",Purchase price: USD 46.00,8,Drugs & ChemicalsDrugs & Chemicals,Psychedelics,100 x 1700mcg 25i-NBOH Blotters (Mario stars),"Buy price
USD 59.15

(0.0481 BTC)",eurotrips,"Views: 26 / Bids: Fixed price
Quantity left: Unlimited",100 x 1700mcg 25i-NBOH Blotters (Mario stars),Psychedelics,2C-B,100 x 1700mcg 25i-NBOH Blotters (Mario stars),"Sold by eurotrips -
0 sold since Mar 23, 2017Î¾Î¾Vendor Level 1Î¾Trust Level 3",Purchase price: USD 59.15,17,Drugs & ChemicalsDrugs & Chemicals,Psychedelics,"100x ""Green Mario"" 19mg 2-cb Pills Š“_FROM GERMANYŠ“_","Buy price
USD 306.26

(0.2491 BTC)",GermanDutchTeam,"Views: 392 / Bids: Fixed price
Quantity left: Unlimited","100x ""Green Mario"" 19mg 2-cb Pills Š“_FROM GERMANYŠ“_",Psychedelics,2C-B,"100x ""Green Mario"" 19mg 2-cb Pills Š“_FROM...","Sold by GermanDutchTeam -
2 sold since Jun 29, 2016Î¾Î¾Vendor Level 7Î¾Trust Level 6",Purchase price: USD 306.26,11,Drugs & ChemicalsDrugs & Chemicals,Psychedelics,10 pills Homer Simpson--20Mg 2Cb--,"Buy price
USD 32.58

(0.0267 BTC)",Sons-Of-Anarchy,"Views: 362 / Bids: Fixed price
Quantity left: Unlimited",10 pills Homer Simpson--20Mg 2Cb--,Psychedelics,2C-B,10 pills Homer Simpson--20Mg 2Cb--,"Sold by Sons-Of-Anarchy -
6 sold since Nov 29, 2016Î¾Î¾Vendor Level 5Î¾Trust Level 4",Purchase price: USD 32.58,7,Drugs & ChemicalsDrugs & Chemicals,Psychedelics,ŠÈ_ŠÈ_5 Gram 2CB powder Die beste Qualit’_t gut f’_r 250 Dosen!!! AAA+++ŠÈ_ŠÈ_,"Buy price
USD 313.45

(0.2554 BTC)",XTC-Factory,"Views: 10 / Bids: Fixed price
Quantity left: Unlimited",ŠÈ_ŠÈ_5 Gram 2CB powder Die beste Qualit’_t gut f’_r 250 Dosen!!! AAA+++ŠÈ_ŠÈ_,Psychedelics,2C-B,ŠÈ_ŠÈ_5 Gram 2CB powder Die beste Qualit’_t gut f’_r 250...,"Sold by XTC-Factory -
1 sold since Apr 21, 2017Î¾Î¾Vendor Level 7Î¾Trust Level 5",Purchase price: USD 313.45,12,Drugs & ChemicalsDrugs & Chemicals,Psychedelics,10G Uncut 2-cb Powder,"Buy price
USD 289.50

(0.2369 BTC)",Missmolly1,"Views: 771 / Bids: Fixed price
Quantity left: Unlimited",10G Uncut 2-cb Powder,Psychedelics,2C-B,10G Uncut 2-cb Powder,"Sold by Missmolly1 -
8 sold since Feb 6, 2016Î¾Î¾Vendor Level 2Î¾Trust Level 4",Purchase price: USD 289.50,6,Drugs & ChemicalsDrugs & Chemicals,Psychedelics,2C-B Pill || Dutch Quality 2C-B pill || High Dose 12 mg 2C-B,"Buy price
USD 3.20

(0.0026 BTC)",Dutchdrugz,"Views: 3101 / Bids: Fixed price
Quantity left: Unlimited",2C-B Pill || Dutch Quality 2C-B pill || High Dose 12 mg 2C-B,Psychedelics,2C-B,2C-B Pill || Dutch Quality 2C-B pill || High Dose ...,"Sold by Dutchdrugz -
106 sold since Oct 16, 2016Î¾Î¾Vendor Level 5Î¾Trust Level 6",Purchase price: USD 3.20,2,Drugs & ChemicalsDrugs & Chemicals,Psychedelics,10x || 2C-E 2-CE Pills || 10-15 mg || USA DOMESTIC,"Buy price
USD 48.00

(0.0393 BTC)",rompster,"Views: 847 / Bids: Fixed price
Quantity left: Unlimited",10x || 2C-E 2-CE Pills || 10-15 mg || USA DOMESTIC,Psychedelics,2C-B,10x || 2C-E 2-CE Pills || 10-15 mg || USA DOMESTIC,"Sold by rompster -
9 sold since Nov 19, 2016Î¾Î¾Vendor Level 3Î¾Trust Level 4",Purchase price: USD 48.00,6,Drugs & ChemicalsDrugs & Chemicals,Psychedelics,10x 35mg 2C-B Gel blotters || A+ QUALITY || FREE SHIPPING || from Brazil Med,"Buy price
USD 64.00

(0.0521 BTC)",BrazilMed,"Views: 331 / Bids: Fixed price
Quantity left: Unlimited",10x 35mg 2C-B Gel blotters || A+ QUALITY || FREE SHIPPING || from Brazil Med,Psychedelics,2C-B,10x 35mg 2C-B Gel blotters || A+ QUALITY || FREE S...,"Sold by BrazilMed -
2 sold since Mar 15, 2017Î¾Î¾Vendor Level 4Î¾Trust Level 5",Purchase price: USD 64.00,11,Drugs & ChemicalsDrugs & Chemicals,Psychedelics,"Docklands - 100 x 2ce pills, UK Seller & Escrow","Buy price
USD 300.00

(0.2440 BTC)",Docklands,"Views: 501 / Bids: Fixed price
Quantity left: Unlimited","Docklands - 100 x 2ce pills, UK Seller & Escrow",Psychedelics,2C-B,"Docklands - 100 x 2ce pills, UK Seller & Escro...","Sold by Docklands -
0 sold since Oct 30, 2016Î¾Î¾Vendor Level 8Î¾Trust Level 6",Purchase price: USD 300.00,14,Drugs & ChemicalsDrugs & Chemicals,Psychedelics,"100 x 2C-B pills,  'Yellow Lions 18mg'   (for the best trip!)","Buy price
USD 228.56

(0.1863 BTC)",Best_Pure_Dope,"Views: 356 / Bids: Fixed price
Quantity left: Unlimited","100 x 2C-B pills,  'Yellow Lions 18mg'   (for the best trip!)",Psychedelics,2C-B,"100 x 2C-B pills,  'Yellow Lions 18mg'   (...","Sold by Best_Pure_Dope -
1 sold since Dec 23, 2015Î¾Î¾Vendor Level 1Î¾Trust Level 5",Purchase price: USD 228.56,12,Drugs & ChemicalsDrugs & Chemicals,Psychedelics,1500x 2CB Armani 19 MG netto 2CB,"Buy price
USD 2,550.00

(2.0780 BTC)",SpaceFast,"Views: 107 / Bids: Fixed price
Quantity left: Unlimited",1500x 2CB Armani 19 MG netto 2CB,Psychedelics,2C-B,1500x 2CB Armani 19 MG netto 2CB,"Sold by SpaceFast -
0 sold since Feb 9, 2017Î¾Î¾Vendor Level 2Î¾Trust Level 4","Purchase price: USD 2,550.00",15,Drugs & ChemicalsDrugs & Chemicals,Psychedelics,1 x trial offer 2CB hard pressed purple pills contains 17 mg pure 2CB!,"Buy price
USD 4.46

(0.0036 BTC)",ACAB2016,"Views: 446 / Bids: Fixed price
Quantity left: Unlimited",1 x trial offer 2CB hard pressed purple pills contains 17 mg pure 2CB!,Psychedelics,2C-B,1 x trial offer 2CB hard pressed purple pills cont...,"Sold by ACAB2016 -
0 sold since Jul 30, 2016Î¾Î¾Vendor Level 1Î¾Trust Level 4",null,,Drugs & ChemicalsDrugs & Chemicals,Psychedelics,"2-CB 20mg, 100 Pills [USA ETC]","Buy price
USD 145.00

(0.1179 BTC)",Yourdrug,null,"2-CB 20mg, 100 Pills [USA ETC]",Psychedelics,2C-B,"2-CB 20mg, 100 Pills [USA ETC]","Sold by Yourdrug -
2 sold since Sep 10, 2016Î¾Î¾Vendor Level 10Î¾Trust Level 10",Purchase price: USD 145.00,10,Drugs & ChemicalsDrugs & Chemicals,Psychedelics,5x 13mg 2CB pill (Netto) Champagne Bottle  - FREE SHIPPING - Elisa-Yamaha -,"Buy price
USD 14.41

(0.0117 BTC)",Elisa-Yamaha,"Views: 193 / Bids: Fixed price
Quantity left: Unlimited",5x 13mg 2CB pill (Netto) Champagne Bottle  - FREE SHIPPING - Elisa-Yamaha -,Psychedelics,2C-B,5x 13mg 2CB pill (Netto) Champagne Bottle  - FREE ...,"Sold by Elisa-Yamaha -
3 sold since Mar 14, 2017Î¾Î¾Vendor Level 6Î¾Trust Level 5",Purchase price: USD 14.41,9,Drugs & ChemicalsDrugs & Chemicals,Psychedelics,1000x 2CB Champagne bottle 20MG ! *TDS*,"Buy price
USD 1,336.44

(1.0869 BTC)",TheDutchShop,"Views: 198 / Bids: Fixed price
Quantity left: Unlimited",1000x 2CB Champagne bottle 20MG ! *TDS*,Psychedelics,2C-B,1000x 2CB Champagne bottle 20MG ! *TDS*,"Sold by TheDutchShop -
0 sold since Oct 12, 2016Î¾Î¾Vendor Level 1Î¾Trust Level 4","Purchase price: USD 1,336.44",16,Drugs & ChemicalsDrugs & Chemicals,Psychedelics,Š…Ä2CBŠ…Ä - 1g // PURITY 99%,"Buy price
USD 75.00

(0.0614 BTC)",Aloha4Planet,"Views: 942 / Bids: Fixed price
Quantity left: Unlimited",Š…Ä2CBŠ…Ä - 1g // PURITY 99%,Psychedelics,2C-B,Š…Ä2CBŠ…Ä - 1g // PURITY 99%,"Sold by Aloha4Planet -
7 sold since Mar 26, 2016Î¾Î¾Vendor Level 1Î¾Trust Level 5",Purchase price: USD 75.00,7,Drugs & ChemicalsDrugs & Chemicals,Psychedelics,50gram 2C-E 99% Purity USA/EU Ship,"Buy price
USD 1,438.31

(1.1698 BTC)",Citra2016,"Views: 216 / Bids: Fixed price
Quantity left: Unlimited",50gram 2C-E 99% Purity USA/EU Ship,Psychedelics,2C-B,50gram 2C-E 99% Purity USA/EU Ship,"Sold by Citra2016 -
0 sold since Dec 8, 2016Î¾Î¾Vendor Level 4Î¾Trust Level 4","Purchase price: USD 1,438.31",16,Drugs & ChemicalsDrugs & Chemicals,Psychedelics,2x 2cb pills 18mg,"Buy price
USD 8.80

(0.0072 BTC)",-DutchDynamite-,"Views: 1116 / Bids: Fixed price
Quantity left: Unlimited",2x 2cb pills 18mg,Psychedelics,2C-B,2x 2cb pills 18mg,"Sold by -DutchDynamite- -
16 sold since Jun 28, 2016Î¾Î¾Vendor Level 1Î¾Trust Level 5",Purchase price: USD 8.80,5,Drugs & ChemicalsDrugs & Chemicals,Psychedelics,"2-CB 20mg, 1000 Pills [GER+AT]","Buy price
USD 898.00

(0.7303 BTC)",Yourdrug,null,"2-CB 20mg, 1000 Pills [GER+AT]",Psychedelics,2C-B,"2-CB 20mg, 1000 Pills [GER+AT]","Sold by Yourdrug -
0 sold since Mar 30, 2017Î¾Î¾Vendor Level 10Î¾Trust Level 10",Purchase price: USD 898.00,13,Drugs & ChemicalsDrugs & Chemicals,Psychedelics,25x Champagne Bottle 2-CB 16mg,"Buy price
USD 89.48

(0.0735 BTC)",WeRoll,"Views: 2046 / Bids: Fixed price
Quantity left: Unlimited",25x Champagne Bottle 2-CB 16mg,Psychedelics,2C-B,25x Champagne Bottle 2-CB 16mg,"Sold by WeRoll -
64 sold since Feb 23, 2016Î¾Î¾Vendor Level 8Î¾Trust Level 7",Purchase price: USD 89.48,3,Drugs & ChemicalsDrugs & Chemicals,Psychedelics,50x Champagne Bottle 2-CB 16mg,"Buy price
USD 163.17

(0.1335 BTC)",WeRoll,null,50x Champagne Bottle 2-CB 16mg,Psychedelics,2C-B,50x Champagne Bottle 2-CB 16mg,"Sold by WeRoll -
16 sold since Feb 23, 2016Î¾Î¾Vendor Level 8Î¾Trust Level 7",Purchase price: USD 163.17,5,Drugs & ChemicalsDrugs & Chemicals,Psychedelics,"Docklands - 50 x 2cb pills, UK Seller & Escrow","Buy price
USD 175.00

(0.1432 BTC)",Docklands,"Views: 632 / Bids: Fixed price
Quantity left: Unlimited","Docklands - 50 x 2cb pills, UK Seller & Escrow",Psychedelics,2C-B,"Docklands - 50 x 2cb pills, UK Seller & Escrow","Sold by Docklands -
13 sold since Oct 30, 2016Î¾Î¾Vendor Level 8Î¾Trust Level 6",Purchase price: USD 175.00,6,Drugs & ChemicalsDrugs & Chemicals,Psychedelics,2CB-Hcl 250mg (12 to 25 doses),"Buy price
USD 110.19

(0.0906 BTC)",AussieImportPillsOriginal,null,2CB-Hcl 250mg (12 to 25 doses),Psychedelics,2C-B,2CB-Hcl 250mg (12 to 25 doses),"Sold by AussieImportPillsOriginal -
143 sold since Dec 18, 2016Î¾Î¾Vendor Level 9Î¾Trust Level 7",Purchase price: USD 110.19,2,Drugs & ChemicalsDrugs & Chemicals,Psychedelics,100gram 5-MeO-MiPT USA Ship,"Buy price
USD 1,225.22

(0.9965 BTC)",Citra2016,"Views: 282 / Bids: Fixed price
Quantity left: Unlimited",100gram 5-MeO-MiPT USA Ship,Psychedelics,2C-B,100gram 5-MeO-MiPT USA Ship,"Sold by Citra2016 -
1 sold since Nov 30, 2016Î¾Î¾Vendor Level 4Î¾Trust Level 4","Purchase price: USD 1,225.22",11,Drugs & ChemicalsDrugs & Chemicals,Psychedelics,SAMPLE 1 x 18mg Green Mario 2CB Pill,"Buy price
USD 6.24

(0.0051 BTC)",ganeshuk,"Views: 2523 / Bids: Fixed price
Quantity left: Unlimited",SAMPLE 1 x 18mg Green Mario 2CB Pill,Psychedelics,2C-B,SAMPLE 1 x 18mg Green Mario 2CB Pill,"Sold by ganeshuk -
104 sold since Feb 24, 2016Î¾Î¾Vendor Level 9Î¾Trust Level 8",Purchase price: USD 6.24,2,Drugs & ChemicalsDrugs & Chemicals,Psychedelics,2c-B tablet 'Netflix and Chill' 15mg 10 pcs,"Buy price
USD 35.66

(0.0292 BTC)",Depanage,"Views: 2476 / Bids: Fixed price
Quantity left: Unlimited",2c-B tablet 'Netflix and Chill' 15mg 10 pcs,Psychedelics,2C-B,2c-B tablet 'Netflix and Chill' 15mg 10 pc...,"Sold by Depanage -
28 sold since Apr 2, 2016Î¾Î¾Vendor Level 4Î¾Trust Level 5",Purchase price: USD 35.66,4,Drugs & ChemicalsDrugs & Chemicals,Psychedelics,3X Purple 2C-B_-=WSC High Class Products(Sample),"Buy price
USD 10.50

(0.0086 BTC)",WorldStarCandy,"Views: 905 / Bids: Fixed price
Quantity left: Unlimited",3X Purple 2C-B_-=WSC High Class Products(Sample),Psychedelics,2C-B,3X Purple 2C-B_-=WSC High Class Products(Sample),"Sold by WorldStarCandy -
19 sold since Nov 27, 2016Î¾Î¾Vendor Level 1Î¾Trust Level 4",Purchase price: USD 10.50,4,Drugs & ChemicalsDrugs & Chemicals,Psychedelics,"2-CB Pills 20 MG PROMOTION, 10 Pills FE [GER>WW]","Buy price
USD 20.00

(0.0163 BTC)",Amsterdaminc,"Views: 156 / Bids: Fixed price
Quantity left: Unlimited","2-CB Pills 20 MG PROMOTION, 10 Pills FE [GER>WW]",Psychedelics,2C-B,"2-CB Pills 20 MG PROMOTION, 10 Pills FE [GER>WW...","Sold by Amsterdaminc -
0 sold since Apr 29, 2016Î¾Î¾Vendor Level 8Î¾Trust Level 6",Purchase price: USD 20.00,19,Drugs & ChemicalsDrugs & Chemicals,Psychedelics,100x 2CB Champagne bottle 20MG ! *TDS*,"Buy price
USD 183.76

(0.1497 BTC)",TheDutchShop,"Views: 205 / Bids: Fixed price
Quantity left: Unlimited",100x 2CB Champagne bottle 20MG ! *TDS*,Psychedelics,2C-B,100x 2CB Champagne bottle 20MG ! *TDS*,"Sold by TheDutchShop -
1 sold since Oct 12, 2016Î¾Î¾Vendor Level 1Î¾Trust Level 4",Purchase price: USD 183.76,12,Drugs & ChemicalsDrugs & Chemicals,Psychedelics,"PROMOTION 2-CB Pills 20 MG, 250 Pills ESCROW","Buy price
USD 289.00

(0.2350 BTC)",Amsterdaminc,null,"PROMOTION 2-CB Pills 20 MG, 250 Pills ESCROW",Psychedelics,2C-B,"PROMOTION 2-CB Pills 20 MG, 250 Pills ESCROW","Sold by Amsterdaminc -
0 sold since Apr 29, 2016Î¾Î¾Vendor Level 8Î¾Trust Level 6",Purchase price: USD 289.00,19,Drugs & ChemicalsDrugs & Chemicals,Psychedelics,50X Purple 2C-B_-=WSC High Class Products,"Buy price
USD 85.96

(0.0699 BTC)",WorldStarCandy,"Views: 216 / Bids: Fixed price
Quantity left: Unlimited",50X Purple 2C-B_-=WSC High Class Products,Psychedelics,2C-B,50X Purple 2C-B_-=WSC High Class Products,"Sold by WorldStarCandy -
1 sold since Nov 30, 2016Î¾Î¾Vendor Level 1Î¾Trust Level 4",Purchase price: USD 85.96,11,Drugs & ChemicalsDrugs & Chemicals,Psychedelics,Š…æŠ…æNEWŠ…æ25 x 20 mg 2-CB PillsŠ…æNEWŠ…æŠ…æ,"Buy price
USD 50.68

(0.0415 BTC)",XTC-Factory,"Views: 540 / Bids: Fixed price
Quantity left: Unlimited",Š…æŠ…æNEWŠ…æ25 x 20 mg 2-CB PillsŠ…æNEWŠ…æŠ…æ,Psychedelics,2C-B,Š…æŠ…æNEWŠ…æ25 x 20 mg 2-CB PillsŠ…æNEWŠ…æŠ…æ,"Sold by XTC-Factory -
21 sold since Feb 10, 2017Î¾Î¾Vendor Level 7Î¾Trust Level 5",Purchase price: USD 50.68,4,Drugs & ChemicalsDrugs & Chemicals,Psychedelics,10 pcs 2CB Pills 20MG,"Buy price
USD 18.79

(0.0154 BTC)",PachoHerrera,null,10 pcs 2CB Pills 20MG,Psychedelics,2C-B,10 pcs 2CB Pills 20MG,"Sold by PachoHerrera -
26 sold since Jan 3, 2017Î¾Î¾Vendor Level 4Î¾Trust Level 4",Purchase price: USD 18.79,4,Drugs & ChemicalsDrugs & Chemicals,Psychedelics,(1x to 150x) 20mg+ 2CB 'Standard' HBr Capsule (BULK DISCOUNT),"Buy price
USD 4.22

(0.0035 BTC)",drsyntax,null,(1x to 150x) 20mg+ 2CB 'Standard' HBr Capsule (BULK DISCOUNT),Psychedelics,2C-B,(1x to 150x) 20mg+ 2CB 'Standard' HBr Caps...,"Sold by drsyntax -
170 sold since May 23, 2016Î¾Î¾Vendor Level 5Î¾Trust Level 5",null,2,Drugs & ChemicalsDrugs & Chemicals,Psychedelics,2 CB's Green Half Moon 5st for 22euro,"Buy price
USD 23.66

(0.0192 BTC)",Made.in.Germany,"Views: 260 / Bids: Fixed price
Quantity left: Unlimited",2 CB's Green Half Moon 5st for 22euro,Psychedelics,2C-B,2 CB's Green Half Moon 5st for 22euro,"Sold by Made.in.Germany -
0 sold since Nov 11, 2015Î¾Î¾Vendor Level 1Î¾Trust Level 3",Purchase price: USD 23.66,,Drugs & ChemicalsDrugs & Chemicals,Psychedelics,25x 2CB Champagne bottle 20MG ! *TDS*,"Buy price
USD 69.61

(0.0566 BTC)",TheDutchShop,"Views: 266 / Bids: Fixed price
Quantity left: Unlimited",25x 2CB Champagne bottle 20MG ! *TDS*,Psychedelics,2C-B,25x 2CB Champagne bottle 20MG ! *TDS*,"Sold by TheDutchShop -
2 sold since Oct 12, 2016Î¾Î¾Vendor Level 1Î¾Trust Level 4",Purchase price: USD 69.61,11,Drugs & ChemicalsDrugs & Chemicals,Psychedelics,10x 13mg 2CB pill (Netto) Champagne Bottle  - FREE SHIPPING - Elisa-Yamaha -,"Buy price
USD 23.48

(0.0192 BTC)",Elisa-Yamaha,"Views: 402 / Bids: Fixed price
Quantity left: Unlimited",10x 13mg 2CB pill (Netto) Champagne Bottle  - FREE SHIPPING - Elisa-Yamaha -,Psychedelics,2C-B,10x 13mg 2CB pill (Netto) Champagne Bottle  - FREE...,"Sold by Elisa-Yamaha -
11 sold since Mar 14, 2017Î¾Î¾Vendor Level 6Î¾Trust Level 5",Purchase price: USD 23.48,6,Drugs & ChemicalsDrugs & Chemicals,Psychedelics,3x 2CB hard pressed purple pills contains 17 mg pure 2CB!,"Buy price
USD 14.09

(0.0115 BTC)",ACAB2016,"Views: 229 / Bids: Fixed price
Quantity left: Unlimited",3x 2CB hard pressed purple pills contains 17 mg pure 2CB!,Psychedelics,2C-B,3x 2CB hard pressed purple pills contains 17 mg pu...,"Sold by ACAB2016 -
0 sold since Sep 11, 2016Î¾Î¾Vendor Level 1Î¾Trust Level 4",Purchase price: USD 14.09,15,Drugs & ChemicalsDrugs & Chemicals,Psychedelics,"2-CB Pills 20 MG, 500 Pills FE","Buy price
USD 437.00

(0.3554 BTC)",Amsterdaminc,null,"2-CB Pills 20 MG, 500 Pills FE",Psychedelics,2C-B,"2-CB Pills 20 MG, 500 Pills FE","Sold by Amsterdaminc -
2 sold since May 14, 2016Î¾Î¾Vendor Level 8Î¾Trust Level 6",Purchase price: USD 437.00,10,Drugs & ChemicalsDrugs & Chemicals,Psychedelics,10g of 2C-B Hydrochloride salt,"Buy price
USD 767.00

(0.6304 BTC)",UnclePsychedelic,"Views: 1602 / Bids: Fixed price
Quantity left: 1",10g of 2C-B Hydrochloride salt,Psychedelics,2C-B,10g of 2C-B Hydrochloride salt,"Sold by UnclePsychedelic -
54 sold since Mar 15, 2016Î¾Î¾Vendor Level 6Î¾Trust Level 6",Purchase price: USD 767.00,3,Drugs & ChemicalsDrugs & Chemicals,Psychedelics,25x 35mg 2C-B Gel blotters || A+ QUALITY || FREE SHIPPING || from Brazil Med,"Buy price
USD 117.00

(0.0952 BTC)",BrazilMed,"Views: 354 / Bids: Fixed price
Quantity left: Unlimited",25x 35mg 2C-B Gel blotters || A+ QUALITY || FREE SHIPPING || from Brazil Med,Psychedelics,2C-B,25x 35mg 2C-B Gel blotters || A+ QUALITY || FREE S...,"Sold by BrazilMed -
0 sold since Dec 8, 2016Î¾Î¾Vendor Level 4Î¾Trust Level 5",Purchase price: USD 117.00,13,Drugs & ChemicalsDrugs & Chemicals,Psychedelics,"PROMO 2-CB Pills 20 MG PROMOTION, 25 Pills FE","Buy price
USD 25.00

(0.0205 BTC)",Amsterdaminc,"Views: 1433 / Bids: Fixed price
Quantity left: Unlimited","PROMO 2-CB Pills 20 MG PROMOTION, 25 Pills FE",Psychedelics,2C-B,"PROMO 2-CB Pills 20 MG PROMOTION, 25 Pills FE","Sold by Amsterdaminc -
50 sold since Apr 10, 2016Î¾Î¾Vendor Level 8Î¾Trust Level 6",Purchase price: USD 25.00,3,Drugs & ChemicalsDrugs & Chemicals,Psychedelics,1000 x 1700mcg 25i-NBOH Blotters (Mario stars),"Buy price
USD 322.62

(0.2624 BTC)",eurotrips,"Views: 24 / Bids: Fixed price
Quantity left: Unlimited",1000 x 1700mcg 25i-NBOH Blotters (Mario stars),Psychedelics,2C-B,1000 x 1700mcg 25i-NBOH Blotters (Mario stars),"Sold by eurotrips -
0 sold since Mar 23, 2017Î¾Î¾Vendor Level 1Î¾Trust Level 3",Purchase price: USD 322.62,,Drugs & ChemicalsDrugs & Chemicals,Psychedelics,500x 2CB Armani 19 MG netto 2CB,"Buy price
USD 1,000.00

(0.8133 BTC)",SpaceFast,"Views: 104 / Bids: Fixed price
Quantity left: Unlimited",500x 2CB Armani 19 MG netto 2CB,Psychedelics,2C-B,500x 2CB Armani 19 MG netto 2CB,"Sold by SpaceFast -
0 sold since Feb 9, 2017Î¾Î¾Vendor Level 2Î¾Trust Level 4","Purchase price: USD 1,000.00",,Drugs & ChemicalsDrugs & Chemicals,Psychedelics,3x 18-20mg 2C-B HCl caps!,"Buy price
USD 22.23

(0.0183 BTC)",03welle,"Views: 2392 / Bids: Fixed price
Quantity left: Unlimited",3x 18-20mg 2C-B HCl caps!,Psychedelics,2C-B,3x 18-20mg 2C-B HCl caps!,"Sold by 03welle -
131 sold since Jun 1, 2015Î¾Î¾Vendor Level 7Î¾Trust Level 6",Purchase price: USD 22.23,2,Drugs & ChemicalsDrugs & Chemicals,Psychedelics,25 x 2CB [Small orange 2CB Pill 17mg well pressed],"Buy price
USD 65.95

(0.0540 BTC)",DutchMalverde,null,25 x 2CB [Small orange 2CB Pill 17mg well pressed],Psychedelics,2C-B,25 x 2CB [Small orange 2CB Pill 17mg well pressed],"Sold by DutchMalverde -
22 sold since Dec 17, 2015Î¾Î¾Vendor Level 6Î¾Trust Level 6",Purchase price: USD 65.95,4,Drugs & ChemicalsDrugs & Chemicals,Psychedelics,5g 2-CB powder | TOP QUALITY | FREE SHIPPING,"Buy price
USD 333.37

(0.2711 BTC)",Becel,"Views: 92 / Bids: Fixed price
Quantity left: Unlimited",5g 2-CB powder | TOP QUALITY | FREE SHIPPING,Psychedelics,2C-B,5g 2-CB powder | TOP QUALITY | FREE SHIPPING,"Sold by Becel -
2 sold since Mar 26, 2017Î¾Î¾Vendor Level 2Î¾Trust Level 4",Purchase price: USD 333.37,11,Drugs & ChemicalsDrugs & Chemicals,Psychedelics,"2-CB Pills 20 MG, 10 Pills ESCROW","Buy price
USD 24.00

(0.0195 BTC)",Amsterdaminc,null,"2-CB Pills 20 MG, 10 Pills ESCROW",Psychedelics,2C-B,"2-CB Pills 20 MG, 10 Pills ESCROW","Sold by Amsterdaminc -
5 sold since Apr 29, 2016Î¾Î¾Vendor Level 8Î¾Trust Level 6",Purchase price: USD 24.00,8,Drugs & ChemicalsDrugs & Chemicals,Psychedelics,50x 2CB Champagne bottle 20MG ! *TDS*,"Buy price
USD 111.37

(0.0906 BTC)",TheDutchShop,"Views: 207 / Bids: Fixed price
Quantity left: Unlimited",50x 2CB Champagne bottle 20MG ! *TDS*,Psychedelics,2C-B,50x 2CB Champagne bottle 20MG ! *TDS*,"Sold by TheDutchShop -
0 sold since Oct 12, 2016Î¾Î¾Vendor Level 1Î¾Trust Level 4",Purchase price: USD 111.37,17,Drugs & ChemicalsDrugs & Chemicals,Psychedelics,Š…æŠ…æNEUŠ…æ100 x 20 mg 2-CB PillsŠ…æNEUŠ…æŠ…æ,"Buy price
USD 205.76

(0.1677 BTC)",XTC-Factory,"Views: 128 / Bids: Fixed price
Quantity left: Unlimited",Š…æŠ…æNEUŠ…æ100 x 20 mg 2-CB PillsŠ…æNEUŠ…æŠ…æ,Psychedelics,2C-B,Š…æŠ…æNEUŠ…æ100 x 20 mg 2-CB PillsŠ…æNEUŠ…æŠ…æ,"Sold by XTC-Factory -
1 sold since Feb 10, 2017Î¾Î¾Vendor Level 7Î¾Trust Level 5",Purchase price: USD 205.76,12,Drugs & ChemicalsDrugs & Chemicals,Psychedelics,"10x ""Green Mario"" 19mg 2-cb Pills Š“_FROM GERMANYŠ“_","Buy price
USD 37.34

(0.0304 BTC)",GermanDutchTeam,null,"10x ""Green Mario"" 19mg 2-cb Pills Š“_FROM GERMANYŠ“_",Psychedelics,2C-B,"10x ""Green Mario"" 19mg 2-cb Pills Š“_FROM ...","Sold by GermanDutchTeam -
0 sold since Apr 19, 2017Î¾Î¾Vendor Level 7Î¾Trust Level 6",Purchase price: USD 37.34,14,Drugs & ChemicalsDrugs & Chemicals,Psychedelics,**FULL ESCROW**10Grams 2CB powder pure The best quallity good for AAA+++ INTRO OFFER FREE TRACK AND TRACE,"Buy price
USD 484.78

(0.3943 BTC)",red-diamond,"Views: 533 / Bids: Fixed price
Quantity left: Unlimited",**FULL ESCROW**10Grams 2CB powder pure The best quallity good for AAA+++ INTRO OFFER FREE TRACK AND TRACE,Psychedelics,2C-B,**FULL ESCROW**10Grams 2CB powder pure The best qu...,"Sold by red-diamond -
2 sold since Aug 13, 2016Î¾Î¾Vendor Level 7Î¾Trust Level 5",Purchase price: USD 484.78,10,Drugs & ChemicalsDrugs & Chemicals,Psychedelics,10x 2CB Champagne bottle 20MG ! *TDS*,"Buy price
USD 33.41

(0.0272 BTC)",TheDutchShop,null,10x 2CB Champagne bottle 20MG ! *TDS*,Psychedelics,2C-B,10x 2CB Champagne bottle 20MG ! *TDS*,"Sold by TheDutchShop -
0 sold since Oct 12, 2016Î¾Î¾Vendor Level 1Î¾Trust Level 4",Purchase price: USD 33.41,14,Drugs & ChemicalsDrugs & Chemicals,Psychedelics,500x 2CB Champagne bottle 20MG ! *TDS*,"Buy price
USD 751.74

(0.6114 BTC)",TheDutchShop,"Views: 186 / Bids: Fixed price
Quantity left: Unlimited",500x 2CB Champagne bottle 20MG ! *TDS*,Psychedelics,2C-B,500x 2CB Champagne bottle 20MG ! *TDS*,"Sold by TheDutchShop -
0 sold since Oct 12, 2016Î¾Î¾Vendor Level 1Î¾Trust Level 4",Purchase price: USD 751.74,17,Drugs & ChemicalsDrugs & Chemicals,Psychedelics,2c-B tablet 'Netflix and Chill' 15mg 25 pcs,"Buy price
USD 78.02

(0.0635 BTC)",Depanage,"Views: 555 / Bids: Fixed price
Quantity left: Unlimited",2c-B tablet 'Netflix and Chill' 15mg 25 pcs,Psychedelics,2C-B,2c-B tablet 'Netflix and Chill' 15mg 25 pc...,"Sold by Depanage -
2 sold since Apr 2, 2016Î¾Î¾Vendor Level 4Î¾Trust Level 5",Purchase price: USD 78.02,11,Drugs & ChemicalsDrugs & Chemicals,Psychedelics,5 tablets Homer Simpson--20Mg 2-Cb--,"Buy price
USD 16.29

(0.0132 BTC)",Sons-Of-Anarchy,"Views: 192 / Bids: Fixed price
Quantity left: Unlimited",5 tablets Homer Simpson--20Mg 2-Cb--,Psychedelics,2C-B,5 tablets Homer Simpson--20Mg 2-Cb--,"Sold by Sons-Of-Anarchy -
2 sold since Nov 29, 2016Î¾Î¾Vendor Level 5Î¾Trust Level 4",Purchase price: USD 16.29,11,Drugs & ChemicalsDrugs & Chemicals,Psychedelics,1000 pcs 2CB Pills 20MG,"Buy price
USD 1,148.37

(0.9340 BTC)",PachoHerrera,null,1000 pcs 2CB Pills 20MG,Psychedelics,2C-B,1000 pcs 2CB Pills 20MG,"Sold by PachoHerrera -
1 sold since Jan 3, 2017Î¾Î¾Vendor Level 4Î¾Trust Level 4","Purchase price: USD 1,148.37",13,Drugs & ChemicalsDrugs & Chemicals,Psychedelics,"2-CB Pills 20 MG, 1000 Pills ESCROW","Buy price
USD 1,059.00

(0.8613 BTC)",Amsterdaminc,"Views: 425 / Bids: Fixed price
Quantity left: Unlimited","2-CB Pills 20 MG, 1000 Pills ESCROW",Psychedelics,2C-B,"2-CB Pills 20 MG, 1000 Pills ESCROW","Sold by Amsterdaminc -
0 sold since May 14, 2016Î¾Î¾Vendor Level 8Î¾Trust Level 6","Purchase price: USD 1,059.00",19,Drugs & ChemicalsDrugs & Chemicals,Psychedelics,2 CB's Green Half Moon 100st for 190euro,"Buy price
USD 204.35

(0.1662 BTC)",Made.in.Germany,"Views: 269 / Bids: Fixed price
Quantity left: Unlimited",2 CB's Green Half Moon 100st for 190euro,Psychedelics,2C-B,2 CB's Green Half Moon 100st for 190euro,"Sold by Made.in.Germany -
0 sold since Nov 11, 2015Î¾Î¾Vendor Level 1Î¾Trust Level 3",Purchase price: USD 204.35,,Drugs & ChemicalsDrugs & Chemicals,Psychedelics,10x Mickey mouse |2-CB| 14mg |New Vendor| A+++ Quality | Intro offer! | Dutch Vendor,"Buy price
USD 21.33

(0.0173 BTC)",Dvendor,"Views: 298 / Bids: Fixed price
Quantity left: Unlimited",10x Mickey mouse |2-CB| 14mg |New Vendor| A+++ Quality | Intro offer! | Dutch Vendor,Psychedelics,2C-B,10x Mickey mouse |2-CB| 14mg |New Vendor| A+++ Qua...,"Sold by Dvendor -
0 sold since Sep 14, 2016Î¾Î¾Vendor Level 1Î¾Trust Level 4",Purchase price: USD 21.33,16,Drugs & ChemicalsDrugs & Chemicals,Psychedelics,250X Purple 2C-B_-=WSC High Class Products,"Buy price
USD 405.92

(0.3301 BTC)",WorldStarCandy,"Views: 167 / Bids: Fixed price
Quantity left: Unlimited",250X Purple 2C-B_-=WSC High Class Products,Psychedelics,2C-B,250X Purple 2C-B_-=WSC High Class Products,"Sold by WorldStarCandy -
0 sold since Nov 30, 2016Î¾Î¾Vendor Level 1Î¾Trust Level 4",Purchase price: USD 405.92,19,Drugs & ChemicalsDrugs & Chemicals,Psychedelics,2c-B 'Netflix and Chill' 15mg 100 pcs,"Buy price
USD 221.79

(0.1804 BTC)",Depanage,"Views: 533 / Bids: Fixed price
Quantity left: Unlimited",2c-B 'Netflix and Chill' 15mg 100 pcs,Psychedelics,2C-B,2c-B 'Netflix and Chill' 15mg 100 pcs,"Sold by Depanage -
1 sold since Apr 2, 2016Î¾Î¾Vendor Level 4Î¾Trust Level 5",Purchase price: USD 221.79,11,Drugs & Chemicals