category_link,subcategory_link,listing_title,listing_price,listing_vendor,listing_item,listing_link,subcategory_id,subcategory2_id,detail_name,detail_qty_sold,detail_price,pagination_link,category_idDrugs & Chemicals,Psychedelics,Red Vein Bali Kratom Fine Powder - 500g,"Buy price
USD 69.00

(0.0561 BTC)",thehealingmaster,null,Red Vein Bali Kratom Fine Powder - 500g,Psychedelics,Other,Red Vein Bali Kratom Fine Powder - 500g,"Sold by thehealingmaster -
0 sold since Aug 22, 2016Î¾Î¾Vendor Level 1Î¾Trust Level 3",Purchase price: USD 69.00,10,Drugs & ChemicalsDrugs & Chemicals,Psychedelics,4-ho-met party pack (10x 20mg 4-ho-met + 1mg xanax caps),"Buy price
USD 120.00

(0.0973 BTC)",batcountry,null,4-ho-met party pack (10x 20mg 4-ho-met + 1mg xanax caps),Psychedelics,Other,4-ho-met party pack (10x 20mg 4-ho-met + 1mg xanax...,"Sold by batcountry -
2 sold since Sep 10, 2015Î¾Î¾Vendor Level 3Î¾Trust Level 5",Purchase price: USD 120.00,6,Drugs & ChemicalsDrugs & Chemicals,Psychedelics,5 Geltabs 4-HO-MET 10mg,"Buy price
USD 25.00

(0.0203 BTC)",Fappylicious,null,5 Geltabs 4-HO-MET 10mg,Psychedelics,Other,5 Geltabs 4-HO-MET 10mg,"Sold by Fappylicious -
4 sold since Nov 15, 2015Î¾Î¾Vendor Level 2Î¾Trust Level 4",Purchase price: USD 25.00,4,Drugs & ChemicalsDrugs & Chemicals,Psychedelics,0.5g DPT,"Buy price
USD 40.00

(0.0324 BTC)",Fapppylicious,"Views: 431 / Bids: Fixed price
Quantity left: 18",0.5g DPT,Psychedelics,Other,0.5g DPT,"Sold by Fapppylicious -
5 sold since Jul 31, 2016Î¾Î¾Vendor Level 6Î¾Trust Level 6",Purchase price: USD 40.00,4,Drugs & ChemicalsDrugs & Chemicals,Psychedelics,Š…ÄŠ…ÄŠ…Ä The Jeffry Š…ÄŠ…ÄŠ…Ä  (Get Him To Thee Greek),"Buy price
USD 24.77

(0.0201 BTC)",elliottkane,"Views: 257 / Bids: Fixed price
Quantity left: Unlimited",Š…ÄŠ…ÄŠ…Ä The Jeffry Š…ÄŠ…ÄŠ…Ä  (Get Him To Thee Greek),Psychedelics,Other,Š…ÄŠ…ÄŠ…Ä The Jeffry Š…ÄŠ…ÄŠ…Ä  (Get Him To Thee Greek),"Sold by elliottkane -
1 sold since Mar 22, 2017Î¾Î¾Vendor Level 3Î¾Trust Level 6",Purchase price: USD 24.77,9,Drugs & ChemicalsDrugs & Chemicals,Psychedelics,TradeRoute Market - Free Pass to login!!!,"Buy price
USD 0.00

(0.0000 BTC)",oildabber,"Views: 77 / Bids: Fixed price
Quantity left: Unlimited",TradeRoute Market - Free Pass to login!!!,Psychedelics,Other,TradeRoute Market - Free Pass to login!!!,"Sold by oildabber -
0 sold since Feb 22, 2017Î¾Î¾Vendor Level 3Î¾Trust Level 5",Purchase price: USD 0.00,18,Drugs & ChemicalsDrugs & Chemicals,Psychedelics,DaithiOh1,"Buy price
USD 215.98

(0.1758 BTC)",Hectorstuf,"Views: 227 / Bids: Fixed price
Quantity left: Unlimited",DaithiOh1,Psychedelics,Other,DaithiOh1,"Sold by Hectorstuf -
0 sold since Dec 12, 2016Î¾Î¾Vendor Level 7Î¾Trust Level 5",Purchase price: USD 215.98,13,Drugs & ChemicalsDrugs & Chemicals,Psychedelics,500mg DMT Freebase ***FREE SHIPPING**,"Buy price
USD 155.62

(0.1267 BTC)",ozzAgrade,"Views: 249 / Bids: Fixed price
Quantity left: 5",500mg DMT Freebase ***FREE SHIPPING**,Psychedelics,Other,500mg DMT Freebase ***FREE SHIPPING**,"Sold by ozzAgrade -
0 sold since Sep 8, 2015Î¾Î¾Vendor Level 1Î¾Trust Level 4",Purchase price: USD 155.62,17,Drugs & ChemicalsDrugs & Chemicals,Psychedelics,1000 x Mix and Match non Controlled Medication,"Buy price
USD 1.00

(0.0008 BTC)",gotmilk,null,1000 x Mix and Match non Controlled Medication,Psychedelics,Other,1000 x Mix and Match non Controlled Medication,"Sold by gotmilk -
0 sold since Feb 21, 2017Î¾Î¾Vendor Level 7Î¾Trust Level 7",Purchase price: USD 1.00,,Drugs & ChemicalsDrugs & Chemicals,Psychedelics,10 Geltabs DPT 150mg,"Buy price
USD 110.00

(0.0892 BTC)",Fapppylicious,"Views: 395 / Bids: Fixed price
Quantity left: 18",10 Geltabs DPT 150mg,Psychedelics,Other,10 Geltabs DPT 150mg,"Sold by Fapppylicious -
2 sold since Sep 29, 2016Î¾Î¾Vendor Level 6Î¾Trust Level 6",Purchase price: USD 110.00,7,Drugs & ChemicalsDrugs & Chemicals,Psychedelics,1 g MiPT - Methylisopropyltryptamine,"Buy price
USD 35.00

(0.0284 BTC)",ion8,"Views: 522 / Bids: Fixed price
Quantity left: 3",1 g MiPT - Methylisopropyltryptamine,Psychedelics,Other,1 g MiPT - Methylisopropyltryptamine,"Sold by ion8 -
2 sold since Oct 5, 2016Î¾Î¾Vendor Level 4Î¾Trust Level 6",Purchase price: USD 35.00,6,Drugs & ChemicalsDrugs & Chemicals,Psychedelics,Green Vein Kratom Super-Enhanced 100g,"Buy price
USD 38.00

(0.0309 BTC)",thehealingmaster,null,Green Vein Kratom Super-Enhanced 100g,Psychedelics,Other,Green Vein Kratom Super-Enhanced 100g,"Sold by thehealingmaster -
0 sold since Aug 22, 2016Î¾Î¾Vendor Level 1Î¾Trust Level 3",Purchase price: USD 38.00,,Drugs & ChemicalsDrugs & Chemicals,Psychedelics,50 x 100mcg ETH-LAD Blotters,"Buy price
USD 188.19

(0.1532 BTC)",eurotrips,"Views: 30 / Bids: Fixed price
Quantity left: Unlimited",50 x 100mcg ETH-LAD Blotters,Psychedelics,Other,50 x 100mcg ETH-LAD Blotters,"Sold by eurotrips -
0 sold since Mar 23, 2017Î¾Î¾Vendor Level 1Î¾Trust Level 3",Purchase price: USD 188.19,14,Drugs & ChemicalsDrugs & Chemicals,Psychedelics,Red Vein Bali Kratom Fine Powder - 1kg,"Buy price
USD 120.00

(0.0977 BTC)",thehealingmaster,null,Red Vein Bali Kratom Fine Powder - 1kg,Psychedelics,Other,Red Vein Bali Kratom Fine Powder - 1kg,"Sold by thehealingmaster -
0 sold since Aug 22, 2016Î¾Î¾Vendor Level 1Î¾Trust Level 3",Purchase price: USD 120.00,16,Drugs & ChemicalsDrugs & Chemicals,Psychedelics,"216g - Iboga Rootbark - High Quality, Cameroon","Buy price
USD 864.00

(0.7020 BTC)",b1g1mpact,"Views: 590 / Bids: Fixed price
Quantity left: Unlimited","216g - Iboga Rootbark - High Quality, Cameroon",Psychedelics,Other,"216g - Iboga Rootbark - High Quality, Cameroon","Sold by b1g1mpact -
1 sold since Apr 15, 2016Î¾Î¾Vendor Level 5Î¾Trust Level 6",Purchase price: USD 864.00,8,Drugs & ChemicalsDrugs & Chemicals,Psychedelics,"9g ""Yopo"" / ""Cebil"" Seeds (Bufotenine & 5-Meo-DMT)","Buy price
USD 23.40

(0.0190 BTC)",b1g1mpact,"Views: 2784 / Bids: Fixed price
Quantity left: Unlimited","9g ""Yopo"" / ""Cebil"" Seeds (Bufotenine & 5-Meo-DMT)",Psychedelics,Other,"9g ""Yopo"" / ""Cebil"" Seeds (Buf...","Sold by b1g1mpact -
17 sold since Sep 17, 2015Î¾Î¾Vendor Level 5Î¾Trust Level 6",Purchase price: USD 23.40,2,Drugs & ChemicalsDrugs & Chemicals,Psychedelics,MIPT fumarate 500mg,"Buy price
USD 70.82

(0.0576 BTC)",rgn,"Views: 223 / Bids: Fixed price
Quantity left: Unlimited",MIPT fumarate 500mg,Psychedelics,Other,MIPT fumarate 500mg,"Sold by rgn -
0 sold since Nov 13, 2016Î¾Î¾Vendor Level 7Î¾Trust Level 6",Purchase price: USD 70.82,13,Drugs & ChemicalsDrugs & Chemicals,Psychedelics,10g Syrian Rue - Peganum harmala MAIO Organically Grown,"Buy price
USD 10.00

(0.0081 BTC)",HappyFractals,"Views: 667 / Bids: Fixed price
Quantity left: 70",10g Syrian Rue - Peganum harmala MAIO Organically Grown,Psychedelics,Other,10g Syrian Rue - Peganum harmala MAIO Organically ...,"Sold by HappyFractals -
12 sold since Aug 25, 2016Î¾Î¾Vendor Level 4Î¾Trust Level 5",Purchase price: USD 10.00,3,Drugs & ChemicalsDrugs & Chemicals,Psychedelics,"28g / ~1oz - Mimosa Hostilis Rootbark - High Yield, Mexico","Buy price
USD 34.20

(0.0278 BTC)",b1g1mpact,"Views: 980 / Bids: Fixed price
Quantity left: Unlimited","28g / ~1oz - Mimosa Hostilis Rootbark - High Yield, Mexico",Psychedelics,Other,28g / ~1oz - Mimosa Hostilis Rootbark - High Yield...,"Sold by b1g1mpact -
1 sold since Sep 17, 2015Î¾Î¾Vendor Level 5Î¾Trust Level 6",Purchase price: USD 34.20,8,Drugs & ChemicalsDrugs & Chemicals,Psychedelics,100 LSD stamps Anonymous (180Ô_g),"Buy price
USD 460.00

(0.3745 BTC)",MrSniffer,"Views: 648 / Bids: Fixed price
Quantity left: Unlimited",100 LSD stamps Anonymous (180Ô_g),Psychedelics,Other,100 LSD stamps Anonymous (180Ô_g),"Sold by MrSniffer -
0 sold since Sep 3, 2015Î¾Î¾Vendor Level 5Î¾Trust Level 6",Purchase price: USD 460.00,14,Drugs & ChemicalsDrugs & Chemicals,Psychedelics,5g 4-HO-MET,"Buy price
USD 600.00

(0.4884 BTC)",Fappylicious,"Views: 345 / Bids: Fixed price
Quantity left: 10",5g 4-HO-MET,Psychedelics,Other,5g 4-HO-MET,"Sold by Fappylicious -
0 sold since Nov 15, 2015Î¾Î¾Vendor Level 2Î¾Trust Level 4",Purchase price: USD 600.00,19,Drugs & ChemicalsDrugs & Chemicals,Psychedelics,100g Syrian Rue - Peganum harmala MAIO Organically Grown,"Buy price
USD 50.00

(0.0407 BTC)",HappyFractals,"Views: 227 / Bids: Fixed price
Quantity left: 77",100g Syrian Rue - Peganum harmala MAIO Organically Grown,Psychedelics,Other,100g Syrian Rue - Peganum harmala MAIO Organically...,"Sold by HappyFractals -
0 sold since Sep 1, 2016Î¾Î¾Vendor Level 4Î¾Trust Level 5",Purchase price: USD 50.00,14,Drugs & ChemicalsDrugs & Chemicals,Psychedelics,Pure Ibogaine TA 2 gram,"Buy price
USD 400.00

(0.3245 BTC)",Cornertang38,"Views: 252 / Bids: Fixed price
Quantity left: 2",Pure Ibogaine TA 2 gram,Psychedelics,Other,Pure Ibogaine TA 2 gram,"Sold by Cornertang38 -
4 sold since Jan 24, 2017Î¾Î¾Vendor Level 1Î¾Trust Level 4",Purchase price: USD 400.00,4,Drugs & ChemicalsDrugs & Chemicals,Psychedelics,Isopropylphenidate$$  IPH $$ IPPD$$ closely related to methylphenidate$$ legal high $$ 10g,"Buy price
USD 94.00

(0.0764 BTC)",POL,"Views: 46 / Bids: Fixed price
Quantity left: Unlimited",Isopropylphenidate$$  IPH $$ IPPD$$ closely related to methylphenidate$$ legal high $$ 10g,Psychedelics,Other,Isopropylphenidate$$  IPH $$ IPPD$$ closely relate...,"Sold by POL -
0 sold since Apr 5, 2017Î¾Î¾Vendor Level 5Î¾Trust Level 6",Purchase price: USD 94.00,11,Drugs & ChemicalsDrugs & Chemicals,Psychedelics,25 Geltabs 4-HO-MET 10mg,"Buy price
USD 90.00

(0.0731 BTC)",Fappylicious,null,25 Geltabs 4-HO-MET 10mg,Psychedelics,Other,25 Geltabs 4-HO-MET 10mg,"Sold by Fappylicious -
1 sold since Nov 15, 2015Î¾Î¾Vendor Level 2Î¾Trust Level 4",Purchase price: USD 90.00,8,Drugs & ChemicalsDrugs & Chemicals,Psychedelics,5g 4-AcO-MET,"Buy price
USD 760.00

(0.6187 BTC)",Fappylicious,null,5g 4-AcO-MET,Psychedelics,Other,5g 4-AcO-MET,"Sold by Fappylicious -
0 sold since Nov 15, 2015Î¾Î¾Vendor Level 2Î¾Trust Level 4",Purchase price: USD 760.00,19,Drugs & ChemicalsDrugs & Chemicals,Psychedelics,50g Syrian Rue - Peganum harmala MAIO Organically Grown,"Buy price
USD 35.00

(0.0284 BTC)",HappyFractals,"Views: 294 / Bids: Fixed price
Quantity left: 74",50g Syrian Rue - Peganum harmala MAIO Organically Grown,Psychedelics,Other,50g Syrian Rue - Peganum harmala MAIO Organically ...,"Sold by HappyFractals -
4 sold since Aug 30, 2016Î¾Î¾Vendor Level 4Î¾Trust Level 5",Purchase price: USD 35.00,4,Drugs & ChemicalsDrugs & Chemicals,Psychedelics,100 GRAMS MEPHEDRONE - MCAT - 4MMC - MIAUW-MIAUW,"Buy price
USD 599.50

(0.4880 BTC)",TorWeBShop,"Views: 14 / Bids: Fixed price
Quantity left: Unlimited",100 GRAMS MEPHEDRONE - MCAT - 4MMC - MIAUW-MIAUW,Psychedelics,Other,100 GRAMS MEPHEDRONE - MCAT - 4MMC - MIAUW-MIAUW,"Sold by TorWeBShop -
0 sold since Apr 12, 2017Î¾Î¾Vendor Level 1Î¾Trust Level 3",Purchase price: USD 599.50,13,Drugs & ChemicalsDrugs & Chemicals,Psychedelics,Pure Ibogaine TA 1 gram,"Buy price
USD 200.00

(0.1625 BTC)",Cornertang38,"Views: 73 / Bids: Fixed price
Quantity left: 4",Pure Ibogaine TA 1 gram,Psychedelics,Other,Pure Ibogaine TA 1 gram,"Sold by Cornertang38 -
1 sold since Mar 21, 2017Î¾Î¾Vendor Level 1Î¾Trust Level 4",Purchase price: USD 200.00,9,Drugs & ChemicalsDrugs & Chemicals,Psychedelics,"50x DOM tabs (STP, 2,5-dimethoxy-4-methylamphetamin)","Buy price
USD 96.58

(0.0785 BTC)",TBCCREW,"Views: 362 / Bids: Fixed price
Quantity left: 100","50x DOM tabs (STP, 2,5-dimethoxy-4-methylamphetamin)",Psychedelics,Other,"50x DOM tabs (STP, 2,5-dimethoxy-4-methylamphetami...","Sold by TBCCREW -
0 sold since Jun 30, 2016Î¾Î¾Vendor Level 5Î¾Trust Level 5",Purchase price: USD 96.58,12,Drugs & ChemicalsDrugs & Chemicals,Psychedelics,"35mg Sample of 4-Aco-DMT (Auction Limited) , Synthetic Mushrooms","Buy price
USD 7.51

(0.0061 BTC)",alterEgo,null,"35mg Sample of 4-Aco-DMT (Auction Limited) , Synthetic Mushrooms",Psychedelics,Other,"35mg Sample of 4-Aco-DMT (Auction Limited) , Synth...","Sold by alterEgo -
0 sold since Apr 7, 2015Î¾Î¾Vendor Level 1Î¾Trust Level 4",Purchase price: USD 7.51,17,Drugs & ChemicalsDrugs & Chemicals,Psychedelics,56 grams Magic Mushrooms [B+],"Buy price
USD 250.87

(0.2035 BTC)",DutchSupply,"Views: 463 / Bids: Fixed price
Quantity left: 5",56 grams Magic Mushrooms [B+],Psychedelics,Other,56 grams Magic Mushrooms [B+],"Sold by DutchSupply -
2 sold since May 22, 2016Î¾Î¾Vendor Level 5Î¾Trust Level 6",Purchase price: USD 250.87,6,Drugs & ChemicalsDrugs & Chemicals,Psychedelics,Salvia Divinorum 5X extract - 5 GRAM (TOP QUALITY),"Buy price
USD 75.95

(0.0618 BTC)",MicroDroper,"Views: 68 / Bids: Fixed price
Quantity left: Unlimited",Salvia Divinorum 5X extract - 5 GRAM (TOP QUALITY),Psychedelics,Other,Salvia Divinorum 5X extract - 5 GRAM (TOP QUALITY),"Sold by MicroDroper -
0 sold since Mar 12, 2017Î¾Î¾Vendor Level 2Î¾Trust Level 6",Purchase price: USD 75.95,13,Drugs & ChemicalsDrugs & Chemicals,Psychedelics,LSD 150ug 1 BOTTLE(100 LIQUID DROPS) (FE),"Buy price
USD 494.05

(0.4014 BTC)",johnsmith99,"Views: 287 / Bids: Fixed price
Quantity left: Unlimited",LSD 150ug 1 BOTTLE(100 LIQUID DROPS) (FE),Psychedelics,Other,LSD 150ug 1 BOTTLE(100 LIQUID DROPS) (FE),"Sold by johnsmith99 -
0 sold since Sep 6, 2015Î¾Î¾Vendor Level 1Î¾Trust Level 4",Purchase price: USD 494.05,11,Drugs & ChemicalsDrugs & Chemicals,Psychedelics,1 x D& G RED PRESS  PHYSC MIX! FOR TRIPPY STICKIN!,"Buy price
USD 4.50

(0.0037 BTC)",ustous,null,1 x D& G RED PRESS  PHYSC MIX! FOR TRIPPY STICKIN!,Psychedelics,Other,1 x D& G RED PRESS  PHYSC MIX! FOR TRIPPY STIC...,"Sold by ustous -
18 sold since Feb 22, 2017Î¾Î¾Vendor Level 7Î¾Trust Level 6",null,2,Drugs & ChemicalsDrugs & Chemicals,Psychedelics,50x Anonymouse HQ LSD blotters (180Ô_g) FREE SHIPPING,"Buy price
USD 255.77

(0.2082 BTC)",DutchDelights,null,50x Anonymouse HQ LSD blotters (180Ô_g) FREE SHIPPING,Psychedelics,Other,50x Anonymouse HQ LSD blotters (180Ô_g) FREE SHIPPI...,"Sold by DutchDelights -
0 sold since Sep 21, 2015Î¾Î¾Vendor Level 1Î¾Trust Level 6",Purchase price: USD 255.77,13,Drugs & ChemicalsDrugs & Chemicals,Psychedelics,"NBOMES ARE *NOT* ""MESCALINE ANALOGS"" (SAFETY TIP)","Buy price
USD 0.00

(0.0000 BTC)",prodruq,"Views: 299 / Bids: Fixed price
Quantity left: Unlimited","NBOMES ARE *NOT* ""MESCALINE ANALOGS"" (SAFETY TIP)",Psychedelics,Other,"NBOMES ARE *NOT* ""MESCALINE ANALOGS"" (SA...","Sold by prodruq -
3 sold since Dec 8, 2016Î¾Î¾Vendor Level 3Î¾Trust Level 4",Purchase price: USD 0.00,5,Drugs & ChemicalsDrugs & Chemicals,Psychedelics,Red Vein Borneo Bali Kratom Powder - 250g,"Buy price
USD 47.00

(0.0382 BTC)",thehealingmaster,null,Red Vein Borneo Bali Kratom Powder - 250g,Psychedelics,Other,Red Vein Borneo Bali Kratom Powder - 250g,"Sold by thehealingmaster -
0 sold since Aug 22, 2016Î¾Î¾Vendor Level 1Î¾Trust Level 3",Purchase price: USD 47.00,10,Drugs & ChemicalsDrugs & Chemicals,Psychedelics,Thai Maeng Da Kratom Micro Grain - 1kg,"Buy price
USD 185.00

(0.1506 BTC)",thehealingmaster,null,Thai Maeng Da Kratom Micro Grain - 1kg,Psychedelics,Other,Thai Maeng Da Kratom Micro Grain - 1kg,"Sold by thehealingmaster -
0 sold since Aug 22, 2016Î¾Î¾Vendor Level 1Î¾Trust Level 3",Purchase price: USD 185.00,16,Drugs & ChemicalsDrugs & Chemicals,Psychedelics,Red Vein Thai Maeng Da Kratom Plus - 250g,"Buy price
USD 50.00

(0.0406 BTC)",thehealingmaster,null,Red Vein Thai Maeng Da Kratom Plus - 250g,Psychedelics,Other,Red Vein Thai Maeng Da Kratom Plus - 250g,"Sold by thehealingmaster -
1 sold since Aug 22, 2016Î¾Î¾Vendor Level 1Î¾Trust Level 3",Purchase price: USD 50.00,9,Drugs & ChemicalsDrugs & Chemicals,Psychedelics,"5x DOM tabs (STP, 2,5-dimethoxy-4-methylamphetamin)","Buy price
USD 19.32

(0.0157 BTC)",TBCCREW,"Views: 715 / Bids: Fixed price
Quantity left: 94","5x DOM tabs (STP, 2,5-dimethoxy-4-methylamphetamin)",Psychedelics,Other,"5x DOM tabs (STP, 2,5-dimethoxy-4-methylamphetamin...","Sold by TBCCREW -
6 sold since Jun 30, 2016Î¾Î¾Vendor Level 5Î¾Trust Level 5",Purchase price: USD 19.32,4,Drugs & ChemicalsDrugs & Chemicals,Psychedelics,1 gram - 2c-p - Strongest 2C  20+ hour trip -,"Buy price
USD 165.00

(0.1343 BTC)",Narcoguerrilla,"Views: 323 / Bids: Fixed price
Quantity left: Unlimited",1 gram - 2c-p - Strongest 2C  20+ hour trip -,Psychedelics,Other,1 gram - 2c-p - Strongest 2C  20+ hour trip -,"Sold by Narcoguerrilla -
0 sold since Sep 18, 2015Î¾Î¾Vendor Level 1Î¾Trust Level 3",Purchase price: USD 165.00,,Drugs & ChemicalsDrugs & Chemicals,Psychedelics,Red Vein Sumatra Kratom Plus - 250g,"Buy price
USD 48.00

(0.0390 BTC)",thehealingmaster,null,Red Vein Sumatra Kratom Plus - 250g,Psychedelics,Other,Red Vein Sumatra Kratom Plus - 250g,"Sold by thehealingmaster -
0 sold since Aug 22, 2016Î¾Î¾Vendor Level 1Î¾Trust Level 3",Purchase price: USD 48.00,10,Drugs & ChemicalsDrugs & Chemicals,Psychedelics,4F-alpha-PHP /4-Fluoro-alpha-PHP/pFPHP/ 2G $AMPLE/ SHIPING FROM POLAND,"Buy price
USD 25.00

(0.0203 BTC)",POL,"Views: 44 / Bids: Fixed price
Quantity left: Unlimited",4F-alpha-PHP /4-Fluoro-alpha-PHP/pFPHP/ 2G $AMPLE/ SHIPING FROM POLAND,Psychedelics,Other,4F-alpha-PHP /4-Fluoro-alpha-PHP/pFPHP/ 2G $AMPLE/...,"Sold by POL -
1 sold since Apr 8, 2017Î¾Î¾Vendor Level 5Î¾Trust Level 6",Purchase price: USD 25.00,9,Drugs & ChemicalsDrugs & Chemicals,Psychedelics,N-ethyl Pentylone(bk-EBDP)/Ephylone 20 GRAMS  $HIPING FORM POLAND,"Buy price
USD 77.00

(0.0627 BTC)",POL,"Views: 24 / Bids: Fixed price
Quantity left: Unlimited",N-ethyl Pentylone(bk-EBDP)/Ephylone 20 GRAMS  $HIPING FORM POLAND,Psychedelics,Other,N-ethyl Pentylone(bk-EBDP)/Ephylone 20 GRAMS  $HIP...,"Sold by POL -
0 sold since Apr 12, 2017Î¾Î¾Vendor Level 5Î¾Trust Level 6",Purchase price: USD 77.00,13,Drugs & ChemicalsDrugs & Chemicals,Psychedelics,LSD Blotter 150Îµg x 5,"Buy price
USD 43.50

(0.0354 BTC)",bella-vita,"Views: 259 / Bids: Fixed price
Quantity left: Unlimited",LSD Blotter 150Îµg x 5,Psychedelics,Other,LSD Blotter 150Îµg x 5,"Sold by bella-vita -
0 sold since Aug 27, 2015Î¾Î¾Vendor Level 1Î¾Trust Level 3",Purchase price: USD 43.50,17,Drugs & ChemicalsDrugs & Chemicals,Psychedelics,0.25g 4-AcO-MET,"Buy price
USD 40.00

(0.0324 BTC)",Fappylicious,null,0.25g 4-AcO-MET,Psychedelics,Other,0.25g 4-AcO-MET,"Sold by Fappylicious -
3 sold since Nov 15, 2015Î¾Î¾Vendor Level 2Î¾Trust Level 4",Purchase price: USD 40.00,5,Drugs & ChemicalsDrugs & Chemicals,Psychedelics,"500 mg  4-AcO-McPT Fumurate salt aka 4-AcO-N,N,-Methylcyclopropyltryptamine - White powder","Buy price
USD 50.00

(0.0407 BTC)",ion8,"Views: 149 / Bids: Fixed price
Quantity left: 2","500 mg  4-AcO-McPT Fumurate salt aka 4-AcO-N,N,-Methylcyclopropyltryptamine - White powder",Psychedelics,Other,"500 mg  4-AcO-McPT Fumurate salt aka 4-AcO-N,N,-Me...","Sold by ion8 -
0 sold since Dec 17, 2016Î¾Î¾Vendor Level 4Î¾Trust Level 6",Purchase price: USD 50.00,,Drugs & ChemicalsDrugs & Chemicals,Psychedelics,Thai Maeng Da Kratom Fine Powder - 500g,"Buy price
USD 88.00

(0.0716 BTC)",thehealingmaster,null,Thai Maeng Da Kratom Fine Powder - 500g,Psychedelics,Other,Thai Maeng Da Kratom Fine Powder - 500g,"Sold by thehealingmaster -
0 sold since Aug 22, 2016Î¾Î¾Vendor Level 1Î¾Trust Level 3",Purchase price: USD 88.00,19,Drugs & ChemicalsDrugs & Chemicals,Psychedelics,Red Vein Thai Maeng Da Kratom Plus - 5kg,"Buy price
USD 499.00

(0.4062 BTC)",thehealingmaster,null,Red Vein Thai Maeng Da Kratom Plus - 5kg,Psychedelics,Other,Red Vein Thai Maeng Da Kratom Plus - 5kg,"Sold by thehealingmaster -
0 sold since Aug 22, 2016Î¾Î¾Vendor Level 1Î¾Trust Level 3",Purchase price: USD 499.00,19,Drugs & ChemicalsDrugs & Chemicals,Psychedelics,1g 4-HO-MET,"Buy price
USD 125.00

(0.1016 BTC)",Fappylicious,"Views: 338 / Bids: Fixed price
Quantity left: 10",1g 4-HO-MET,Psychedelics,Other,1g 4-HO-MET,"Sold by Fappylicious -
0 sold since Nov 15, 2015Î¾Î¾Vendor Level 2Î¾Trust Level 4",Purchase price: USD 125.00,11,Drugs & ChemicalsDrugs & Chemicals,Psychedelics,original lsd blotters 140 UGL DUTCH QUALITY 50 PIECES,"Buy price
USD 223.18

(0.1817 BTC)",DUTCHRABBIT,"Views: 283 / Bids: Fixed price
Quantity left: Unlimited",original lsd blotters 140 UGL DUTCH QUALITY 50 PIECES,Psychedelics,Other,original lsd blotters 140 UGL DUTCH QUALITY 50 PIE...,"Sold by DUTCHRABBIT -
0 sold since Jul 12, 2015Î¾Î¾Vendor Level 1Î¾Trust Level 3",Purchase price: USD 223.18,17,Drugs & ChemicalsDrugs & Chemicals,Psychedelics,25 Geltabs DPT 150mg,"Buy price
USD 225.00

(0.1832 BTC)",Fapppylicious,"Views: 243 / Bids: Fixed price
Quantity left: 10",25 Geltabs DPT 150mg,Psychedelics,Other,25 Geltabs DPT 150mg,"Sold by Fapppylicious -
0 sold since Sep 29, 2016Î¾Î¾Vendor Level 6Î¾Trust Level 6",Purchase price: USD 225.00,14,Drugs & ChemicalsDrugs & Chemicals,Psychedelics,4-ACO-DET,"Buy price
USD 70.82

(0.0575 BTC)",rgn,null,4-ACO-DET,Psychedelics,Other,4-ACO-DET,"Sold by rgn -
0 sold since Nov 13, 2016Î¾Î¾Vendor Level 7Î¾Trust Level 6",Purchase price: USD 70.82,11,Drugs & ChemicalsDrugs & Chemicals,Psychedelics,Red Vein Bali Kratom Fine Powder - 100g,"Buy price
USD 23.00

(0.0187 BTC)",thehealingmaster,null,Red Vein Bali Kratom Fine Powder - 100g,Psychedelics,Other,Red Vein Bali Kratom Fine Powder - 100g,"Sold by thehealingmaster -
0 sold since Aug 22, 2016Î¾Î¾Vendor Level 1Î¾Trust Level 3",Purchase price: USD 23.00,10,Drugs & ChemicalsDrugs & Chemicals,Psychedelics,"100g / ~4oz - Mimosa Hostilis Rootbark - High Yield, Mexico","Buy price
USD 63.90

(0.0518 BTC)",b1g1mpact,"Views: 1295 / Bids: Fixed price
Quantity left: Unlimited","100g / ~4oz - Mimosa Hostilis Rootbark - High Yield, Mexico",Psychedelics,Other,100g / ~4oz - Mimosa Hostilis Rootbark - High Yiel...,"Sold by b1g1mpact -
4 sold since Sep 17, 2015Î¾Î¾Vendor Level 5Î¾Trust Level 6",Purchase price: USD 63.90,4,Drugs & ChemicalsDrugs & Chemicals,Psychedelics,1000 mg 4-AcO-DMT Fumurate salt - New Batch Snow white,"Buy price
USD 115.00

(0.0933 BTC)",ion8,null,1000 mg 4-AcO-DMT Fumurate salt - New Batch Snow white,Psychedelics,Other,1000 mg 4-AcO-DMT Fumurate salt - New Batch Snow w...,"Sold by ion8 -
2 sold since Sep 5, 2015Î¾Î¾Vendor Level 4Î¾Trust Level 6",Purchase price: USD 115.00,7,Drugs & ChemicalsDrugs & Chemicals,Psychedelics,100x - 1mg DOB,"Buy price
USD 233.01

(0.1897 BTC)",TheRainbowSerpent,"Views: 133 / Bids: Fixed price
Quantity left: Unlimited",100x - 1mg DOB,Psychedelics,Other,100x - 1mg DOB,"Sold by TheRainbowSerpent -
0 sold since Jan 13, 2017Î¾Î¾Vendor Level 1Î¾Trust Level 4",Purchase price: USD 233.01,14,Drugs & ChemicalsDrugs & Chemicals,Psychedelics,***1G SALVIA DIVINORUM EXTRACT 5X STRENGTH***SALE***FREE SHIPPING***LIMITED STOCK**,"Buy price
USD 22.98

(0.0186 BTC)",Dr-N.Doe,"Views: 811 / Bids: Fixed price
Quantity left: Unlimited",***1G SALVIA DIVINORUM EXTRACT 5X STRENGTH***SALE***FREE SHIPPING***LIMITED STOCK**,Psychedelics,Other,***1G SALVIA DIVINORUM EXTRACT 5X STRENGTH***SALE*...,"Sold by Dr-N.Doe -
15 sold since Apr 16, 2016Î¾Î¾Vendor Level 1Î¾Trust Level 4",Purchase price: USD 22.98,2,Drugs & ChemicalsDrugs & Chemicals,Psychedelics,Horned Leaf Borneo Kratom Fine Powder - 100g,"Buy price
USD 22.00

(0.0179 BTC)",thehealingmaster,null,Horned Leaf Borneo Kratom Fine Powder - 100g,Psychedelics,Other,Horned Leaf Borneo Kratom Fine Powder - 100g,"Sold by thehealingmaster -
0 sold since Aug 23, 2016Î¾Î¾Vendor Level 1Î¾Trust Level 3",Purchase price: USD 22.00,18,Drugs & ChemicalsDrugs & Chemicals,Psychedelics,100mg DMT Freebase ***FREE SHIPPING**,"Buy price
USD 43.83

(0.0356 BTC)",ozzAgrade,null,100mg DMT Freebase ***FREE SHIPPING**,Psychedelics,Other,100mg DMT Freebase ***FREE SHIPPING**,"Sold by ozzAgrade -
1 sold since Aug 4, 2015Î¾Î¾Vendor Level 1Î¾Trust Level 4",Purchase price: USD 43.83,9,Drugs & ChemicalsDrugs & Chemicals,Psychedelics,Isopropylphenidate$$  IPH $$ IPPD$$ closely related to methylphenidate$$ legal high $$ 50g$HIPING FROM POLAND EU,"Buy price
USD 369.00

(0.2997 BTC)",POL,"Views: 34 / Bids: Fixed price
Quantity left: Unlimited",Isopropylphenidate$$  IPH $$ IPPD$$ closely related to methylphenidate$$ legal high $$ 50g$HIPING FROM POLAND EU,Psychedelics,Other,Isopropylphenidate$$  IPH $$ IPPD$$ closely relate...,"Sold by POL -
0 sold since Apr 5, 2017Î¾Î¾Vendor Level 5Î¾Trust Level 6",Purchase price: USD 369.00,18,Drugs & ChemicalsDrugs & Chemicals,Psychedelics,"1x tab DOC - 3.0 MG - 2,5-Dimethoxy-4-chloroamphetamine- VERY STRONG TRIP! - FREE SHIPPING WORLDWIDE!","Buy price
USD 6.35

(0.0052 BTC)",HotStuff,Item # 316676 - Psychedelics / Other,"1x tab DOC - 3.0 MG - 2,5-Dimethoxy-4-chloroamphetamine- VERY STRONG TRIP! - FREE SHIPPING WORLDWIDE!",Psychedelics,Other,"1x tab DOC - 3.0 MG - 2,5-Dimethoxy-4-chloroamphet...","Sold by HotStuff -
5 sold since Mar 19, 2017Î¾Î¾Vendor Level 9Î¾Trust Level 8",null,4,Drugs & ChemicalsDrugs & Chemicals,Psychedelics,25g Salvia Divinorum leaves,"Buy price
USD 19.88

(0.0162 BTC)",Unitre,null,25g Salvia Divinorum leaves,Psychedelics,Other,25g Salvia Divinorum leaves,"Sold by Unitre -
0 sold since Mar 7, 2015Î¾Î¾Vendor Level 1Î¾Trust Level 3",Purchase price: USD 19.88,19,Drugs & ChemicalsDrugs & Chemicals,Psychedelics,"20g - Iboga Rootbark - High Quality, Cameroon","Buy price
USD 108.00

(0.0876 BTC)",b1g1mpact,"Views: 1922 / Bids: Fixed price
Quantity left: Unlimited","20g - Iboga Rootbark - High Quality, Cameroon",Psychedelics,Other,"20g - Iboga Rootbark - High Quality, Cameroon","Sold by b1g1mpact -
22 sold since Sep 17, 2015Î¾Î¾Vendor Level 5Î¾Trust Level 6",Purchase price: USD 108.00,2,Drugs & ChemicalsDrugs & Chemicals,Psychedelics,50 LSD stamps Anonymous (180Ô_g),"Buy price
USD 245.00

(0.1991 BTC)",MrSniffer,"Views: 681 / Bids: Fixed price
Quantity left: Unlimited",50 LSD stamps Anonymous (180Ô_g),Psychedelics,Other,50 LSD stamps Anonymous (180Ô_g),"Sold by MrSniffer -
1 sold since Sep 3, 2015Î¾Î¾Vendor Level 5Î¾Trust Level 6",Purchase price: USD 245.00,8,Drugs & ChemicalsDrugs & Chemicals,Psychedelics,100 x 100mcg ETH-LAD Blotters,"Buy price
USD 387.14

(0.3151 BTC)",eurotrips,"Views: 31 / Bids: Fixed price
Quantity left: Unlimited",100 x 100mcg ETH-LAD Blotters,Psychedelics,Other,100 x 100mcg ETH-LAD Blotters,"Sold by eurotrips -
0 sold since Mar 23, 2017Î¾Î¾Vendor Level 1Î¾Trust Level 3",Purchase price: USD 387.14,,Drugs & ChemicalsDrugs & Chemicals,Psychedelics,Salvia Divinorum 20X extract - 5 GRAM (TOP QUALITY),"Buy price
USD 139.99

(0.1137 BTC)",MicroDroper,"Views: 68 / Bids: Fixed price
Quantity left: Unlimited",Salvia Divinorum 20X extract - 5 GRAM (TOP QUALITY),Psychedelics,Other,Salvia Divinorum 20X extract - 5 GRAM (TOP QUALITY...,"Sold by MicroDroper -
0 sold since Mar 12, 2017Î¾Î¾Vendor Level 2Î¾Trust Level 6",Purchase price: USD 139.99,12,Drugs & ChemicalsDrugs & Chemicals,Psychedelics,Green Vein Borneo Kratom Fine Powder - 500g,"Buy price
USD 92.00

(0.0747 BTC)",thehealingmaster,null,Green Vein Borneo Kratom Fine Powder - 500g,Psychedelics,Other,Green Vein Borneo Kratom Fine Powder - 500g,"Sold by thehealingmaster -
0 sold since Aug 22, 2016Î¾Î¾Vendor Level 1Î¾Trust Level 3",Purchase price: USD 92.00,10,Drugs & ChemicalsDrugs & Chemicals,Psychedelics,1g 5-MeO-MiPT,"Buy price
USD 60.00

(0.0487 BTC)",Fappylicious,null,1g 5-MeO-MiPT,Psychedelics,Other,1g 5-MeO-MiPT,"Sold by Fappylicious -
16 sold since Nov 15, 2015Î¾Î¾Vendor Level 2Î¾Trust Level 4",Purchase price: USD 60.00,2,Drugs & ChemicalsDrugs & Chemicals,Psychedelics,4F-alpha-PHP /4-Fluoro-alpha-PHP 20GRAM$ / $HIPING FROM POLAND,"Buy price
USD 96.00

(0.0780 BTC)",POL,"Views: 34 / Bids: Fixed price
Quantity left: Unlimited",4F-alpha-PHP /4-Fluoro-alpha-PHP 20GRAM$ / $HIPING FROM POLAND,Psychedelics,Other,4F-alpha-PHP /4-Fluoro-alpha-PHP 20GRAM$ / $HIPING...,"Sold by POL -
0 sold since Apr 9, 2017Î¾Î¾Vendor Level 5Î¾Trust Level 6",Purchase price: USD 96.00,11,Drugs & ChemicalsDrugs & Chemicals,Psychedelics,Green Vein Malay Kratom Fine Powder - 500g,"Buy price
USD 94.00

(0.0765 BTC)",thehealingmaster,null,Green Vein Malay Kratom Fine Powder - 500g,Psychedelics,Other,Green Vein Malay Kratom Fine Powder - 500g,"Sold by thehealingmaster -
0 sold since Aug 22, 2016Î¾Î¾Vendor Level 1Î¾Trust Level 3",Purchase price: USD 94.00,,Drugs & ChemicalsDrugs & Chemicals,Psychedelics,50mg Sample 5-APB  HCL (Auction Limited),"Current price
USD 4.39

(0.0036 BTC)",alterEgo,null,50mg Sample 5-APB  HCL (Auction Limited),Psychedelics,Other,50mg Sample 5-APB  HCL (Auction Limited),"Sold by alterEgo -
0 sold since Apr 7, 2015Î¾Î¾Vendor Level 1Î¾Trust Level 4",Purchase price: USD 0.00,17,Drugs & ChemicalsDrugs & Chemicals,Psychedelics,original lsd blotters 140 UGL DUTCH QUALITY 500 PIECES,"Buy price
USD 2,092.27

(1.7032 BTC)",DUTCHRABBIT,"Views: 247 / Bids: Fixed price
Quantity left: Unlimited",original lsd blotters 140 UGL DUTCH QUALITY 500 PIECES,Psychedelics,Other,original lsd blotters 140 UGL DUTCH QUALITY 500 PI...,"Sold by DUTCHRABBIT -
0 sold since Jul 12, 2015Î¾Î¾Vendor Level 1Î¾Trust Level 3","Purchase price: USD 2,092.27",16,Drugs & ChemicalsDrugs & Chemicals,Psychedelics,25x - 1mg DOB,"Buy price
USD 86.90

(0.0705 BTC)",TheRainbowSerpent,"Views: 168 / Bids: Fixed price
Quantity left: Unlimited",25x - 1mg DOB,Psychedelics,Other,25x - 1mg DOB,"Sold by TheRainbowSerpent -
2 sold since Jan 13, 2017Î¾Î¾Vendor Level 1Î¾Trust Level 4",Purchase price: USD 86.90,6,Drugs & ChemicalsDrugs & Chemicals,Psychedelics,5 Geltabs 5-MeO-DALT 15mg,"Buy price
USD 20.00

(0.0162 BTC)",Fapppylicious,null,5 Geltabs 5-MeO-DALT 15mg,Psychedelics,Other,5 Geltabs 5-MeO-DALT 15mg,"Sold by Fapppylicious -
8 sold since Jul 22, 2016Î¾Î¾Vendor Level 6Î¾Trust Level 6",Purchase price: USD 20.00,3,Drugs & ChemicalsDrugs & Chemicals,Psychedelics,Fo-Ti Extract Powder (100 grams) [MAO-B inhibitor],"Buy price
USD 20.00

(0.0163 BTC)",prodruq,null,Fo-Ti Extract Powder (100 grams) [MAO-B inhibitor],Psychedelics,Other,Fo-Ti Extract Powder (100 grams) [MAO-B inhibitor],"Sold by prodruq -
0 sold since Jan 20, 2017Î¾Î¾Vendor Level 3Î¾Trust Level 4",null,14,Drugs & ChemicalsDrugs & Chemicals,Psychedelics,10 x HQ DUTCH LSD BLOTTERS 180ug,"Buy price
USD 77.95

(0.0633 BTC)",krautling,null,10 x HQ DUTCH LSD BLOTTERS 180ug,Psychedelics,Other,10 x HQ DUTCH LSD BLOTTERS 180ug,"Sold by krautling -
0 sold since Aug 15, 2015Î¾Î¾Vendor Level 2Î¾Trust Level 5",Purchase price: USD 77.95,11,Drugs & ChemicalsDrugs & Chemicals,Psychedelics,50g Peganum harmala (Syrian Rue) - Potent MAOI,"Buy price
USD 25.01

(0.0203 BTC)",ethnobotanicals,"Views: 19 / Bids: Fixed price
Quantity left: Unlimited",50g Peganum harmala (Syrian Rue) - Potent MAOI,Psychedelics,Other,50g Peganum harmala (Syrian Rue) - Potent MAOI,"Sold by ethnobotanicals -
0 sold since Apr 12, 2017Î¾Î¾Vendor Level 1Î¾Trust Level 3",Purchase price: USD 25.01,18,Drugs & ChemicalsDrugs & Chemicals,Psychedelics,N-ethyl Pentylone(bk-EBDP)/Ephylone 500 GRAMS  $HIPING FORM POLAND,"Buy price
USD 1,192.00

(0.9703 BTC)",POL,"Views: 15 / Bids: Fixed price
Quantity left: Unlimited",N-ethyl Pentylone(bk-EBDP)/Ephylone 500 GRAMS  $HIPING FORM POLAND,Psychedelics,Other,N-ethyl Pentylone(bk-EBDP)/Ephylone 500 GRAMS  $HI...,"Sold by POL -
0 sold since Apr 14, 2017Î¾Î¾Vendor Level 5Î¾Trust Level 6","Purchase price: USD 1,192.00",13,Drugs & ChemicalsDrugs & Chemicals,Psychedelics,Red Vein Borneo Bali Kratom Powder - 500g,"Buy price
USD 77.00

(0.0625 BTC)",thehealingmaster,null,Red Vein Borneo Bali Kratom Powder - 500g,Psychedelics,Other,Red Vein Borneo Bali Kratom Powder - 500g,"Sold by thehealingmaster -
0 sold since Aug 22, 2016Î¾Î¾Vendor Level 1Î¾Trust Level 3",Purchase price: USD 77.00,18,Drugs & ChemicalsDrugs & Chemicals,Psychedelics,0.5g 5-MeO-MiPT,"Buy price
USD 40.00

(0.0324 BTC)",Fappylicious,null,0.5g 5-MeO-MiPT,Psychedelics,Other,0.5g 5-MeO-MiPT,"Sold by Fappylicious -
12 sold since Nov 15, 2015Î¾Î¾Vendor Level 2Î¾Trust Level 4",Purchase price: USD 40.00,3,Drugs & ChemicalsDrugs & Chemicals,Psychedelics,Thai Maeng Da Kratom Fine Powder - 250g,"Buy price
USD 50.00

(0.0407 BTC)",thehealingmaster,null,Thai Maeng Da Kratom Fine Powder - 250g,Psychedelics,Other,Thai Maeng Da Kratom Fine Powder - 250g,"Sold by thehealingmaster -
0 sold since Aug 22, 2016Î¾Î¾Vendor Level 1Î¾Trust Level 3",Purchase price: USD 50.00,17,Drugs & ChemicalsDrugs & Chemicals,Psychedelics,4-HO-MIPT 100mg - Sample - Read Description,"Buy price
USD 6.63

(0.0054 BTC)",DelicDeluxe,"Views: 583 / Bids: Fixed price
Quantity left: Unlimited",4-HO-MIPT 100mg - Sample - Read Description,Psychedelics,Other,4-HO-MIPT 100mg - Sample - Read Description,"Sold by DelicDeluxe -
0 sold since Jul 11, 2016Î¾Î¾Vendor Level 1Î¾Trust Level 3",Purchase price: USD 6.63,19,Drugs & ChemicalsDrugs & Chemicals,Psychedelics,75x Anonymouse HQ LSD blotters (180Ô_g) FREE SHIPPING,"Buy price
USD 356.99

(0.2906 BTC)",DutchDelights,null,75x Anonymouse HQ LSD blotters (180Ô_g) FREE SHIPPING,Psychedelics,Other,75x Anonymouse HQ LSD blotters (180Ô_g) FREE SHIPPI...,"Sold by DutchDelights -
0 sold since Sep 21, 2015Î¾Î¾Vendor Level 1Î¾Trust Level 6",Purchase price: USD 356.99,19,Drugs & ChemicalsDrugs & Chemicals,Psychedelics,White Vein Borneo Kratom Micro Powder - 100g,"Buy price
USD 25.00

(0.0203 BTC)",thehealingmaster,null,White Vein Borneo Kratom Micro Powder - 100g,Psychedelics,Other,White Vein Borneo Kratom Micro Powder - 100g,"Sold by thehealingmaster -
0 sold since Aug 22, 2016Î¾Î¾Vendor Level 1Î¾Trust Level 3",Purchase price: USD 25.00,18,Drugs & ChemicalsDrugs & Chemicals,Psychedelics,"LSD ""White Fluff"" 150+ug - 10 Hits","Buy price
USD 110.00

(0.0895 BTC)",US-Finest,"Views: 259 / Bids: Fixed price
Quantity left: 20","LSD ""White Fluff"" 150+ug - 10 Hits",Psychedelics,Other,"LSD ""White Fluff"" 150+ug - 10 Hits","Sold by US-Finest -
0 sold since Aug 27, 2015Î¾Î¾Vendor Level 1Î¾Trust Level 3",Purchase price: USD 110.00,,Drugs & ChemicalsDrugs & Chemicals,Psychedelics,Horned Leaf Borneo Kratom Fine Powder - 500g,"Buy price
USD 90.00

(0.0733 BTC)",thehealingmaster,null,Horned Leaf Borneo Kratom Fine Powder - 500g,Psychedelics,Other,Horned Leaf Borneo Kratom Fine Powder - 500g,"Sold by thehealingmaster -
0 sold since Aug 23, 2016Î¾Î¾Vendor Level 1Î¾Trust Level 3",Purchase price: USD 90.00,16,Drugs & ChemicalsDrugs & Chemicals,Psychedelics,25 x 100mcg ETH-LAD Blotters,"Buy price
USD 134.42

(0.1094 BTC)",eurotrips,"Views: 31 / Bids: Fixed price
Quantity left: Unlimited",25 x 100mcg ETH-LAD Blotters,Psychedelics,Other,25 x 100mcg ETH-LAD Blotters,"Sold by eurotrips -
0 sold since Mar 23, 2017Î¾Î¾Vendor Level 1Î¾Trust Level 3",Purchase price: USD 134.42,13,Drugs & ChemicalsDrugs & Chemicals,Psychedelics,CLIHMC CMC REPLACE 2G SAMPLE,"Buy price
USD 14.00

(0.0114 BTC)",POL,"Views: 16 / Bids: Fixed price
Quantity left: Unlimited",CLIHMC CMC REPLACE 2G SAMPLE,Psychedelics,Other,CLIHMC CMC REPLACE 2G SAMPLE,"Sold by POL -
0 sold since Apr 18, 2017Î¾Î¾Vendor Level 5Î¾Trust Level 6",Purchase price: USD 14.00,14,Drugs & ChemicalsDrugs & Chemicals,Psychedelics,1G SALVIA EXTRACT 10x,"Buy price
USD 27.96

(0.0227 BTC)",EvilMadScientist,"Views: 1099 / Bids: Fixed price
Quantity left: Unlimited",1G SALVIA EXTRACT 10x,Psychedelics,Other,1G SALVIA EXTRACT 10x,"Sold by EvilMadScientist -
8 sold since Sep 7, 2016Î¾Î¾Vendor Level 1Î¾Trust Level 5",Purchase price: USD 27.96,3,Drugs & ChemicalsDrugs & Chemicals,Psychedelics,0.5g Iboga TA (Total Alkaloid) Extraction,"Buy price
USD 90.00

(0.0730 BTC)",b1g1mpact,"Views: 1303 / Bids: Fixed price
Quantity left: Unlimited",0.5g Iboga TA (Total Alkaloid) Extraction,Psychedelics,Other,0.5g Iboga TA (Total Alkaloid) Extraction,"Sold by b1g1mpact -
4 sold since Sep 17, 2015Î¾Î¾Vendor Level 5Î¾Trust Level 6",Purchase price: USD 90.00,5,Drugs & ChemicalsDrugs & Chemicals,Psychedelics,50 GRAMS MEPHEDRONE - MCAT - 4MMC - MIAUW-MIAUW,"Buy price
USD 307.71

(0.2505 BTC)",TorWeBShop,"Views: 16 / Bids: Fixed price
Quantity left: Unlimited",50 GRAMS MEPHEDRONE - MCAT - 4MMC - MIAUW-MIAUW,Psychedelics,Other,50 GRAMS MEPHEDRONE - MCAT - 4MMC - MIAUW-MIAUW,"Sold by TorWeBShop -
0 sold since Apr 12, 2017Î¾Î¾Vendor Level 1Î¾Trust Level 3",Purchase price: USD 307.71,13,Drugs & ChemicalsDrugs & Chemicals,Psychedelics,Sassafras Root Bark Cut & Sifted - 1 lb [SAFROLE source herb],"Buy price
USD 45.00

(0.0366 BTC)",prodruq,null,Sassafras Root Bark Cut & Sifted - 1 lb [SAFROLE source herb],Psychedelics,Other,Sassafras Root Bark Cut & Sifted - 1 lb [SAFRO...,"Sold by prodruq -
0 sold since Feb 14, 2017Î¾Î¾Vendor Level 3Î¾Trust Level 4",Purchase price: USD 45.00,11,Drugs & ChemicalsDrugs & Chemicals,Psychedelics,Isopropylphenidate$$  IPH $$ IPPD$$ closely related to methylphenidate$$ legal high $$ 1g $ample,"Buy price
USD 24.00

(0.0195 BTC)",POL,"Views: 93 / Bids: Fixed price
Quantity left: Unlimited",Isopropylphenidate$$  IPH $$ IPPD$$ closely related to methylphenidate$$ legal high $$ 1g $ample,Psychedelics,Other,Isopropylphenidate$$  IPH $$ IPPD$$ closely relate...,"Sold by POL -
2 sold since Apr 5, 2017Î¾Î¾Vendor Level 5Î¾Trust Level 6",Purchase price: USD 24.00,7,Drugs & ChemicalsDrugs & Chemicals,Psychedelics,Thai Maeng Da Kratom Micro Grain - 100g,"Buy price
USD 32.00

(0.0260 BTC)",thehealingmaster,null,Thai Maeng Da Kratom Micro Grain - 100g,Psychedelics,Other,Thai Maeng Da Kratom Micro Grain - 100g,"Sold by thehealingmaster -
0 sold since Aug 22, 2016Î¾Î¾Vendor Level 1Î¾Trust Level 3",Purchase price: USD 32.00,,Drugs & ChemicalsDrugs & Chemicals,Psychedelics,25x Anonymouse HQ LSD blotters (180Ô_g) FREE SHIPPING,"Buy price
USD 138.22

(0.1123 BTC)",DutchDelights,null,25x Anonymouse HQ LSD blotters (180Ô_g) FREE SHIPPING,Psychedelics,Other,25x Anonymouse HQ LSD blotters (180Ô_g) FREE SHIPPI...,"Sold by DutchDelights -
1 sold since Sep 21, 2015Î¾Î¾Vendor Level 1Î¾Trust Level 6",Purchase price: USD 138.22,10,Drugs & ChemicalsDrugs & Chemicals,Psychedelics,Allergan Botox (1x200iu),"Buy price
USD 311.00

(0.2527 BTC)",halsey1,"Views: 83 / Bids: Fixed price
Quantity left: Unlimited",Allergan Botox (1x200iu),Psychedelics,Other,Allergan Botox (1x200iu),"Sold by halsey1 -
1 sold since Apr 6, 2017Î¾Î¾Vendor Level 1Î¾Trust Level 4",Purchase price: USD 311.00,8,Drugs & ChemicalsDrugs & Chemicals,Psychedelics,3.5 Grams Sacred Magic Mushrooms Cubensis -Golden Teacher-Psylocibe,"Buy price
USD 39.00

(0.0316 BTC)",nucleoide,"Views: 1357 / Bids: Fixed price
Quantity left: Unlimited",3.5 Grams Sacred Magic Mushrooms Cubensis -Golden Teacher-Psylocibe,Psychedelics,Other,3.5 Grams Sacred Magic Mushrooms Cubensis -Golden ...,"Sold by nucleoide -
6 sold since Sep 15, 2015Î¾Î¾Vendor Level 1Î¾Trust Level 5",Purchase price: USD 39.00,3,Drugs & ChemicalsDrugs & Chemicals,Psychedelics,50x HQ DUTCH LSD BLOTTERS 180ug,"Buy price
USD 222.71

(0.1810 BTC)",krautling,null,50x HQ DUTCH LSD BLOTTERS 180ug,Psychedelics,Other,50x HQ DUTCH LSD BLOTTERS 180ug,"Sold by krautling -
0 sold since Aug 15, 2015Î¾Î¾Vendor Level 2Î¾Trust Level 5",Purchase price: USD 222.71,11,Drugs & ChemicalsDrugs & Chemicals,Psychedelics,2x Anonymouse HQ LSD blotters (180Ô_g) FREE SHIPPING,"Buy price
USD 11.98

(0.0097 BTC)",DutchDelights,null,2x Anonymouse HQ LSD blotters (180Ô_g) FREE SHIPPING,Psychedelics,Other,2x Anonymouse HQ LSD blotters (180Ô_g) FREE SHIPPIN...,"Sold by DutchDelights -
5 sold since Sep 21, 2015Î¾Î¾Vendor Level 1Î¾Trust Level 6",Purchase price: USD 11.98,4,Drugs & ChemicalsDrugs & Chemicals,Psychedelics,1 Gram Pure Ibogaine TA,"Buy price
USD 200.00

(0.1628 BTC)",cornertang36,"Views: 285 / Bids: Fixed price
Quantity left: 3",1 Gram Pure Ibogaine TA,Psychedelics,Other,1 Gram Pure Ibogaine TA,"Sold by cornertang36 -
0 sold since Jan 3, 2017Î¾Î¾Vendor Level 1Î¾Trust Level 5",Purchase price: USD 200.00,16,Drugs & ChemicalsDrugs & Chemicals,Psychedelics,1KG  MEPHEDRONE - MCAT - 4MMC - MIAUW-MIAUW,"Buy price
USD 4,509.52

(3.6640 BTC)",TorWeBShop,"Views: 21 / Bids: Fixed price
Quantity left: Unlimited",1KG  MEPHEDRONE - MCAT - 4MMC - MIAUW-MIAUW,Psychedelics,Other,1KG  MEPHEDRONE - MCAT - 4MMC - MIAUW-MIAUW,"Sold by TorWeBShop -
0 sold since Apr 12, 2017Î¾Î¾Vendor Level 1Î¾Trust Level 3","Purchase price: USD 4,509.52",12,Drugs & ChemicalsDrugs & Chemicals,Psychedelics,100x Anonymouse HQ LSD blotters (180Ô_g) FREE SHIPPING,"Buy price
USD 435.35

(0.3544 BTC)",DutchDelights,null,100x Anonymouse HQ LSD blotters (180Ô_g) FREE SHIPPING,Psychedelics,Other,100x Anonymouse HQ LSD blotters (180Ô_g) FREE SHIPP...,"Sold by DutchDelights -
0 sold since Sep 21, 2015Î¾Î¾Vendor Level 1Î¾Trust Level 6",Purchase price: USD 435.35,14,Drugs & ChemicalsDrugs & Chemicals,Psychedelics,10g 4-FMC,"Buy price
USD 180.00

(0.1465 BTC)",Fappylicious,null,10g 4-FMC,Psychedelics,Other,10g 4-FMC,"Sold by Fappylicious -
0 sold since Nov 15, 2015Î¾Î¾Vendor Level 2Î¾Trust Level 4",Purchase price: USD 180.00,19,Drugs & ChemicalsDrugs & Chemicals,Psychedelics,Horned Leaf Borneo Kratom Fine Powder - 1kg,"Buy price
USD 176.00

(0.1433 BTC)",thehealingmaster,null,Horned Leaf Borneo Kratom Fine Powder - 1kg,Psychedelics,Other,Horned Leaf Borneo Kratom Fine Powder - 1kg,"Sold by thehealingmaster -
0 sold since Aug 23, 2016Î¾Î¾Vendor Level 1Î¾Trust Level 3",Purchase price: USD 176.00,17,Drugs & ChemicalsDrugs & Chemicals,Psychedelics,500 GRAMS MEPHEDRONE - MCAT - 4MMC - MIAUW-MIAUW,"Buy price
USD 2,546.55

(2.0730 BTC)",TorWeBShop,"Views: 15 / Bids: Fixed price
Quantity left: Unlimited",500 GRAMS MEPHEDRONE - MCAT - 4MMC - MIAUW-MIAUW,Psychedelics,Other,500 GRAMS MEPHEDRONE - MCAT - 4MMC - MIAUW-MIAUW,"Sold by TorWeBShop -
0 sold since Apr 12, 2017Î¾Î¾Vendor Level 1Î¾Trust Level 3","Purchase price: USD 2,546.55",13,Drugs & ChemicalsDrugs & Chemicals,Psychedelics,Green Vein Borneo Kratom Fine Powder - 1kg,"Buy price
USD 170.00

(0.1381 BTC)",thehealingmaster,null,Green Vein Borneo Kratom Fine Powder - 1kg,Psychedelics,Other,Green Vein Borneo Kratom Fine Powder - 1kg,"Sold by thehealingmaster -
0 sold since Aug 22, 2016Î¾Î¾Vendor Level 1Î¾Trust Level 3",Purchase price: USD 170.00,11,Drugs & ChemicalsDrugs & Chemicals,Psychedelics,SALVIA DIVINORUM CUTTINGS! 70$ for very good Dutch talea! READ DESCRIPTION!,"Buy price
USD 70.00

(0.0569 BTC)",artcrime,"Views: 691 / Bids: Fixed price
Quantity left: Unlimited",SALVIA DIVINORUM CUTTINGS! 70$ for very good Dutch talea! READ DESCRIPTION!,Psychedelics,Other,SALVIA DIVINORUM CUTTINGS! 70$ for very good Dutch...,"Sold by artcrime -
1 sold since Aug 3, 2016Î¾Î¾Vendor Level 1Î¾Trust Level 4",Purchase price: USD 70.00,9,Drugs & ChemicalsDrugs & Chemicals,Psychedelics,Green Vein Borneo Kratom Plus - 250g,"Buy price
USD 49.00

(0.0398 BTC)",thehealingmaster,null,Green Vein Borneo Kratom Plus - 250g,Psychedelics,Other,Green Vein Borneo Kratom Plus - 250g,"Sold by thehealingmaster -
0 sold since Aug 22, 2016Î¾Î¾Vendor Level 1Î¾Trust Level 3",Purchase price: USD 49.00,18,Drugs & ChemicalsDrugs & Chemicals,Psychedelics,3g Iboga TA (Total Alkaloid) Extraction,"Buy price
USD 468.00

(0.3796 BTC)",b1g1mpact,"Views: 1402 / Bids: Fixed price
Quantity left: Unlimited",3g Iboga TA (Total Alkaloid) Extraction,Psychedelics,Other,3g Iboga TA (Total Alkaloid) Extraction,"Sold by b1g1mpact -
10 sold since Sep 17, 2015Î¾Î¾Vendor Level 5Î¾Trust Level 6",Purchase price: USD 468.00,3,Drugs & ChemicalsDrugs & Chemicals,Psychedelics,Salvia Divinorum 20x Extract 250mg,"Buy price
USD 20.00

(0.0162 BTC)",theTab,"Views: 392 / Bids: Fixed price
Quantity left: 2",Salvia Divinorum 20x Extract 250mg,Psychedelics,Other,Salvia Divinorum 20x Extract 250mg,"Sold by theTab -
1 sold since Dec 2, 2016Î¾Î¾Vendor Level 3Î¾Trust Level 6",Purchase price: USD 20.00,8,Drugs & ChemicalsDrugs & Chemicals,Psychedelics,High Potency Magic Mushrooms 3.5g,"Buy price
USD 35.00

(0.0285 BTC)",DankHunter,null,High Potency Magic Mushrooms 3.5g,Psychedelics,Other,High Potency Magic Mushrooms 3.5g,"Sold by DankHunter -
0 sold since Aug 30, 2015Î¾Î¾Vendor Level 1Î¾Trust Level 3",Purchase price: USD 35.00,,Drugs & ChemicalsDrugs & Chemicals,Psychedelics,1kg ETIZOLAM powder(16000),"Buy price
USD 16,000.00

(12.9999 BTC)",devil6969,"Views: 30 / Bids: Fixed price
Quantity left: Unlimited",1kg ETIZOLAM powder(16000),Psychedelics,Other,1kg ETIZOLAM powder(16000),"Sold by devil6969 -
0 sold since Mar 18, 2017Î¾Î¾Vendor Level 1Î¾Trust Level 5","Purchase price: USD 16,000.00",10,Drugs & ChemicalsDrugs & Chemicals,Psychedelics,Red Vein Sumatra Kratom Plus - 100g,"Buy price
USD 22.00

(0.0179 BTC)",thehealingmaster,null,Red Vein Sumatra Kratom Plus - 100g,Psychedelics,Other,Red Vein Sumatra Kratom Plus - 100g,"Sold by thehealingmaster -
1 sold since Aug 22, 2016Î¾Î¾Vendor Level 1Î¾Trust Level 3",Purchase price: USD 22.00,8,Drugs & ChemicalsDrugs & Chemicals,Psychedelics,Pure Ibogaine HCL .5 gram,"Buy price
USD 250.00

(0.2028 BTC)",Cornertang38,"Views: 256 / Bids: Fixed price
Quantity left: 1",Pure Ibogaine HCL .5 gram,Psychedelics,Other,Pure Ibogaine HCL .5 gram,"Sold by Cornertang38 -
3 sold since Feb 18, 2017Î¾Î¾Vendor Level 1Î¾Trust Level 4",Purchase price: USD 250.00,5,Drugs & ChemicalsDrugs & Chemicals,Psychedelics,5g 5-MeO-MiPT,"Buy price
USD 200.00

(0.1622 BTC)",Fappylicious,null,5g 5-MeO-MiPT,Psychedelics,Other,5g 5-MeO-MiPT,"Sold by Fappylicious -
4 sold since Nov 15, 2015Î¾Î¾Vendor Level 2Î¾Trust Level 4",Purchase price: USD 200.00,4,Drugs & ChemicalsDrugs & Chemicals,Psychedelics,***FREE*** Valhalla invite ****FREE***,"Buy price
USD 0.00

(0.0000 BTC)",wedabest,"Views: 299 / Bids: Fixed price
Quantity left: Unlimited",***FREE*** Valhalla invite ****FREE***,Psychedelics,Other,***FREE*** Valhalla invite ****FREE***,"Sold by wedabest -
3 sold since Dec 6, 2016Î¾Î¾Vendor Level 1Î¾Trust Level 6",Purchase price: USD 0.00,6,Drugs & ChemicalsDrugs & Chemicals,Psychedelics,Pure Ibogaine HCL 1 gram,"Buy price
USD 450.00

(0.3650 BTC)",Cornertang38,"Views: 313 / Bids: Fixed price
Quantity left: 3",Pure Ibogaine HCL 1 gram,Psychedelics,Other,Pure Ibogaine HCL 1 gram,"Sold by Cornertang38 -
3 sold since Feb 18, 2017Î¾Î¾Vendor Level 1Î¾Trust Level 4",Purchase price: USD 450.00,5,Drugs & ChemicalsDrugs & Chemicals,Psychedelics,Red Vein Kratom Super-Enhanced 100g,"Buy price
USD 47.00

(0.0382 BTC)",thehealingmaster,null,Red Vein Kratom Super-Enhanced 100g,Psychedelics,Other,Red Vein Kratom Super-Enhanced 100g,"Sold by thehealingmaster -
0 sold since Aug 22, 2016Î¾Î¾Vendor Level 1Î¾Trust Level 3",Purchase price: USD 47.00,10,Drugs & ChemicalsDrugs & Chemicals,Psychedelics,0.5g 4-HO-MET,"Buy price
USD 65.00

(0.0527 BTC)",Fappylicious,null,0.5g 4-HO-MET,Psychedelics,Other,0.5g 4-HO-MET,"Sold by Fappylicious -
3 sold since Nov 15, 2015Î¾Î¾Vendor Level 2Î¾Trust Level 4",Purchase price: USD 65.00,6,Drugs & ChemicalsDrugs & Chemicals,Psychedelics,White Vein Borneo Kratom Fine Grain - 100g,"Buy price
USD 22.00

(0.0179 BTC)",thehealingmaster,null,White Vein Borneo Kratom Fine Grain - 100g,Psychedelics,Other,White Vein Borneo Kratom Fine Grain - 100g,"Sold by thehealingmaster -
0 sold since Aug 22, 2016Î¾Î¾Vendor Level 1Î¾Trust Level 3",Purchase price: USD 22.00,10,Drugs & ChemicalsDrugs & Chemicals,Psychedelics,Kava Kava Extract Powder (250 grams) [MAO-B inhibitor],"Buy price
USD 35.00

(0.0285 BTC)",prodruq,"Views: 241 / Bids: Fixed price
Quantity left: Unlimited",Kava Kava Extract Powder (250 grams) [MAO-B inhibitor],Psychedelics,Other,Kava Kava Extract Powder (250 grams) [MAO-B inhibi...,"Sold by prodruq -
0 sold since Jan 20, 2017Î¾Î¾Vendor Level 3Î¾Trust Level 4",Purchase price: USD 35.00,14,Drugs & ChemicalsDrugs & Chemicals,Psychedelics,Thai Maeng Da Kratom Fine Powder - 1kg,"Buy price
USD 165.00

(0.1343 BTC)",thehealingmaster,null,Thai Maeng Da Kratom Fine Powder - 1kg,Psychedelics,Other,Thai Maeng Da Kratom Fine Powder - 1kg,"Sold by thehealingmaster -
0 sold since Aug 22, 2016Î¾Î¾Vendor Level 1Î¾Trust Level 3",Purchase price: USD 165.00,17,Drugs & ChemicalsDrugs & Chemicals,Psychedelics,1g DPT,"Buy price
USD 65.00

(0.0527 BTC)",Fapppylicious,"Views: 808 / Bids: Fixed price
Quantity left: 16",1g DPT,Psychedelics,Other,1g DPT,"Sold by Fapppylicious -
13 sold since Jul 31, 2016Î¾Î¾Vendor Level 6Î¾Trust Level 6",Purchase price: USD 65.00,2,Drugs & ChemicalsDrugs & Chemicals,Psychedelics,3 g MiPT - Methylisopropyltryptamine,"Buy price
USD 95.00

(0.0772 BTC)",ion8,"Views: 60 / Bids: Fixed price
Quantity left: 2",3 g MiPT - Methylisopropyltryptamine,Psychedelics,Other,3 g MiPT - Methylisopropyltryptamine,"Sold by ion8 -
1 sold since Mar 21, 2017Î¾Î¾Vendor Level 4Î¾Trust Level 6",Purchase price: USD 95.00,9,Drugs & ChemicalsDrugs & Chemicals,Psychedelics,original lsd blotters 140 UGL DUTCH QUALITY 250 PIECES,"Buy price
USD 1,046.13

(0.8516 BTC)",DUTCHRABBIT,"Views: 259 / Bids: Fixed price
Quantity left: Unlimited",original lsd blotters 140 UGL DUTCH QUALITY 250 PIECES,Psychedelics,Other,original lsd blotters 140 UGL DUTCH QUALITY 250 PI...,"Sold by DUTCHRABBIT -
0 sold since Jul 12, 2015Î¾Î¾Vendor Level 1Î¾Trust Level 3","Purchase price: USD 1,046.13",19,Drugs & ChemicalsDrugs & Chemicals,Psychedelics,500mg 4-aco-dmt,"Buy price
USD 160.00

(0.1298 BTC)",batcountry,"Views: 780 / Bids: Fixed price
Quantity left: 8",500mg 4-aco-dmt,Psychedelics,Other,500mg 4-aco-dmt,"Sold by batcountry -
7 sold since Sep 10, 2015Î¾Î¾Vendor Level 3Î¾Trust Level 5",Purchase price: USD 160.00,3,Drugs & ChemicalsDrugs & Chemicals,Psychedelics,10 GRAMS MEPHEDRONE - MCAT - 4MMC - MIAUW-MIAUW,"Buy price
USD 74.26

(0.0603 BTC)",TorWeBShop,"Views: 28 / Bids: Fixed price
Quantity left: Unlimited",10 GRAMS MEPHEDRONE - MCAT - 4MMC - MIAUW-MIAUW,Psychedelics,Other,10 GRAMS MEPHEDRONE - MCAT - 4MMC - MIAUW-MIAUW,"Sold by TorWeBShop -
0 sold since Apr 12, 2017Î¾Î¾Vendor Level 1Î¾Trust Level 3",Purchase price: USD 74.26,11,Drugs & ChemicalsDrugs & Chemicals,Psychedelics,Green Vein Borneo Kratom Fine Powder - 100g,"Buy price
USD 23.00

(0.0187 BTC)",thehealingmaster,null,Green Vein Borneo Kratom Fine Powder - 100g,Psychedelics,Other,Green Vein Borneo Kratom Fine Powder - 100g,"Sold by thehealingmaster -
0 sold since Aug 22, 2016Î¾Î¾Vendor Level 1Î¾Trust Level 3",Purchase price: USD 23.00,17,Drugs & ChemicalsDrugs & Chemicals,Psychedelics,Green Vein Malay Kratom Fine Powder - 100g,"Buy price
USD 25.00

(0.0203 BTC)",thehealingmaster,null,Green Vein Malay Kratom Fine Powder - 100g,Psychedelics,Other,Green Vein Malay Kratom Fine Powder - 100g,"Sold by thehealingmaster -
0 sold since Aug 22, 2016Î¾Î¾Vendor Level 1Î¾Trust Level 3",Purchase price: USD 25.00,11,Drugs & ChemicalsDrugs & Chemicals,Psychedelics,:-) 500x DOB 1.4 mg for $250 :-),"Buy price
USD 160.00

(0.1302 BTC)",Mr_Sunshine,"Views: 124 / Bids: Fixed price
Quantity left: Unlimited",:-) 500x DOB 1.4 mg for $250 :-),Psychedelics,Other,:-) 500x DOB 1.4 mg for $250 :-),"Sold by Mr_Sunshine -
0 sold since Jun 8, 2016Î¾Î¾Vendor Level 1Î¾Trust Level 5",Purchase price: USD 160.00,19,Drugs & ChemicalsDrugs & Chemicals,Psychedelics,25 Geltabs 5-MeO-DALT 15mg,"Buy price
USD 70.00

(0.0568 BTC)",Fapppylicious,"Views: 358 / Bids: Fixed price
Quantity left: 99",25 Geltabs 5-MeO-DALT 15mg,Psychedelics,Other,25 Geltabs 5-MeO-DALT 15mg,"Sold by Fapppylicious -
2 sold since Jul 22, 2016Î¾Î¾Vendor Level 6Î¾Trust Level 6",Purchase price: USD 70.00,7,Drugs & ChemicalsDrugs & Chemicals,Psychedelics,N-ethyl Pentylone(bk-EBDP)/Ephylone 2GRAMS  $HIPING FORM POLAND,"Buy price
USD 19.00

(0.0155 BTC)",POL,"Views: 24 / Bids: Fixed price
Quantity left: Unlimited",N-ethyl Pentylone(bk-EBDP)/Ephylone 2GRAMS  $HIPING FORM POLAND,Psychedelics,Other,N-ethyl Pentylone(bk-EBDP)/Ephylone 2GRAMS  $HIPIN...,"Sold by POL -
0 sold since Apr 14, 2017Î¾Î¾Vendor Level 5Î¾Trust Level 6",Purchase price: USD 19.00,14,Drugs & ChemicalsDrugs & Chemicals,Psychedelics,:-) 1000x DOB 1.4 mg for $310 :-),"Buy price
USD 310.00

(0.2519 BTC)",Mr_Sunshine,"Views: 127 / Bids: Fixed price
Quantity left: Unlimited",:-) 1000x DOB 1.4 mg for $310 :-),Psychedelics,Other,:-) 1000x DOB 1.4 mg for $310 :-),"Sold by Mr_Sunshine -
0 sold since Jun 7, 2016Î¾Î¾Vendor Level 1Î¾Trust Level 5",Purchase price: USD 310.00,10,Drugs & ChemicalsDrugs & Chemicals,Psychedelics,original lsd blotters 140 UGL DUTCH QUALITY 100 PIECES,"Buy price
USD 418.45

(0.3406 BTC)",DUTCHRABBIT,"Views: 255 / Bids: Fixed price
Quantity left: Unlimited",original lsd blotters 140 UGL DUTCH QUALITY 100 PIECES,Psychedelics,Other,original lsd blotters 140 UGL DUTCH QUALITY 100 PI...,"Sold by DUTCHRABBIT -
0 sold since Jul 12, 2015Î¾Î¾Vendor Level 1Î¾Trust Level 3",Purchase price: USD 418.45,19,Drugs & ChemicalsDrugs & Chemicals,Psychedelics,5 LSD stamps Anonymous (180Ô_g),"Buy price
USD 37.00

(0.0300 BTC)",MrSniffer,"Views: 801 / Bids: Fixed price
Quantity left: Unlimited",5 LSD stamps Anonymous (180Ô_g),Psychedelics,Other,5 LSD stamps Anonymous (180Ô_g),"Sold by MrSniffer -
3 sold since Sep 3, 2015Î¾Î¾Vendor Level 5Î¾Trust Level 6",Purchase price: USD 37.00,5,Drugs & ChemicalsDrugs & Chemicals,Psychedelics,White Vein Borneo Kratom Micro Powder - 250g,"Buy price
USD 52.00

(0.0423 BTC)",thehealingmaster,null,White Vein Borneo Kratom Micro Powder - 250g,Psychedelics,Other,White Vein Borneo Kratom Micro Powder - 250g,"Sold by thehealingmaster -
0 sold since Aug 22, 2016Î¾Î¾Vendor Level 1Î¾Trust Level 3",Purchase price: USD 52.00,16,Drugs & ChemicalsDrugs & Chemicals,Psychedelics,50x - 1mg DOB,"Buy price
USD 156.11

(0.1266 BTC)",TheRainbowSerpent,"Views: 173 / Bids: Fixed price
Quantity left: Unlimited",50x - 1mg DOB,Psychedelics,Other,50x - 1mg DOB,"Sold by TheRainbowSerpent -
3 sold since Jan 13, 2017Î¾Î¾Vendor Level 1Î¾Trust Level 4",Purchase price: USD 156.11,5,Drugs & ChemicalsDrugs & Chemicals,Psychedelics,"54g - Iboga Rootbark - High Quality, Cameroon","Buy price
USD 288.00

(0.2336 BTC)",b1g1mpact,"Views: 1185 / Bids: Fixed price
Quantity left: Unlimited","54g - Iboga Rootbark - High Quality, Cameroon",Psychedelics,Other,"54g - Iboga Rootbark - High Quality, Cameroon","Sold by b1g1mpact -
6 sold since Sep 17, 2015Î¾Î¾Vendor Level 5Î¾Trust Level 6",Purchase price: USD 288.00,3,Drugs & ChemicalsDrugs & Chemicals,Psychedelics,High Potency Magic Mushrooms 28g,"Buy price
USD 125.00

(0.1015 BTC)",DankHunter,null,High Potency Magic Mushrooms 28g,Psychedelics,Other,High Potency Magic Mushrooms 28g,"Sold by DankHunter -
0 sold since Aug 30, 2015Î¾Î¾Vendor Level 1Î¾Trust Level 3",Purchase price: USD 125.00,18,Drugs & ChemicalsDrugs & Chemicals,Psychedelics,Lithium 300mg CHEAPEST ON AB!,"Buy price
USD 3.00

(0.0024 BTC)",coolbenz1,null,Lithium 300mg CHEAPEST ON AB!,Psychedelics,Other,Lithium 300mg CHEAPEST ON AB!,"Sold by coolbenz1 -
0 sold since Feb 20, 2017Î¾Î¾Vendor Level 1Î¾Trust Level 4",Purchase price: USD 3.00,19,Drugs & ChemicalsDrugs & Chemicals,Psychedelics,5g 4-FMC,"Buy price
USD 100.00

(0.0814 BTC)",Fappylicious,null,5g 4-FMC,Psychedelics,Other,5g 4-FMC,"Sold by Fappylicious -
0 sold since Nov 15, 2015Î¾Î¾Vendor Level 2Î¾Trust Level 4",Purchase price: USD 100.00,14,Drugs & ChemicalsDrugs & Chemicals,Psychedelics,(OUT OF STOCK) Š…Ä1G PremiumŠ…Ä Peruvian Calea Zacatechichi Sweet Dream Rosin STRONG EXTRACTŠ…Ä,"Buy price
USD 8.51

(0.0069 BTC)",Medicatedhightime,"Views: 1481 / Bids: Fixed price
Quantity left: Unlimited",(OUT OF STOCK) Š…Ä1G PremiumŠ…Ä Peruvian Calea Zacatechichi Sweet Dream Rosin STRONG EXTRACTŠ…Ä,Psychedelics,Other,(OUT OF STOCK) Š…Ä1G PremiumŠ…Ä Peruvian Calea Zacatec...,"Sold by Medicatedhightime -
7 sold since Sep 27, 2016Î¾Î¾Vendor Level 4Î¾Trust Level 5",Purchase price: USD 8.51,3,Drugs & ChemicalsDrugs & Chemicals,Psychedelics,"NITROUS OXIDE- N2O , 24 8.5G Crtridges","Buy price
USD 24.95

(0.0203 BTC)",TheH1tMan,null,"NITROUS OXIDE- N2O , 24 8.5G Crtridges",Psychedelics,Other,"NITROUS OXIDE- N2O , 24 8.5G Crtridges","Sold by TheH1tMan -
1 sold since Mar 9, 2017Î¾Î¾Vendor Level 1Î¾Trust Level 3",Purchase price: USD 24.95,10,Drugs & ChemicalsDrugs & Chemicals,Psychedelics,1 x HQ DUTCH LSD BLOTTERS 180ug,"Buy price
USD 11.14

(0.0090 BTC)",krautling,null,1 x HQ DUTCH LSD BLOTTERS 180ug,Psychedelics,Other,1 x HQ DUTCH LSD BLOTTERS 180ug,"Sold by krautling -
22 sold since Sep 9, 2015Î¾Î¾Vendor Level 2Î¾Trust Level 5",Purchase price: USD 11.14,2,Drugs & ChemicalsDrugs & Chemicals,Psychedelics,Green Vein Borneo Kratom Micro Powder - 100g,"Buy price
USD 26.00

(0.0211 BTC)",thehealingmaster,null,Green Vein Borneo Kratom Micro Powder - 100g,Psychedelics,Other,Green Vein Borneo Kratom Micro Powder - 100g,"Sold by thehealingmaster -
0 sold since Aug 22, 2016Î¾Î¾Vendor Level 1Î¾Trust Level 3",Purchase price: USD 26.00,10,Drugs & ChemicalsDrugs & Chemicals,Psychedelics,High Potency Magic Mushrooms 14g,"Buy price
USD 75.00

(0.0608 BTC)",DankHunter,null,High Potency Magic Mushrooms 14g,Psychedelics,Other,High Potency Magic Mushrooms 14g,"Sold by DankHunter -
2 sold since Aug 30, 2015Î¾Î¾Vendor Level 1Î¾Trust Level 3",Purchase price: USD 75.00,6,Drugs & ChemicalsDrugs & Chemicals,Psychedelics,Green Vein Borneo Kratom Plus - 5kg,"Buy price
USD 450.00

(0.3655 BTC)",thehealingmaster,null,Green Vein Borneo Kratom Plus - 5kg,Psychedelics,Other,Green Vein Borneo Kratom Plus - 5kg,"Sold by thehealingmaster -
0 sold since Aug 22, 2016Î¾Î¾Vendor Level 1Î¾Trust Level 3",Purchase price: USD 450.00,18,Drugs & ChemicalsDrugs & Chemicals,Psychedelics,1 g 4-AcO-EPT -4-AcO- Ethylpropyltryptamine,"Buy price
USD 80.00

(0.0651 BTC)",ion8,"Views: 102 / Bids: Fixed price
Quantity left: 4",1 g 4-AcO-EPT -4-AcO- Ethylpropyltryptamine,Psychedelics,Other,1 g 4-AcO-EPT -4-AcO- Ethylpropyltryptamine,"Sold by ion8 -
0 sold since Jan 31, 2017Î¾Î¾Vendor Level 4Î¾Trust Level 6",Purchase price: USD 80.00,17,Drugs & ChemicalsDrugs & Chemicals,Psychedelics,Mix and Match Steroids,"Buy price
USD 1.00

(0.0008 BTC)",gotmilk,null,Mix and Match Steroids,Psychedelics,Other,Mix and Match Steroids,"Sold by gotmilk -
0 sold since Feb 21, 2017Î¾Î¾Vendor Level 7Î¾Trust Level 7",Purchase price: USD 1.00,16,Drugs & ChemicalsDrugs & Chemicals,Psychedelics,4F-alpha-PHP /4-Fluoro-alpha-PHP 500GRAM$ / $HIPING FROM POLAND,"Buy price
USD 1,490.00

(1.2106 BTC)",POL,"Views: 29 / Bids: Fixed price
Quantity left: Unlimited",4F-alpha-PHP /4-Fluoro-alpha-PHP 500GRAM$ / $HIPING FROM POLAND,Psychedelics,Other,4F-alpha-PHP /4-Fluoro-alpha-PHP 500GRAM$ / $HIPIN...,"Sold by POL -
0 sold since Apr 9, 2017Î¾Î¾Vendor Level 5Î¾Trust Level 6","Purchase price: USD 1,490.00",10,Drugs & ChemicalsDrugs & Chemicals,Psychedelics,1g 2c-E  + limited stock +,"Buy price
USD 115.26

(0.0935 BTC)",Fentastic_UK,null,1g 2c-E  + limited stock +,Psychedelics,Other,1g 2c-E  + limited stock +,"Sold by Fentastic_UK -
19 sold since Nov 28, 2016Î¾Î¾Vendor Level 7Î¾Trust Level 5",Purchase price: USD 115.26,2,Drugs & ChemicalsDrugs & Chemicals,Psychedelics,112 grams Magic Mushrooms [B+],"Buy price
USD 418.11

(0.3391 BTC)",DutchSupply,"Views: 392 / Bids: Fixed price
Quantity left: 3",112 grams Magic Mushrooms [B+],Psychedelics,Other,112 grams Magic Mushrooms [B+],"Sold by DutchSupply -
2 sold since Jun 20, 2016Î¾Î¾Vendor Level 5Î¾Trust Level 6",Purchase price: USD 418.11,6,Drugs & ChemicalsDrugs & Chemicals,Psychedelics,Horned Leaf Borneo Kratom Fine Powder - 250g,"Buy price
USD 48.00

(0.0391 BTC)",thehealingmaster,null,Horned Leaf Borneo Kratom Fine Powder - 250g,Psychedelics,Other,Horned Leaf Borneo Kratom Fine Powder - 250g,"Sold by thehealingmaster -
0 sold since Aug 23, 2016Î¾Î¾Vendor Level 1Î¾Trust Level 3",Purchase price: USD 48.00,,Drugs & ChemicalsDrugs & Chemicals,Psychedelics,1x LSD 160ug Blotter / Tab ***FREE SHIPPING***,"Buy price
USD 19.37

(0.0157 BTC)",ozzAgrade,null,1x LSD 160ug Blotter / Tab ***FREE SHIPPING***,Psychedelics,Other,1x LSD 160ug Blotter / Tab ***FREE SHIPPING***,"Sold by ozzAgrade -
2 sold since Jun 13, 2015Î¾Î¾Vendor Level 1Î¾Trust Level 4",Purchase price: USD 19.37,7,Drugs & ChemicalsDrugs & Chemicals,Psychedelics,25 GRAMS MEPHEDRONE - MCAT - 4MMC - MIAUW-MIAUW,"Buy price
USD 159.16

(0.1293 BTC)",TorWeBShop,"Views: 16 / Bids: Fixed price
Quantity left: Unlimited",25 GRAMS MEPHEDRONE - MCAT - 4MMC - MIAUW-MIAUW,Psychedelics,Other,25 GRAMS MEPHEDRONE - MCAT - 4MMC - MIAUW-MIAUW,"Sold by TorWeBShop -
0 sold since Apr 12, 2017Î¾Î¾Vendor Level 1Î¾Trust Level 3",Purchase price: USD 159.16,12,Drugs & ChemicalsDrugs & Chemicals,Psychedelics,LSD 150ug 1/4 BOTTLE(25 LIQUID DROPS) (FE),"Buy price
USD 167.21

(0.1359 BTC)",johnsmith99,"Views: 329 / Bids: Fixed price
Quantity left: Unlimited",LSD 150ug 1/4 BOTTLE(25 LIQUID DROPS) (FE),Psychedelics,Other,LSD 150ug 1/4 BOTTLE(25 LIQUID DROPS) (FE),"Sold by johnsmith99 -
1 sold since Sep 6, 2015Î¾Î¾Vendor Level 1Î¾Trust Level 4",Purchase price: USD 167.21,8,Drugs & ChemicalsDrugs & Chemicals,Psychedelics,Red Vein Borneo Bali Kratom Powder - 100g,"Buy price
USD 26.00

(0.0212 BTC)",thehealingmaster,null,Red Vein Borneo Bali Kratom Powder - 100g,Psychedelics,Other,Red Vein Borneo Bali Kratom Powder - 100g,"Sold by thehealingmaster -
0 sold since Aug 22, 2016Î¾Î¾Vendor Level 1Î¾Trust Level 3",Purchase price: USD 26.00,,Drugs & ChemicalsDrugs & Chemicals,Psychedelics,5x Anonymouse HQ LSD blotters (180Ô_g) FREE SHIPPING,"Buy price
USD 32.67

(0.0265 BTC)",DutchDelights,null,5x Anonymouse HQ LSD blotters (180Ô_g) FREE SHIPPING,Psychedelics,Other,5x Anonymouse HQ LSD blotters (180Ô_g) FREE SHIPPIN...,"Sold by DutchDelights -
2 sold since Sep 21, 2015Î¾Î¾Vendor Level 1Î¾Trust Level 6",Purchase price: USD 32.67,7,Drugs & ChemicalsDrugs & Chemicals,Psychedelics,White Vein Borneo Kratom Fine Grain - 1kg,"Buy price
USD 160.00

(0.1302 BTC)",thehealingmaster,null,White Vein Borneo Kratom Fine Grain - 1kg,Psychedelics,Other,White Vein Borneo Kratom Fine Grain - 1kg,"Sold by thehealingmaster -
0 sold since Aug 22, 2016Î¾Î¾Vendor Level 1Î¾Trust Level 3",Purchase price: USD 160.00,17,Drugs & ChemicalsDrugs & Chemicals,Psychedelics,1 g EPT - Ethylpropyltryptamine,"Buy price
USD 45.00

(0.0366 BTC)",ion8,"Views: 179 / Bids: Fixed price
Quantity left: 4",1 g EPT - Ethylpropyltryptamine,Psychedelics,Other,1 g EPT - Ethylpropyltryptamine,"Sold by ion8 -
1 sold since Jan 30, 2017Î¾Î¾Vendor Level 4Î¾Trust Level 6",Purchase price: USD 45.00,9,Drugs & ChemicalsDrugs & Chemicals,Psychedelics,LSD Blotter 150Îµg x 2 World Wide Super Stealth Delivery,"Buy price
USD 19.50

(0.0158 BTC)",bella-vita,"Views: 260 / Bids: Fixed price
Quantity left: Unlimited",LSD Blotter 150Îµg x 2 World Wide Super Stealth Delivery,Psychedelics,Other,LSD Blotter 150Îµg x 2 World Wide Super Stealth Del...,"Sold by bella-vita -
0 sold since Aug 27, 2015Î¾Î¾Vendor Level 1Î¾Trust Level 3",Purchase price: USD 19.50,10,Drugs & ChemicalsDrugs & Chemicals,Psychedelics,LSD 150ug 1/2 BOTTLE(50 LIQUID DROPS) (FE),"Buy price
USD 304.03

(0.2475 BTC)",johnsmith99,"Views: 297 / Bids: Fixed price
Quantity left: Unlimited",LSD 150ug 1/2 BOTTLE(50 LIQUID DROPS) (FE),Psychedelics,Other,LSD 150ug 1/2 BOTTLE(50 LIQUID DROPS) (FE),"Sold by johnsmith99 -
0 sold since Sep 6, 2015Î¾Î¾Vendor Level 1Î¾Trust Level 4",Purchase price: USD 304.03,16,Drugs & ChemicalsDrugs & Chemicals,Psychedelics,Salvia Divinorum 20X extract - 1 GRAM (TOP QUALITY),"Buy price
USD 30.99

(0.0252 BTC)",MicroDroper,"Views: 90 / Bids: Fixed price
Quantity left: Unlimited",Salvia Divinorum 20X extract - 1 GRAM (TOP QUALITY),Psychedelics,Other,Salvia Divinorum 20X extract - 1 GRAM (TOP QUALITY...,"Sold by MicroDroper -
0 sold since Mar 12, 2017Î¾Î¾Vendor Level 2Î¾Trust Level 6",Purchase price: USD 30.99,13,Drugs & ChemicalsDrugs & Chemicals,Psychedelics,Green Vein Malay Kratom Fine Powder - 1kg,"Buy price
USD 174.00

(0.1416 BTC)",thehealingmaster,null,Green Vein Malay Kratom Fine Powder - 1kg,Psychedelics,Other,Green Vein Malay Kratom Fine Powder - 1kg,"Sold by thehealingmaster -
0 sold since Aug 22, 2016Î¾Î¾Vendor Level 1Î¾Trust Level 3",Purchase price: USD 174.00,16,Drugs & ChemicalsDrugs & Chemicals,Psychedelics,Salvia Divinorum Extract 20x (5 grams) [D2 receptor agonist; dissociative+psychedelic],"Buy price
USD 75.00

(0.0609 BTC)",prodruq,"Views: 346 / Bids: Fixed price
Quantity left: Unlimited",Salvia Divinorum Extract 20x (5 grams) [D2 receptor agonist; dissociative+psychedelic],Psychedelics,Other,Salvia Divinorum Extract 20x (5 grams) [D2 recepto...,"Sold by prodruq -
0 sold since Dec 20, 2016Î¾Î¾Vendor Level 3Î¾Trust Level 4",Purchase price: USD 75.00,18,Drugs & ChemicalsDrugs & Chemicals,Psychedelics,Red Vein Thai Maeng Da Kratom Plus - 100g,"Buy price
USD 29.00

(0.0236 BTC)",thehealingmaster,null,Red Vein Thai Maeng Da Kratom Plus - 100g,Psychedelics,Other,Red Vein Thai Maeng Da Kratom Plus - 100g,"Sold by thehealingmaster -
0 sold since Aug 22, 2016Î¾Î¾Vendor Level 1Î¾Trust Level 3",Purchase price: USD 29.00,19,Drugs & ChemicalsDrugs & Chemicals,Psychedelics,20mg 2C-B cap **FREE POST**,"Buy price
USD 19.37

(0.0157 BTC)",ozzAgrade,null,20mg 2C-B cap **FREE POST**,Psychedelics,Other,20mg 2C-B cap **FREE POST**,"Sold by ozzAgrade -
11 sold since Jun 16, 2015Î¾Î¾Vendor Level 1Î¾Trust Level 4",Purchase price: USD 19.37,3,Drugs & ChemicalsDrugs & Chemicals,Psychedelics,"108g - Iboga Rootbark - High Quality, Cameroon","Buy price
USD 512.00

(0.4160 BTC)",b1g1mpact,"Views: 925 / Bids: Fixed price
Quantity left: Unlimited","108g - Iboga Rootbark - High Quality, Cameroon",Psychedelics,Other,"108g - Iboga Rootbark - High Quality, Cameroon","Sold by b1g1mpact -
1 sold since Sep 17, 2015Î¾Î¾Vendor Level 5Î¾Trust Level 6",Purchase price: USD 512.00,8,Drugs & ChemicalsDrugs & Chemicals,Psychedelics,Isopropylphenidate$$  IPH $$ IPPD$$ closely related to methylphenidate$$ legal high $$ 100g,"Buy price
USD 719.00

(0.5842 BTC)",POL,"Views: 39 / Bids: Fixed price
Quantity left: Unlimited",Isopropylphenidate$$  IPH $$ IPPD$$ closely related to methylphenidate$$ legal high $$ 100g,Psychedelics,Other,Isopropylphenidate$$  IPH $$ IPPD$$ closely relate...,"Sold by POL -
0 sold since Apr 5, 2017Î¾Î¾Vendor Level 5Î¾Trust Level 6",Purchase price: USD 719.00,12,Drugs & ChemicalsDrugs & Chemicals,Psychedelics,[OUT OF STOCK]ŠÈ_ 1 Gram (1000mg) - 2C-E ŠÈ_,"Buy price
USD 140.00

(0.1136 BTC)",Cannabis,"Views: 1311 / Bids: Fixed price
Quantity left: Unlimited",[OUT OF STOCK]ŠÈ_ 1 Gram (1000mg) - 2C-E ŠÈ_,Psychedelics,Other,[OUT OF STOCK]ŠÈ_ 1 Gram (1000mg) - 2C-E ŠÈ_,"Sold by Cannabis -
4 sold since Jun 29, 2015Î¾Î¾Vendor Level 3Î¾Trust Level 6",Purchase price: USD 140.00,4,Drugs & ChemicalsDrugs & Chemicals,Psychedelics,CRYSTAL ACID 0.05g (50mg) (FE),"Buy price
USD 1,225.33

(0.9952 BTC)",johnsmith99,"Views: 277 / Bids: Fixed price
Quantity left: Unlimited",CRYSTAL ACID 0.05g (50mg) (FE),Psychedelics,Other,CRYSTAL ACID 0.05g (50mg) (FE),"Sold by johnsmith99 -
0 sold since Oct 8, 2015Î¾Î¾Vendor Level 1Î¾Trust Level 4","Purchase price: USD 1,225.33",18,Drugs & ChemicalsDrugs & Chemicals,Psychedelics,50 Geltabs 4-HO-MET 10mg,"Buy price
USD 150.00

(0.1219 BTC)",Fappylicious,"Views: 382 / Bids: Fixed price
Quantity left: 8",50 Geltabs 4-HO-MET 10mg,Psychedelics,Other,50 Geltabs 4-HO-MET 10mg,"Sold by Fappylicious -
1 sold since Nov 15, 2015Î¾Î¾Vendor Level 2Î¾Trust Level 4",Purchase price: USD 150.00,9,Drugs & ChemicalsDrugs & Chemicals,Psychedelics,Salvia Divinorum 5X extract - 1 GRAM (TOP QUALITY),"Buy price
USD 15.99

(0.0130 BTC)",MicroDroper,"Views: 127 / Bids: Fixed price
Quantity left: Unlimited",Salvia Divinorum 5X extract - 1 GRAM (TOP QUALITY),Psychedelics,Other,Salvia Divinorum 5X extract - 1 GRAM (TOP QUALITY),"Sold by MicroDroper -
1 sold since Mar 12, 2017Î¾Î¾Vendor Level 2Î¾Trust Level 6",Purchase price: USD 15.99,9,Drugs & ChemicalsDrugs & Chemicals,Psychedelics,[Sample Pack] ZuluBundle,"Buy price
USD 10.00

(0.0081 BTC)",zulu2u,"Views: 706 / Bids: Fixed price
Quantity left: Unlimited",[Sample Pack] ZuluBundle,Psychedelics,Other,[Sample Pack] ZuluBundle,"Sold by zulu2u -
3 sold since Aug 31, 2016Î¾Î¾Vendor Level 2Î¾Trust Level 5",Purchase price: USD 10.00,5,Drugs & ChemicalsDrugs & Chemicals,Psychedelics,Instant head stash! Psychedelic collection,"Buy price
USD 606.00

(0.4924 BTC)",EveAdamstein,"Views: 258 / Bids: Fixed price
Quantity left: 2",Instant head stash! Psychedelic collection,Psychedelics,Other,Instant head stash! Psychedelic collection,"Sold by EveAdamstein -
0 sold since Mar 25, 2017Î¾Î¾Vendor Level 1Î¾Trust Level 3",Purchase price: USD 606.00,11,Drugs & ChemicalsDrugs & Chemicals,Psychedelics,Sassafras Root Bark Cut & Sifted - 4 oz [SAFROLE source herb],"Buy price
USD 24.00

(0.0195 BTC)",prodruq,"Views: 118 / Bids: Fixed price
Quantity left: Unlimited",Sassafras Root Bark Cut & Sifted - 4 oz [SAFROLE source herb],Psychedelics,Other,Sassafras Root Bark Cut & Sifted - 4 oz [SAFRO...,"Sold by prodruq -
0 sold since Feb 14, 2017Î¾Î¾Vendor Level 3Î¾Trust Level 4",Purchase price: USD 24.00,12,Drugs & ChemicalsDrugs & Chemicals,Psychedelics,2g 4-HO-MET,"Buy price
USD 240.00

(0.1950 BTC)",Fappylicious,null,2g 4-HO-MET,Psychedelics,Other,2g 4-HO-MET,"Sold by Fappylicious -
1 sold since Nov 15, 2015Î¾Î¾Vendor Level 2Î¾Trust Level 4",Purchase price: USD 240.00,8,Drugs & ChemicalsDrugs & Chemicals,Psychedelics,Red Vein Bali Kratom Fine Powder - 250g,"Buy price
USD 42.00

(0.0341 BTC)",thehealingmaster,null,Red Vein Bali Kratom Fine Powder - 250g,Psychedelics,Other,Red Vein Bali Kratom Fine Powder - 250g,"Sold by thehealingmaster -
0 sold since Aug 22, 2016Î¾Î¾Vendor Level 1Î¾Trust Level 3",Purchase price: USD 42.00,15,Drugs & ChemicalsDrugs & Chemicals,Psychedelics,Isopropylphenidate/  IPH /IPPD closely related to methylphenidate/ legal high  500g $HIPING FROM POLAND,"Buy price
USD 2,599.00

(2.1109 BTC)",POL,"Views: 33 / Bids: Fixed price
Quantity left: Unlimited",Isopropylphenidate/  IPH /IPPD closely related to methylphenidate/ legal high  500g $HIPING FROM POLAND,Psychedelics,Other,Isopropylphenidate/  IPH /IPPD closely related to ...,"Sold by POL -
0 sold since Apr 5, 2017Î¾Î¾Vendor Level 5Î¾Trust Level 6","Purchase price: USD 2,599.00",18,Drugs & ChemicalsDrugs & Chemicals,Psychedelics,Full Spectrum White and Yellow DMT 1g,"Buy price
USD 200.00

(0.1628 BTC)",DankHunter,null,Full Spectrum White and Yellow DMT 1g,Psychedelics,Other,Full Spectrum White and Yellow DMT 1g,"Sold by DankHunter -
0 sold since Aug 31, 2015Î¾Î¾Vendor Level 1Î¾Trust Level 3",Purchase price: USD 200.00,17,Drugs & ChemicalsDrugs & Chemicals,Psychedelics,25D-NBOMe 25x 1000Îµg 2$ tabs x25,"Buy price
USD 39.00

(0.0316 BTC)",nucleoide,"Views: 986 / Bids: Fixed price
Quantity left: Unlimited",25D-NBOMe 25x 1000Îµg 2$ tabs x25,Psychedelics,Other,25D-NBOMe 25x 1000Îµg 2$ tabs x25,"Sold by nucleoide -
2 sold since Sep 15, 2015Î¾Î¾Vendor Level 1Î¾Trust Level 5",Purchase price: USD 39.00,7,Drugs & ChemicalsDrugs & Chemicals,Psychedelics,4F-alpha-PHP /4-Fluoro-alpha-PHP 100GRAM$ / $HIPING FROM POLAND,"Buy price
USD 380.00

(0.3093 BTC)",POL,"Views: 30 / Bids: Fixed price
Quantity left: Unlimited",4F-alpha-PHP /4-Fluoro-alpha-PHP 100GRAM$ / $HIPING FROM POLAND,Psychedelics,Other,4F-alpha-PHP /4-Fluoro-alpha-PHP 100GRAM$ / $HIPIN...,"Sold by POL -
0 sold since Apr 9, 2017Î¾Î¾Vendor Level 5Î¾Trust Level 6",Purchase price: USD 380.00,,Drugs & ChemicalsDrugs & Chemicals,Psychedelics,Salvia Divinorum 20X extract - 10 GRAM (TOP QUALITY),"Buy price
USD 174.99

(0.1422 BTC)",MicroDroper,"Views: 74 / Bids: Fixed price
Quantity left: Unlimited",Salvia Divinorum 20X extract - 10 GRAM (TOP QUALITY),Psychedelics,Other,Salvia Divinorum 20X extract - 10 GRAM (TOP QUALIT...,"Sold by MicroDroper -
0 sold since Mar 12, 2017Î¾Î¾Vendor Level 2Î¾Trust Level 6",Purchase price: USD 174.99,12,Drugs & ChemicalsDrugs & Chemicals,Psychedelics,1g 4-AcO-MET,"Buy price
USD 155.00

(0.1262 BTC)",Fappylicious,null,1g 4-AcO-MET,Psychedelics,Other,1g 4-AcO-MET,"Sold by Fappylicious -
0 sold since Nov 15, 2015Î¾Î¾Vendor Level 2Î¾Trust Level 4",Purchase price: USD 155.00,14,Drugs & ChemicalsDrugs & Chemicals,Psychedelics,Green Vein Malay Kratom Micro Powder - 100g,"Buy price
USD 28.00

(0.0228 BTC)",thehealingmaster,null,Green Vein Malay Kratom Micro Powder - 100g,Psychedelics,Other,Green Vein Malay Kratom Micro Powder - 100g,"Sold by thehealingmaster -
0 sold since Aug 22, 2016Î¾Î¾Vendor Level 1Î¾Trust Level 3",Purchase price: USD 28.00,19,Drugs & ChemicalsDrugs & Chemicals,Psychedelics,5 GRAMS MEPHEDRONE - MCAT - 4MMC - MIAUW-MIAUW,"Buy price
USD 39.79

(0.0323 BTC)",TorWeBShop,"Views: 26 / Bids: Fixed price
Quantity left: Unlimited",5 GRAMS MEPHEDRONE - MCAT - 4MMC - MIAUW-MIAUW,Psychedelics,Other,5 GRAMS MEPHEDRONE - MCAT - 4MMC - MIAUW-MIAUW,"Sold by TorWeBShop -
0 sold since Apr 12, 2017Î¾Î¾Vendor Level 1Î¾Trust Level 3",Purchase price: USD 39.79,12,Drugs & ChemicalsDrugs & Chemicals,Psychedelics,10 LSD stamps Anonymous (180Ô_g),"Buy price
USD 70.00

(0.0569 BTC)",MrSniffer,"Views: 608 / Bids: Fixed price
Quantity left: Unlimited",10 LSD stamps Anonymous (180Ô_g),Psychedelics,Other,10 LSD stamps Anonymous (180Ô_g),"Sold by MrSniffer -
1 sold since Sep 3, 2015Î¾Î¾Vendor Level 5Î¾Trust Level 6",Purchase price: USD 70.00,8,Drugs & ChemicalsDrugs & Chemicals,Psychedelics,Salvia Divinorum leaves (100 grams) [D2 receptor agonist; dissociative+psychedelic],"Buy price
USD 50.00

(0.0407 BTC)",prodruq,"Views: 236 / Bids: Fixed price
Quantity left: Unlimited",Salvia Divinorum leaves (100 grams) [D2 receptor agonist; dissociative+psychedelic],Psychedelics,Other,Salvia Divinorum leaves (100 grams) [D2 receptor a...,"Sold by prodruq -
0 sold since Dec 20, 2016Î¾Î¾Vendor Level 3Î¾Trust Level 4",Purchase price: USD 50.00,17,Drugs & ChemicalsDrugs & Chemicals,Psychedelics,1g 4-FMC,"Buy price
USD 23.00

(0.0187 BTC)",Fappylicious,null,1g 4-FMC,Psychedelics,Other,1g 4-FMC,"Sold by Fappylicious -
3 sold since Nov 15, 2015Î¾Î¾Vendor Level 2Î¾Trust Level 4",Purchase price: USD 23.00,5,Drugs & ChemicalsDrugs & Chemicals,Psychedelics,CRYSTAL ACID 0.1g (100mg) (FE),"Buy price
USD 2,297.47

(1.8667 BTC)",johnsmith99,"Views: 280 / Bids: Fixed price
Quantity left: Unlimited",CRYSTAL ACID 0.1g (100mg) (FE),Psychedelics,Other,CRYSTAL ACID 0.1g (100mg) (FE),"Sold by johnsmith99 -
0 sold since Oct 8, 2015Î¾Î¾Vendor Level 1Î¾Trust Level 4","Purchase price: USD 2,297.47",11,Drugs & ChemicalsDrugs & Chemicals,Psychedelics,"Source piridine C5H5N , 50ML","Buy price
USD 37.65

(0.0306 BTC)",angelfluid24,"Views: 8 / Bids: Fixed price
Quantity left: 10","Source piridine C5H5N , 50ML",Psychedelics,Other,"Source piridine C5H5N , 50ML","Sold by angelfluid24 -
0 sold since Apr 18, 2017Î¾Î¾Vendor Level 1Î¾Trust Level 5",Purchase price: USD 37.65,13,Drugs & ChemicalsDrugs & Chemicals,Psychedelics,***500MG SALVIA DIVINORUM EXTRACT 5X STRENGTH***SALE***FREE SHIPPING***LIMITED STOCK**,"Buy price
USD 15.32

(0.0124 BTC)",Dr-N.Doe,"Views: 477 / Bids: Fixed price
Quantity left: Unlimited",***500MG SALVIA DIVINORUM EXTRACT 5X STRENGTH***SALE***FREE SHIPPING***LIMITED STOCK**,Psychedelics,Other,***500MG SALVIA DIVINORUM EXTRACT 5X STRENGTH***SA...,"Sold by Dr-N.Doe -
9 sold since Apr 16, 2016Î¾Î¾Vendor Level 1Î¾Trust Level 4",Purchase price: USD 15.32,3,Drugs & ChemicalsDrugs & Chemicals,Psychedelics,5g DPT,"Buy price
USD 235.00

(0.1909 BTC)",Fapppylicious,"Views: 263 / Bids: Fixed price
Quantity left: 5",5g DPT,Psychedelics,Other,5g DPT,"Sold by Fapppylicious -
1 sold since Jul 31, 2016Î¾Î¾Vendor Level 6Î¾Trust Level 6",Purchase price: USD 235.00,9,Drugs & ChemicalsDrugs & Chemicals,Psychedelics,SALVIA DIVINOUROM [EXTRACT X10] [10 GRAM] (SUPER DISCREET) - [WE SHIPPING TO ALL ILLEGAL COUNTRIES],"Buy price
USD 199.00

(0.1617 BTC)",MicroDroper,"Views: 168 / Bids: Fixed price
Quantity left: Unlimited",SALVIA DIVINOUROM [EXTRACT X10] [10 GRAM] (SUPER DISCREET) - [WE SHIPPING TO ALL ILLEGAL COUNTRIES],Psychedelics,Other,SALVIA DIVINOUROM [EXTRACT X10] [10 GRAM] (SUPER D...,"Sold by MicroDroper -
0 sold since Jan 28, 2017Î¾Î¾Vendor Level 2Î¾Trust Level 6",Purchase price: USD 199.00,12,Drugs & ChemicalsDrugs & Chemicals,Psychedelics,Pure Ibogaine TA .5 gram,"Buy price
USD 120.00

(0.0973 BTC)",Cornertang38,"Views: 188 / Bids: Fixed price
Quantity left: 4",Pure Ibogaine TA .5 gram,Psychedelics,Other,Pure Ibogaine TA .5 gram,"Sold by Cornertang38 -
2 sold since Jan 25, 2017Î¾Î¾Vendor Level 1Î¾Trust Level 4",Purchase price: USD 120.00,6,Drugs & ChemicalsDrugs & Chemicals,Psychedelics,"Promotion sales!! $50 for 2g 5-MeO-DMT,LSD,2CB,25i Nbome","Buy price
USD 50.00

(0.0406 BTC)",fox125,"Views: 80 / Bids: Fixed price
Quantity left: Unlimited","Promotion sales!! $50 for 2g 5-MeO-DMT,LSD,2CB,25i Nbome",Psychedelics,Other,"Promotion sales!! $50 for 2g 5-MeO-DMT,LSD,2CB,25i...","Sold by fox125 -
1 sold since Apr 14, 2017Î¾Î¾Vendor Level 1Î¾Trust Level 3",Purchase price: USD 50.00,8,Drugs & ChemicalsDrugs & Chemicals,Psychedelics,Horned Leaf Borneo Kratom Micro Powder - 100g,"Buy price
USD 25.00

(0.0204 BTC)",thehealingmaster,null,Horned Leaf Borneo Kratom Micro Powder - 100g,Psychedelics,Other,Horned Leaf Borneo Kratom Micro Powder - 100g,"Sold by thehealingmaster -
0 sold since Aug 23, 2016Î¾Î¾Vendor Level 1Î¾Trust Level 3",Purchase price: USD 25.00,14,Drugs & ChemicalsDrugs & Chemicals,Psychedelics,Salvia Divinorum 5X extract - 10 GRAM (TOP QUALITY),"Buy price
USD 94.95

(0.0771 BTC)",MicroDroper,"Views: 62 / Bids: Fixed price
Quantity left: Unlimited",Salvia Divinorum 5X extract - 10 GRAM (TOP QUALITY),Psychedelics,Other,Salvia Divinorum 5X extract - 10 GRAM (TOP QUALITY...,"Sold by MicroDroper -
0 sold since Mar 12, 2017Î¾Î¾Vendor Level 2Î¾Trust Level 6",Purchase price: USD 94.95,12,Drugs & ChemicalsDrugs & Chemicals,Psychedelics,LSD Blotter 150Îµg x 10,"Buy price
USD 74.00

(0.0602 BTC)",bella-vita,"Views: 243 / Bids: Fixed price
Quantity left: Unlimited",LSD Blotter 150Îµg x 10,Psychedelics,Other,LSD Blotter 150Îµg x 10,"Sold by bella-vita -
0 sold since Aug 27, 2015Î¾Î¾Vendor Level 1Î¾Trust Level 3",Purchase price: USD 74.00,16,Drugs & ChemicalsDrugs & Chemicals,Psychedelics,"25x DOM tabs (STP, 2,5-dimethoxy-4-methylamphetamin)","Buy price
USD 59.02

(0.0479 BTC)",TBCCREW,"Views: 418 / Bids: Fixed price
Quantity left: 97","25x DOM tabs (STP, 2,5-dimethoxy-4-methylamphetamin)",Psychedelics,Other,"25x DOM tabs (STP, 2,5-dimethoxy-4-methylamphetami...","Sold by TBCCREW -
3 sold since Jun 30, 2016Î¾Î¾Vendor Level 5Î¾Trust Level 5",Purchase price: USD 59.02,5,Drugs & ChemicalsDrugs & Chemicals,Psychedelics,"1kg - Mimosa Hostilis Rootbark - High Yield, Mexico","Buy price
USD 342.00

(0.2774 BTC)",b1g1mpact,"Views: 1424 / Bids: Fixed price
Quantity left: Unlimited","1kg - Mimosa Hostilis Rootbark - High Yield, Mexico",Psychedelics,Other,"1kg - Mimosa Hostilis Rootbark - High Yield, Mexic...","Sold by b1g1mpact -
4 sold since Sep 17, 2015Î¾Î¾Vendor Level 5Î¾Trust Level 6",Purchase price: USD 342.00,5,Drugs & ChemicalsDrugs & Chemicals,Psychedelics,"1x Spore print, Psilocybe cubensis Z-Strain","Buy price
USD 9.00

(0.0073 BTC)",Sinnombre,null,"1x Spore print, Psilocybe cubensis Z-Strain",Psychedelics,Other,"1x Spore print, Psilocybe cubensis Z-Strain","Sold by Sinnombre -
0 sold since Feb 22, 2015Î¾Î¾Vendor Level 1Î¾Trust Level 3",Purchase price: USD 9.00,13,Drugs & ChemicalsDrugs & Chemicals,Psychedelics,White Vein Borneo Kratom Micro Powder - 500g,"Buy price
USD 95.00

(0.0773 BTC)",thehealingmaster,null,White Vein Borneo Kratom Micro Powder - 500g,Psychedelics,Other,White Vein Borneo Kratom Micro Powder - 500g,"Sold by thehealingmaster -
0 sold since Aug 22, 2016Î¾Î¾Vendor Level 1Î¾Trust Level 3",Purchase price: USD 95.00,16,Drugs & ChemicalsDrugs & Chemicals,Psychedelics,5g Iboga TA (Total Alkaloid) Extraction,"Buy price
USD 693.00

(0.5621 BTC)",b1g1mpact,"Views: 836 / Bids: Fixed price
Quantity left: Unlimited",5g Iboga TA (Total Alkaloid) Extraction,Psychedelics,Other,5g Iboga TA (Total Alkaloid) Extraction,"Sold by b1g1mpact -
7 sold since May 5, 2016Î¾Î¾Vendor Level 5Î¾Trust Level 6",Purchase price: USD 693.00,3,Drugs & ChemicalsDrugs & Chemicals,Psychedelics,"1000 mg  4-HO-McPT Fumurate salt aka 4-HO-N,N,-Methylcyclopropyltryptamine - White powder","Buy price
USD 85.00

(0.0691 BTC)",ion8,"Views: 164 / Bids: Fixed price
Quantity left: 3","1000 mg  4-HO-McPT Fumurate salt aka 4-HO-N,N,-Methylcyclopropyltryptamine - White powder",Psychedelics,Other,"1000 mg  4-HO-McPT Fumurate salt aka 4-HO-N,N,-Met...","Sold by ion8 -
0 sold since Dec 17, 2016Î¾Î¾Vendor Level 4Î¾Trust Level 6",Purchase price: USD 85.00,12,Drugs & ChemicalsDrugs & Chemicals,Psychedelics,0.25g 4-HO-MET,"Buy price
USD 35.00

(0.0284 BTC)",Fappylicious,null,0.25g 4-HO-MET,Psychedelics,Other,0.25g 4-HO-MET,"Sold by Fappylicious -
18 sold since Nov 15, 2015Î¾Î¾Vendor Level 2Î¾Trust Level 4",Purchase price: USD 35.00,2,Drugs & ChemicalsDrugs & Chemicals,Psychedelics,250 GRAMS MEPHEDRONE - MCAT - 4MMC - MIAUW-MIAUW,"Buy price
USD 1,379.38

(1.1207 BTC)",TorWeBShop,"Views: 10 / Bids: Fixed price
Quantity left: Unlimited",250 GRAMS MEPHEDRONE - MCAT - 4MMC - MIAUW-MIAUW,Psychedelics,Other,250 GRAMS MEPHEDRONE - MCAT - 4MMC - MIAUW-MIAUW,"Sold by TorWeBShop -
0 sold since Apr 12, 2017Î¾Î¾Vendor Level 1Î¾Trust Level 3","Purchase price: USD 1,379.38",12,Drugs & ChemicalsDrugs & Chemicals,Psychedelics,Green Vein Borneo Kratom Fine Powder - 250g,"Buy price
USD 49.00

(0.0399 BTC)",thehealingmaster,null,Green Vein Borneo Kratom Fine Powder - 250g,Psychedelics,Other,Green Vein Borneo Kratom Fine Powder - 250g,"Sold by thehealingmaster -
0 sold since Aug 22, 2016Î¾Î¾Vendor Level 1Î¾Trust Level 3",Purchase price: USD 49.00,16,Drugs & ChemicalsDrugs & Chemicals,Psychedelics,DOC 100mg,"Buy price
USD 75.00

(0.0608 BTC)",batcountry,null,DOC 100mg,Psychedelics,Other,DOC 100mg,"Sold by batcountry -
18 sold since Sep 10, 2015Î¾Î¾Vendor Level 3Î¾Trust Level 5",Purchase price: USD 75.00,2,Drugs & ChemicalsDrugs & Chemicals,Psychedelics,Buy Xeomin (1x100iu). BUY ANTI-AGING- BOTOX FOR SALE,"Current price
USD 0.00

(0.0000 BTC)",dremed-labs,"Views: 97 / Bids: 0
Quantity left: Unlimited",Buy Xeomin (1x100iu). BUY ANTI-AGING- BOTOX FOR SALE,Psychedelics,Other,Buy Xeomin (1x100iu). BUY ANTI-AGING- BOTOX FOR SA...,"Sold by dremed-labs -
0 sold since Feb 26, 2017Î¾Î¾Vendor Level 1Î¾Trust Level 3",Purchase price: USD 0.00,11,Drugs & ChemicalsDrugs & Chemicals,Psychedelics,N-ethyl Pentylone(bk-EBDP)/Ephylone 1500 GRAMS  $HIPING FORM POLAND,"Buy price
USD 2,999.00

(2.4413 BTC)",POL,"Views: 19 / Bids: Fixed price
Quantity left: Unlimited",N-ethyl Pentylone(bk-EBDP)/Ephylone 1500 GRAMS  $HIPING FORM POLAND,Psychedelics,Other,N-ethyl Pentylone(bk-EBDP)/Ephylone 1500 GRAMS  $H...,"Sold by POL -
0 sold since Apr 14, 2017Î¾Î¾Vendor Level 5Î¾Trust Level 6","Purchase price: USD 2,999.00",19,Drugs & ChemicalsDrugs & Chemicals,Psychedelics,Salvia divinorum leaf 3grams,"Buy price
USD 30.33

(0.0246 BTC)",bipolarexpress,"Views: 202 / Bids: Fixed price
Quantity left: 1",Salvia divinorum leaf 3grams,Psychedelics,Other,Salvia divinorum leaf 3grams,"Sold by bipolarexpress -
2 sold since Apr 9, 2017Î¾Î¾Vendor Level 1Î¾Trust Level 5",Purchase price: USD 30.33,7,Drugs & ChemicalsDrugs & Chemicals,Psychedelics,1 g 4-AcO-MET Fumurate salt,"Buy price
USD 85.00

(0.0690 BTC)",ion8,"Views: 328 / Bids: Fixed price
Quantity left: 5",1 g 4-AcO-MET Fumurate salt,Psychedelics,Other,1 g 4-AcO-MET Fumurate salt,"Sold by ion8 -
0 sold since Oct 5, 2016Î¾Î¾Vendor Level 4Î¾Trust Level 6",Purchase price: USD 85.00,18,Drugs & ChemicalsDrugs & Chemicals,Psychedelics,200mg 4-HO-MET LAB TESTED 99% PURITY TRYPTAMINE,"Buy price
USD 63.14

(0.0512 BTC)",DailyFix,"Views: 315 / Bids: Fixed price
Quantity left: Unlimited",200mg 4-HO-MET LAB TESTED 99% PURITY TRYPTAMINE,Psychedelics,Other,200mg 4-HO-MET LAB TESTED 99% PURITY TRYPTAMINE,"Sold by DailyFix -
4 sold since Oct 25, 2016Î¾Î¾Vendor Level 4Î¾Trust Level 4",Purchase price: USD 63.14,4,Drugs & ChemicalsDrugs & Chemicals,Psychedelics,25 LSD stamps Anonymous (180Ô_g),"Buy price
USD 135.00

(0.1095 BTC)",MrSniffer,"Views: 799 / Bids: Fixed price
Quantity left: Unlimited",25 LSD stamps Anonymous (180Ô_g),Psychedelics,Other,25 LSD stamps Anonymous (180Ô_g),"Sold by MrSniffer -
3 sold since Sep 3, 2015Î¾Î¾Vendor Level 5Î¾Trust Level 6",Purchase price: USD 135.00,5,Drugs & ChemicalsDrugs & Chemicals,Psychedelics,28 grams Magic Mushrooms B+,"Buy price
USD 116.39

(0.0944 BTC)",DutchSupply,null,28 grams Magic Mushrooms B+,Psychedelics,Other,28 grams Magic Mushrooms B+,"Sold by DutchSupply -
18 sold since Mar 27, 2015Î¾Î¾Vendor Level 5Î¾Trust Level 6",Purchase price: USD 116.39,2,Drugs & ChemicalsDrugs & Chemicals,Psychedelics,1000 mg DPT HCl Salt,"Buy price
USD 40.00

(0.0324 BTC)",ion8,null,1000 mg DPT HCl Salt,Psychedelics,Other,1000 mg DPT HCl Salt,"Sold by ion8 -
5 sold since Sep 5, 2015Î¾Î¾Vendor Level 4Î¾Trust Level 6",Purchase price: USD 40.00,4,Drugs & ChemicalsDrugs & Chemicals,Psychedelics,5 x HQ DUTCH LSD BLOTTERS 180ug,"Buy price
USD 44.54

(0.0361 BTC)",krautling,null,5 x HQ DUTCH LSD BLOTTERS 180ug,Psychedelics,Other,5 x HQ DUTCH LSD BLOTTERS 180ug,"Sold by krautling -
9 sold since Aug 15, 2015Î¾Î¾Vendor Level 2Î¾Trust Level 5",Purchase price: USD 44.54,3,Drugs & ChemicalsDrugs & Chemicals,Psychedelics,"LSD ""White Fluff"" 150+ug - 100 Hits","Buy price
USD 800.00

(0.6500 BTC)",US-Finest,"Views: 240 / Bids: Fixed price
Quantity left: 10","LSD ""White Fluff"" 150+ug - 100 Hits",Psychedelics,Other,"LSD ""White Fluff"" 150+ug - 100 Hits","Sold by US-Finest -
0 sold since Aug 27, 2015Î¾Î¾Vendor Level 1Î¾Trust Level 3",Purchase price: USD 800.00,11,Drugs & ChemicalsDrugs & Chemicals,Psychedelics,Ayahuasca - 100% Authentic pack for 1 or 2,"Buy price
USD 90.00

(0.0730 BTC)",b1g1mpact,"Views: 3392 / Bids: Fixed price
Quantity left: Unlimited",Ayahuasca - 100% Authentic pack for 1 or 2,Psychedelics,Other,Ayahuasca - 100% Authentic pack for 1 or 2,"Sold by b1g1mpact -
16 sold since Sep 17, 2015Î¾Î¾Vendor Level 5Î¾Trust Level 6",Purchase price: USD 90.00,2,Drugs & ChemicalsDrugs & Chemicals,Psychedelics,(28grms) Mushrooms Cubensis indoor grown,"Buy price
USD 99.00

(0.0804 BTC)",supercanna,"Views: 404 / Bids: Fixed price
Quantity left: Unlimited",(28grms) Mushrooms Cubensis indoor grown,Psychedelics,Other,(28grms) Mushrooms Cubensis indoor grown,"Sold by supercanna -
1 sold since Sep 12, 2015Î¾Î¾Vendor Level 1Î¾Trust Level 3",Purchase price: USD 99.00,10,Drugs & ChemicalsDrugs & Chemicals,Psychedelics,(56grms) Mushrooms Cubensis indoor grown,"Buy price
USD 180.00

(0.1465 BTC)",supercanna,"Views: 280 / Bids: Fixed price
Quantity left: Unlimited",(56grms) Mushrooms Cubensis indoor grown,Psychedelics,Other,(56grms) Mushrooms Cubensis indoor grown,"Sold by supercanna -
0 sold since Sep 12, 2015Î¾Î¾Vendor Level 1Î¾Trust Level 3",Purchase price: USD 180.00,16,Drugs & ChemicalsDrugs & Chemicals,Psychedelics,[OUT OF STOCK]ŠÈ_1 Gram (1000mg) - 2C-P ŠÈ_,"Buy price
USD 160.00

(0.1298 BTC)",Cannabis,"Views: 1139 / Bids: Fixed price
Quantity left: Unlimited",[OUT OF STOCK]ŠÈ_1 Gram (1000mg) - 2C-P ŠÈ_,Psychedelics,Other,[OUT OF STOCK]ŠÈ_1 Gram (1000mg) - 2C-P ŠÈ_,"Sold by Cannabis -
2 sold since Jun 29, 2015Î¾Î¾Vendor Level 3Î¾Trust Level 6",Purchase price: USD 160.00,7,Drugs & ChemicalsDrugs & Chemicals,Psychedelics,New Seller Special!  $120 Ounce of Shrooms! (30 Grams),"Buy price
USD 120.00

(0.0973 BTC)",mushroomgirl,"Views: 412 / Bids: Fixed price
Quantity left: Unlimited",New Seller Special!  $120 Ounce of Shrooms! (30 Grams),Psychedelics,Other,New Seller Special!  $120 Ounce of Shrooms! (30 Gr...,"Sold by mushroomgirl -
9 sold since Oct 13, 2016Î¾Î¾Vendor Level 5Î¾Trust Level 5",Purchase price: USD 120.00,3,Drugs & ChemicalsDrugs & Chemicals,Psychedelics,10 Geltabs 4-HO-MET 10mg,"Buy price
USD 40.00

(0.0326 BTC)",Fappylicious,null,10 Geltabs 4-HO-MET 10mg,Psychedelics,Other,10 Geltabs 4-HO-MET 10mg,"Sold by Fappylicious -
0 sold since Nov 15, 2015Î¾Î¾Vendor Level 2Î¾Trust Level 4",Purchase price: USD 40.00,17,Drugs & ChemicalsDrugs & Chemicals,Psychedelics,1 g   5-MeO-DMT HCl,"Buy price
USD 140.00

(0.1136 BTC)",ion8,"Views: 181 / Bids: Fixed price
Quantity left: 4",1 g   5-MeO-DMT HCl,Psychedelics,Other,1 g   5-MeO-DMT HCl,"Sold by ion8 -
3 sold since Jan 12, 2017Î¾Î¾Vendor Level 4Î¾Trust Level 6",Purchase price: USD 140.00,5,Drugs & ChemicalsDrugs & Chemicals,Psychedelics,custom for ta...2,"Buy price
USD 7,928.21

(6.4416 BTC)",DutchMalverde,"Views: 391 / Bids: Fixed price
Quantity left: Unlimited",custom for ta...2,Psychedelics,Other,custom for ta...2,"Sold by DutchMalverde -
1 sold since Jun 22, 2016Î¾Î¾Vendor Level 6Î¾Trust Level 6","Purchase price: USD 7,928.21",8,Drugs & ChemicalsDrugs & Chemicals,Psychedelics,High Potency Magic Mushrooms 7g,"Buy price
USD 55.00

(0.0448 BTC)",DankHunter,null,High Potency Magic Mushrooms 7g,Psychedelics,Other,High Potency Magic Mushrooms 7g,"Sold by DankHunter -
0 sold since Aug 30, 2015Î¾Î¾Vendor Level 1Î¾Trust Level 3",Purchase price: USD 55.00,16,Drugs & ChemicalsDrugs & Chemicals,Psychedelics,1 g 4-AcO-DPT Fumurate salt,"Buy price
USD 86.00

(0.0700 BTC)",ion8,"Views: 313 / Bids: Fixed price
Quantity left: 5",1 g 4-AcO-DPT Fumurate salt,Psychedelics,Other,1 g 4-AcO-DPT Fumurate salt,"Sold by ion8 -
0 sold since Oct 5, 2016Î¾Î¾Vendor Level 4Î¾Trust Level 6",Purchase price: USD 86.00,17,Drugs & ChemicalsDrugs & Chemicals,Psychedelics,500  mg 4-HO-EPT - 4-AcO-Ethylpropyltryptamine,"Buy price
USD 45.00

(0.0366 BTC)",ion8,"Views: 148 / Bids: Fixed price
Quantity left: 3",500  mg 4-HO-EPT - 4-AcO-Ethylpropyltryptamine,Psychedelics,Other,500  mg 4-HO-EPT - 4-AcO-Ethylpropyltryptamine,"Sold by ion8 -
1 sold since Feb 1, 2017Î¾Î¾Vendor Level 4Î¾Trust Level 6",Purchase price: USD 45.00,9,Drugs & ChemicalsDrugs & Chemicals,Psychedelics,Red Vein Borneo Bali Kratom Powder - 1kg,"Buy price
USD 134.00

(0.1091 BTC)",thehealingmaster,null,Red Vein Borneo Bali Kratom Powder - 1kg,Psychedelics,Other,Red Vein Borneo Bali Kratom Powder - 1kg,"Sold by thehealingmaster -
0 sold since Aug 22, 2016Î¾Î¾Vendor Level 1Î¾Trust Level 3",Purchase price: USD 134.00,14,Drugs & ChemicalsDrugs & Chemicals,Psychedelics,High Potency Magic Mushrooms 112g,"Buy price
USD 400.00

(0.3256 BTC)",DankHunter,null,High Potency Magic Mushrooms 112g,Psychedelics,Other,High Potency Magic Mushrooms 112g,"Sold by DankHunter -
0 sold since Aug 30, 2015Î¾Î¾Vendor Level 1Î¾Trust Level 3",Purchase price: USD 400.00,,Drugs & ChemicalsDrugs & Chemicals,Psychedelics,1g Iboga TA (Total Alkaloid) Extraction,"Buy price
USD 162.00

(0.1314 BTC)",b1g1mpact,"Views: 2894 / Bids: Fixed price
Quantity left: Unlimited",1g Iboga TA (Total Alkaloid) Extraction,Psychedelics,Other,1g Iboga TA (Total Alkaloid) Extraction,"Sold by b1g1mpact -
19 sold since Sep 17, 2015Î¾Î¾Vendor Level 5Î¾Trust Level 6",Purchase price: USD 162.00,2,Drugs & ChemicalsDrugs & Chemicals,Psychedelics,"10x DOM tabs (STP, 2,5-dimethoxy-4-methylamphetamin)","Buy price
USD 26.83

(0.0218 BTC)",TBCCREW,"Views: 1101 / Bids: Fixed price
Quantity left: 88","10x DOM tabs (STP, 2,5-dimethoxy-4-methylamphetamin)",Psychedelics,Other,"10x DOM tabs (STP, 2,5-dimethoxy-4-methylamphetami...","Sold by TBCCREW -
14 sold since Jun 30, 2016Î¾Î¾Vendor Level 5Î¾Trust Level 5",Purchase price: USD 26.83,2,Drugs & ChemicalsDrugs & Chemicals,Psychedelics,0.5g 4-AcO-MET,"Buy price
USD 80.00

(0.0649 BTC)",Fappylicious,null,0.5g 4-AcO-MET,Psychedelics,Other,0.5g 4-AcO-MET,"Sold by Fappylicious -
2 sold since Nov 15, 2015Î¾Î¾Vendor Level 2Î¾Trust Level 4",Purchase price: USD 80.00,7,Drugs & ChemicalsDrugs & Chemicals,Psychedelics,20mg 4-AcO-DMT Caps ***FREE POST***,"Buy price
USD 19.37

(0.0157 BTC)",ozzAgrade,null,20mg 4-AcO-DMT Caps ***FREE POST***,Psychedelics,Other,20mg 4-AcO-DMT Caps ***FREE POST***,"Sold by ozzAgrade -
6 sold since Jun 16, 2015Î¾Î¾Vendor Level 1Î¾Trust Level 4",Purchase price: USD 19.37,4,Drugs & ChemicalsDrugs & Chemicals,Psychedelics,"2016 DEEP WEB MARKETS - FIND ANYTHING YOU WANT - UPDATED - FRESH MARKETS - VENDORS - DRUGS - WEAPONS - EBOOKS - WEED - HACKS - CARDS - DUMPS - LEAKS - MONEY - SEX - COMPLETE LIST OF DEEPWEB MARKETS !!!!!! ,_•é_êä_ê”_ê__ê_ê__ê«,_È _È__ÈÂ_È _È__È,_Ä_•_—_”_Û,_ã_tc_™Û_™Û_™Û_™Û_ãã_—_•____Ü_•Ž_™Û_™Û","Buy price
USD 0.00

(0.0000 BTC)",TheDigitalShop,"Views: 631 / Bids: Fixed price
Quantity left: Unlimited","2016 DEEP WEB MARKETS - FIND ANYTHING YOU WANT - UPDATED - FRESH MARKETS - VENDORS - DRUGS - WEAPONS - EBOOKS - WEED - HACKS - CARDS - DUMPS - LEAKS - MONEY - SEX - COMPLETE LIST OF DEEPWEB MARKETS !!!!!! ,_•é_êä_ê”_ê__ê_ê__ê«,_È _È__ÈÂ_È _È__È,_Ä_•_—_”_Û,_ã_tc_™Û_™Û_™Û_™Û_ãã_—_•____Ü_•Ž_™Û_™Û",Psychedelics,Other,2016 DEEP WEB MARKETS - FIND ANYTHING YOU WANT - U...,"Sold by TheDigitalShop -
0 sold since Mar 27, 2016Î¾Î¾Vendor Level 4Î¾Trust Level 6",Purchase price: USD 0.00,13,Drugs & ChemicalsDrugs & Chemicals,Psychedelics,White Vein Borneo Kratom Plus - 100g,"Buy price
USD 21.00

(0.0171 BTC)",thehealingmaster,null,White Vein Borneo Kratom Plus - 100g,Psychedelics,Other,White Vein Borneo Kratom Plus - 100g,"Sold by thehealingmaster -
0 sold since Aug 22, 2016Î¾Î¾Vendor Level 1Î¾Trust Level 3",Purchase price: USD 21.00,18,Drugs & ChemicalsDrugs & Chemicals,Psychedelics,10 Geltabs 5-MeO-DALT 15mg,"Buy price
USD 30.00

(0.0243 BTC)",Fapppylicious,null,10 Geltabs 5-MeO-DALT 15mg,Psychedelics,Other,10 Geltabs 5-MeO-DALT 15mg,"Sold by Fapppylicious -
6 sold since Jul 22, 2016Î¾Î¾Vendor Level 6Î¾Trust Level 6",Purchase price: USD 30.00,4,Drugs & ChemicalsDrugs & Chemicals,Psychedelics,10x - 1mg DOB,"Buy price
USD 40.75

(0.0331 BTC)",TheRainbowSerpent,"Views: 454 / Bids: Fixed price
Quantity left: Unlimited",10x - 1mg DOB,Psychedelics,Other,10x - 1mg DOB,"Sold by TheRainbowSerpent -
10 sold since Jan 13, 2017Î¾Î¾Vendor Level 1Î¾Trust Level 4",Purchase price: USD 40.75,3,Drugs & ChemicalsDrugs & Chemicals,Psychedelics,Salvia Divinorum Extract 5x (10 grams) [D2 receptor agonist; dissociative+psychedelic],"Buy price
USD 55.00

(0.0448 BTC)",prodruq,"Views: 218 / Bids: Fixed price
Quantity left: Unlimited",Salvia Divinorum Extract 5x (10 grams) [D2 receptor agonist; dissociative+psychedelic],Psychedelics,Other,Salvia Divinorum Extract 5x (10 grams) [D2 recepto...,"Sold by prodruq -
0 sold since Dec 20, 2016Î¾Î¾Vendor Level 3Î¾Trust Level 4",Purchase price: USD 55.00,13,Drugs & ChemicalsDrugs & Chemicals,Psychedelics,White Vein Borneo Kratom Fine Grain - 250g,"Buy price
USD 46.00

(0.0374 BTC)",thehealingmaster,null,White Vein Borneo Kratom Fine Grain - 250g,Psychedelics,Other,White Vein Borneo Kratom Fine Grain - 250g,"Sold by thehealingmaster -
0 sold since Aug 22, 2016Î¾Î¾Vendor Level 1Î¾Trust Level 3",Purchase price: USD 46.00,16,Drugs & ChemicalsDrugs & Chemicals,Psychedelics,10 x Anonymouse HQ LSD blotters (180Ô_g) FREE SHIPPING,"Buy price
USD 65.30

(0.0532 BTC)",DutchDelights,null,10 x Anonymouse HQ LSD blotters (180Ô_g) FREE SHIPPING,Psychedelics,Other,10 x Anonymouse HQ LSD blotters (180Ô_g) FREE SHIPP...,"Sold by DutchDelights -
0 sold since Sep 21, 2015Î¾Î¾Vendor Level 1Î¾Trust Level 6",Purchase price: USD 65.30,14,Drugs & ChemicalsDrugs & Chemicals,Psychedelics,4-aco-dmt party pack (10 20mg 4-aco-dmt capsules + 10 1mg xanax caps),"Buy price
USD 170.00

(0.1379 BTC)",batcountry,null,4-aco-dmt party pack (10 20mg 4-aco-dmt capsules + 10 1mg xanax caps),Psychedelics,Other,4-aco-dmt party pack (10 20mg 4-aco-dmt capsules +...,"Sold by batcountry -
3 sold since Sep 10, 2015Î¾Î¾Vendor Level 3Î¾Trust Level 5",Purchase price: USD 170.00,6,Drugs & ChemicalsDrugs & Chemicals,Psychedelics,2 LSD stamps Anonymous SAMPLE (180Ô_g),"Buy price
USD 12.50

(0.0101 BTC)",MrSniffer,null,2 LSD stamps Anonymous SAMPLE (180Ô_g),Psychedelics,Other,2 LSD stamps Anonymous SAMPLE (180Ô_g),"Sold by MrSniffer -
19 sold since Sep 3, 2015Î¾Î¾Vendor Level 5Î¾Trust Level 6",Purchase price: USD 12.50,2,Drugs & Chemicals