category_link,subcategory_link,listing_title,listing_price,listing_vendor,listing_item,listing_link,subcategory_id,subcategory2_id,detail_name,detail_qty_sold,detail_price,pagination_link,category_idDrugs & Chemicals,Weight Loss,"Ephedrine 30mg 10,000 tabs","Buy price
USD 5,173.75

(3.8419 BTC)",Xtremenutrition,null,"Ephedrine 30mg 10,000 tabs",Weight Loss,Weight Loss,"Ephedrine 30mg 10,000 tabs","Sold by Xtremenutrition -
0 sold since Apr 9, 2015Î¾Î¾Vendor Level 3Î¾Trust Level 5","Purchase price: USD 5,173.75",,Drugs & ChemicalsDrugs & Chemicals,Weight Loss,Phentermine 37.5 MG (k25)  (25 Pills) ({<---Fast shipping--->)},"Buy price
USD 60.00

(0.0446 BTC)",Idealpills,null,Phentermine 37.5 MG (k25)  (25 Pills) ({<---Fast shipping--->)},Weight Loss,Weight Loss,Phentermine 37.5 MG (k25)  (25 Pills) ({<---Fas...,"Sold by Idealpills -
0 sold since Jul 28, 2016Î¾Î¾Vendor Level 1Î¾Trust Level 6",Purchase price: USD 60.00,,Drugs & ChemicalsDrugs & Chemicals,Weight Loss,Clenbuterol LA Pharma 20 mcg 200 tabs,"Buy price
USD 40.00

(0.0297 BTC)",theben,"Views: 548 / Bids: Fixed price
Quantity left: Unlimited",Clenbuterol LA Pharma 20 mcg 200 tabs,Weight Loss,Weight Loss,Clenbuterol LA Pharma 20 mcg 200 tabs,"Sold by theben -
2 sold since Apr 23, 2016Î¾Î¾Vendor Level 1Î¾Trust Level 5",Purchase price: USD 40.00,8,Drugs & ChemicalsDrugs & Chemicals,Weight Loss,Phentermine 37.5 MG (k25)  (275 Pills),"Buy price
USD 365.00

(0.2710 BTC)",Idealpills,null,Phentermine 37.5 MG (k25)  (275 Pills),Weight Loss,Weight Loss,Phentermine 37.5 MG (k25)  (275 Pills),"Sold by Idealpills -
0 sold since Dec 10, 2015Î¾Î¾Vendor Level 1Î¾Trust Level 6",Purchase price: USD 365.00,,Drugs & ChemicalsDrugs & Chemicals,Weight Loss,Phentermine (k25) 37.5 MG 180 Pills,"Buy price
USD 220.00

(0.1634 BTC)",Deepmeds,null,Phentermine (k25) 37.5 MG 180 Pills,Weight Loss,Weight Loss,Phentermine (k25) 37.5 MG 180 Pills,"Sold by Deepmeds -
2 sold since Nov 24, 2015Î¾Î¾Vendor Level 1Î¾Trust Level 6",Purchase price: USD 220.00,8,Drugs & ChemicalsDrugs & Chemicals,Weight Loss,Metformin - Metformax - Weight Loss - 60 tabs / 500 mg,"Buy price
USD 19.95

(0.0148 BTC)",Pendolino,"Views: 724 / Bids: Fixed price
Quantity left: 3",Metformin - Metformax - Weight Loss - 60 tabs / 500 mg,Weight Loss,Weight Loss,Metformin - Metformax - Weight Loss - 60 tabs / 50...,"Sold by Pendolino -
11 sold since Aug 16, 2016Î¾Î¾Vendor Level 3Î¾Trust Level 4",Purchase price: USD 19.95,4,Drugs & ChemicalsDrugs & Chemicals,Weight Loss,200 x Sibutramine 15mg Sibutril $159,"Buy price
USD 159.00

(0.1181 BTC)",medsguru,null,200 x Sibutramine 15mg Sibutril $159,Weight Loss,Weight Loss,200 x Sibutramine 15mg Sibutril $159,"Sold by medsguru -
1 sold since Dec 21, 2015Î¾Î¾Vendor Level 8Î¾Trust Level 7",Purchase price: USD 159.00,10,Drugs & ChemicalsDrugs & Chemicals,Weight Loss,"25g DNP (2,4-Dinitrophenol) loose powder UK-toUK + ESCROW","Buy price
USD 30.52

(0.0227 BTC)",brokenadvisorman,"Views: 283 / Bids: Fixed price
Quantity left: Unlimited","25g DNP (2,4-Dinitrophenol) loose powder UK-toUK + ESCROW",Weight Loss,Weight Loss,"25g DNP (2,4-Dinitrophenol) loose powder UK-toUK +...","Sold by brokenadvisorman -
0 sold since Jan 16, 2017Î¾Î¾Vendor Level 1Î¾Trust Level 6",Purchase price: USD 30.52,10,Drugs & ChemicalsDrugs & Chemicals,Weight Loss,PHARMACEUTICAL GRADE GW-501516  10MG X 60 TABS,"Buy price
USD 92.15

(0.0682 BTC)",artvlay,null,PHARMACEUTICAL GRADE GW-501516  10MG X 60 TABS,Weight Loss,Weight Loss,PHARMACEUTICAL GRADE GW-501516  10MG X 60 TABS,"Sold by artvlay -
4 sold since Nov 26, 2016Î¾Î¾Vendor Level 1Î¾Trust Level 4",Purchase price: USD 92.15,6,Drugs & ChemicalsDrugs & Chemicals,Weight Loss,"Meridia (sibutramine) 15mg 50 cap, Free Shipping","Buy price
USD 70.00

(0.0520 BTC)",freegenerics,"Views: 601 / Bids: Fixed price
Quantity left: Unlimited","Meridia (sibutramine) 15mg 50 cap, Free Shipping",Weight Loss,Weight Loss,"Meridia (sibutramine) 15mg 50 cap, Free Shipping","Sold by freegenerics -
1 sold since Jan 5, 2016Î¾Î¾Vendor Level 1Î¾Trust Level 5",Purchase price: USD 70.00,9,Drugs & ChemicalsDrugs & Chemicals,Weight Loss,Astralean | Clenbuterol 50 x 40mcg Tablets,"Buy price
USD 150.00

(0.1110 BTC)",OzAlphaAU,null,Astralean | Clenbuterol 50 x 40mcg Tablets,Weight Loss,Weight Loss,Astralean | Clenbuterol 50 x 40mcg Tablets,"Sold by OzAlphaAU -
84 sold since Jun 23, 2016Î¾Î¾Vendor Level 6Î¾Trust Level 5",Purchase price: USD 150.00,2,Drugs & ChemicalsDrugs & Chemicals,Weight Loss,Sopharma Clenbuterol 0.02mg x 50 tabs Uk free shipping.,"Buy price
USD 20.07

(0.0148 BTC)",anabolicwindow,null,Sopharma Clenbuterol 0.02mg x 50 tabs Uk free shipping.,Weight Loss,Weight Loss,Sopharma Clenbuterol 0.02mg x 50 tabs Uk free ship...,"Sold by anabolicwindow -
17 sold since Jan 28, 2017Î¾Î¾Vendor Level 6Î¾Trust Level 6",null,3,Drugs & ChemicalsDrugs & Chemicals,Weight Loss,1000 x 30MG Ephedrine - LIMITED STOCK,"Buy price
USD 185.00

(0.1369 BTC)",Openpharmacy,null,1000 x 30MG Ephedrine - LIMITED STOCK,Weight Loss,Weight Loss,1000 x 30MG Ephedrine - LIMITED STOCK,"Sold by Openpharmacy -
24 sold since May 10, 2016Î¾Î¾Vendor Level 5Î¾Trust Level 5",Purchase price: USD 185.00,3,Drugs & ChemicalsDrugs & Chemicals,Weight Loss,Clenbuterol 40 mg (60 tabs) - Balkan Pharma,"Buy price
USD 35.00

(0.0259 BTC)",balkanpharma,"Views: 1923 / Bids: Fixed price
Quantity left: Unlimited",Clenbuterol 40 mg (60 tabs) - Balkan Pharma,Weight Loss,Weight Loss,Clenbuterol 40 mg (60 tabs) - Balkan Pharma,"Sold by balkanpharma -
28 sold since Apr 14, 2016Î¾Î¾Vendor Level 1Î¾Trust Level 5",Purchase price: USD 35.00,3,Drugs & ChemicalsDrugs & Chemicals,Weight Loss,"DNP (2,4-Dinitrophenol) 50 x 200mg Capsules Š…ÄEscrowŠ…Ä 100% Feedback! Š…ÄShipped Out Within 24 HoursŠ…Ä ŠÈ_FREE UK DELIVERY!ŠÈ_","Buy price
USD 31.95

(0.0236 BTC)",seceretsales,"Views: 840 / Bids: Fixed price
Quantity left: Unlimited","DNP (2,4-Dinitrophenol) 50 x 200mg Capsules Š…ÄEscrowŠ…Ä 100% Feedback! Š…ÄShipped Out Within 24 HoursŠ…Ä ŠÈ_FREE UK DELIVERY!ŠÈ_",Weight Loss,Weight Loss,"DNP (2,4-Dinitrophenol) 50 x 200mg Capsules Š…ÄEscro...","Sold by seceretsales -
40 sold since Jan 15, 2017Î¾Î¾Vendor Level 3Î¾Trust Level 4",Purchase price: USD 31.95,2,Drugs & ChemicalsDrugs & Chemicals,Weight Loss,Phentermine (k25) 37.5 MG 200 Pills,"Buy price
USD 240.00

(0.1782 BTC)",Deepmeds,null,Phentermine (k25) 37.5 MG 200 Pills,Weight Loss,Weight Loss,Phentermine (k25) 37.5 MG 200 Pills,"Sold by Deepmeds -
2 sold since Nov 24, 2015Î¾Î¾Vendor Level 1Î¾Trust Level 6",Purchase price: USD 240.00,8,Drugs & ChemicalsDrugs & Chemicals,Weight Loss,99%+ purity Rimonabant powder 10g,"Buy price
USD 79.00

(0.0587 BTC)",Confucious,null,99%+ purity Rimonabant powder 10g,Weight Loss,Weight Loss,99%+ purity Rimonabant powder 10g,"Sold by Confucious -
0 sold since Dec 7, 2016Î¾Î¾Vendor Level 2Î¾Trust Level 4",null,12,Drugs & ChemicalsDrugs & Chemicals,Weight Loss,Clenbuterol | 100 tabs (40mcg/tab) - Bodypharm (Clen/Clenbuterol Hydrochloride),"Buy price
USD 49.00

(0.0363 BTC)",pharmroids,"Views: 1133 / Bids: Fixed price
Quantity left: 4",Clenbuterol | 100 tabs (40mcg/tab) - Bodypharm (Clen/Clenbuterol Hydrochloride),Weight Loss,Weight Loss,Clenbuterol | 100 tabs (40mcg/tab) - Bodypharm (Cl...,"Sold by pharmroids -
8 sold since Feb 7, 2016Î¾Î¾Vendor Level 1Î¾Trust Level 5",Purchase price: USD 49.00,5,Drugs & ChemicalsDrugs & Chemicals,Weight Loss,1000 x Mix and Match non Controlled Medication,"Buy price
USD 1.00

(0.0007 BTC)",gotmilk,null,1000 x Mix and Match non Controlled Medication,Weight Loss,Weight Loss,1000 x Mix and Match non Controlled Medication,"Sold by gotmilk -
0 sold since Feb 21, 2017Î¾Î¾Vendor Level 7Î¾Trust Level 7",Purchase price: USD 1.00,13,Drugs & ChemicalsDrugs & Chemicals,Weight Loss,"Orlistat (Xenical, weight loss) 120mg - 200x","Buy price
USD 66.09

(0.0489 BTC)",Angelina,"Views: 1720 / Bids: Fixed price
Quantity left: Unlimited","Orlistat (Xenical, weight loss) 120mg - 200x",Weight Loss,Weight Loss,"Orlistat (Xenical, weight loss) 120mg - 200x","Sold by Angelina -
29 sold since Sep 3, 2015Î¾Î¾Vendor Level 8Î¾Trust Level 7",Purchase price: USD 66.09,3,Drugs & ChemicalsDrugs & Chemicals,Weight Loss,T3 25mcg x 100,"Buy price
USD 34.01

(0.0253 BTC)",rxwholesale,null,T3 25mcg x 100,Weight Loss,Weight Loss,T3 25mcg x 100,"Sold by rxwholesale -
1 sold since Aug 8, 2016Î¾Î¾Vendor Level 2Î¾Trust Level 6",null,9,Drugs & ChemicalsDrugs & Chemicals,Weight Loss,Atlas Pharmaceuticals Clenbuterol 50mcg *100 tabs*,"Buy price
USD 50.00

(0.0370 BTC)",Pharmaroid,"Views: 290 / Bids: Fixed price
Quantity left: 7",Atlas Pharmaceuticals Clenbuterol 50mcg *100 tabs*,Weight Loss,Weight Loss,Atlas Pharmaceuticals Clenbuterol 50mcg *100 tabs*,"Sold by Pharmaroid -
3 sold since Jan 7, 2017Î¾Î¾Vendor Level 1Î¾Trust Level 4",Purchase price: USD 50.00,7,Drugs & ChemicalsDrugs & Chemicals,Weight Loss,Phentermine 37.5 MG (k25)  (25 Pills),"Buy price
USD 60.00

(0.0444 BTC)",Idealpills,null,Phentermine 37.5 MG (k25)  (25 Pills),Weight Loss,Weight Loss,Phentermine 37.5 MG (k25)  (25 Pills),"Sold by Idealpills -
12 sold since Feb 5, 2015Î¾Î¾Vendor Level 1Î¾Trust Level 6",Purchase price: USD 60.00,4,Drugs & ChemicalsDrugs & Chemicals,Weight Loss,Clenbuterol (KlenPrime) (40mcg/tablet) 30 tablets - FREE EU Shipping,"Buy price
USD 15.00

(0.0111 BTC)",JunoTempleh,"Views: 3255 / Bids: Fixed price
Quantity left: Unlimited",Clenbuterol (KlenPrime) (40mcg/tablet) 30 tablets - FREE EU Shipping,Weight Loss,Weight Loss,Clenbuterol (KlenPrime) (40mcg/tablet) 30 tablets ...,"Sold by JunoTempleh -
94 sold since Oct 13, 2015Î¾Î¾Vendor Level 6Î¾Trust Level 6",Purchase price: USD 15.00,2,Drugs & ChemicalsDrugs & Chemicals,Weight Loss,SIBUTRAMINE (Meridia) - 20mg - 100 tablets,"Buy price
USD 114.57

(0.0851 BTC)",materiamedica,"Views: 366 / Bids: Fixed price
Quantity left: Unlimited",SIBUTRAMINE (Meridia) - 20mg - 100 tablets,Weight Loss,Weight Loss,SIBUTRAMINE (Meridia) - 20mg - 100 tablets,"Sold by materiamedica -
0 sold since Jun 6, 2016Î¾Î¾Vendor Level 3Î¾Trust Level 5",Purchase price: USD 114.57,10,Drugs & ChemicalsDrugs & Chemicals,Weight Loss,1 Gr EPHEDRINE ( SAMPLE ),"Buy price
USD 10.40

(0.0077 BTC)",NarcoticaNL,"Views: 66 / Bids: Fixed price
Quantity left: Unlimited",1 Gr EPHEDRINE ( SAMPLE ),Weight Loss,Weight Loss,1 Gr EPHEDRINE ( SAMPLE ),"Sold by NarcoticaNL -
0 sold since Apr 11, 2017Î¾Î¾Vendor Level 1Î¾Trust Level 3",Purchase price: USD 10.40,11,Drugs & ChemicalsDrugs & Chemicals,Weight Loss,LittleReds,"Buy price
USD 7.00

(0.0052 BTC)",LostInStuddy,null,LittleReds,Weight Loss,Weight Loss,LittleReds,"Sold by LostInStuddy -
0 sold since Aug 26, 2015Î¾Î¾Vendor Level 1Î¾Trust Level 4",null,15,Drugs & ChemicalsDrugs & Chemicals,Weight Loss,45 Pills Phentermine (K25) 37.5 MG,"Buy price
USD 75.00

(0.0557 BTC)",Meds2Buy,null,45 Pills Phentermine (K25) 37.5 MG,Weight Loss,Weight Loss,45 Pills Phentermine (K25) 37.5 MG,"Sold by Meds2Buy -
1 sold since Jun 21, 2016Î¾Î¾Vendor Level 1Î¾Trust Level 6",Purchase price: USD 75.00,10,Drugs & ChemicalsDrugs & Chemicals,Weight Loss,Clenbuterol Ice | 100 tabs (40mcg/tab) - Ice Pharmaceuticals (Clen/Clenbuterol Hydrochloride),"Buy price
USD 26.00

(0.0193 BTC)",pharmroids,"Views: 579 / Bids: Fixed price
Quantity left: Unlimited",Clenbuterol Ice | 100 tabs (40mcg/tab) - Ice Pharmaceuticals (Clen/Clenbuterol Hydrochloride),Weight Loss,Weight Loss,Clenbuterol Ice | 100 tabs (40mcg/tab) - Ice Pharm...,"Sold by pharmroids -
1 sold since Apr 7, 2016Î¾Î¾Vendor Level 1Î¾Trust Level 5",Purchase price: USD 26.00,9,Drugs & ChemicalsDrugs & Chemicals,Weight Loss,"DNP (2,4-Dinitrophenol) 10 x 200mg Capsules Š…ÄEscrowŠ…Ä 100% Feedback! Š…ÄShipped Out Within 24 HoursŠ…Ä ŠÈ_FREE UK DELIVERY!ŠÈ_","Buy price
USD 8.96

(0.0066 BTC)",seceretsales,"Views: 482 / Bids: Fixed price
Quantity left: Unlimited","DNP (2,4-Dinitrophenol) 10 x 200mg Capsules Š…ÄEscrowŠ…Ä 100% Feedback! Š…ÄShipped Out Within 24 HoursŠ…Ä ŠÈ_FREE UK DELIVERY!ŠÈ_",Weight Loss,Weight Loss,"DNP (2,4-Dinitrophenol) 10 x 200mg Capsules Š…ÄEscro...","Sold by seceretsales -
10 sold since Jan 29, 2017Î¾Î¾Vendor Level 3Î¾Trust Level 4",Purchase price: USD 8.96,4,Drugs & ChemicalsDrugs & Chemicals,Weight Loss,PHENTERMINE 30 MG 90 TABLETS,"Buy price
USD 200.00

(0.1480 BTC)",milo8490,null,PHENTERMINE 30 MG 90 TABLETS,Weight Loss,Weight Loss,PHENTERMINE 30 MG 90 TABLETS,"Sold by milo8490 -
52 sold since Oct 14, 2016Î¾Î¾Vendor Level 3Î¾Trust Level 5",Purchase price: USD 200.00,2,Drugs & ChemicalsDrugs & Chemicals,Weight Loss,Phentermine 37.5 MG (k25)  (150 Pills),"Buy price
USD 220.00

(0.1634 BTC)",Idealpills,null,Phentermine 37.5 MG (k25)  (150 Pills),Weight Loss,Weight Loss,Phentermine 37.5 MG (k25)  (150 Pills),"Sold by Idealpills -
0 sold since Dec 10, 2015Î¾Î¾Vendor Level 1Î¾Trust Level 6",Purchase price: USD 220.00,13,Drugs & ChemicalsDrugs & Chemicals,Weight Loss,Phentermine (k25) 37.5 MG 70 Pills,"Buy price
USD 105.00

(0.0777 BTC)",Deepmeds,null,Phentermine (k25) 37.5 MG 70 Pills,Weight Loss,Weight Loss,Phentermine (k25) 37.5 MG 70 Pills,"Sold by Deepmeds -
3 sold since Nov 24, 2015Î¾Î¾Vendor Level 1Î¾Trust Level 6",Purchase price: USD 105.00,7,Drugs & ChemicalsDrugs & Chemicals,Weight Loss,Apex DNP: 100caps - 50mg { ’_FFNUNG SALE },"Buy price
USD 18.00

(0.0133 BTC)",fitness_fuhrer,"Views: 381 / Bids: Fixed price
Quantity left: Unlimited",Apex DNP: 100caps - 50mg { ’_FFNUNG SALE },Weight Loss,Weight Loss,Apex DNP: 100caps - 50mg { ’_FFNUNG SALE },"Sold by fitness_fuhrer -
3 sold since Aug 2, 2016Î¾Î¾Vendor Level 1Î¾Trust Level 3",Purchase price: USD 18.00,7,Drugs & ChemicalsDrugs & Chemicals,Weight Loss,"DNP (2,4-Dinitrophenol) 1000 x 200mg Capsules Bulk Order for re-Sale Š…ÄShipped Out Within 48 HoursŠ…Ä","Buy price
USD 345.57

(0.2566 BTC)",seceretsales,"Views: 354 / Bids: Fixed price
Quantity left: Unlimited","DNP (2,4-Dinitrophenol) 1000 x 200mg Capsules Bulk Order for re-Sale Š…ÄShipped Out Within 48 HoursŠ…Ä",Weight Loss,Weight Loss,"DNP (2,4-Dinitrophenol) 1000 x 200mg Capsules Bulk...","Sold by seceretsales -
1 sold since Jan 2, 2017Î¾Î¾Vendor Level 3Î¾Trust Level 4",Purchase price: USD 345.57,9,Drugs & ChemicalsDrugs & Chemicals,Weight Loss,Phentermine 37.5 MG (k25)  (200 Pills),"Buy price
USD 280.00

(0.2079 BTC)",Idealpills,null,Phentermine 37.5 MG (k25)  (200 Pills),Weight Loss,Weight Loss,Phentermine 37.5 MG (k25)  (200 Pills),"Sold by Idealpills -
2 sold since Dec 10, 2015Î¾Î¾Vendor Level 1Î¾Trust Level 6",Purchase price: USD 280.00,8,Drugs & ChemicalsDrugs & Chemicals,Weight Loss,"DNP (2,4-Dinitrophenol) 10 x 200mg Capsules UK-toUK + ESCROW","Buy price
USD 4.88

(0.0036 BTC)",brokenadvisorman,null,"DNP (2,4-Dinitrophenol) 10 x 200mg Capsules UK-toUK + ESCROW",Weight Loss,Weight Loss,"DNP (2,4-Dinitrophenol) 10 x 200mg Capsules UK-toU...","Sold by brokenadvisorman -
4 sold since Jan 16, 2017Î¾Î¾Vendor Level 1Î¾Trust Level 6",Purchase price: USD 4.88,6,Drugs & ChemicalsDrugs & Chemicals,Weight Loss,Ephedrine 30 mg 1000 tabs (limited time only offer),"Buy price
USD 462.05

(0.3431 BTC)",xtremenutrition1,"Views: 303 / Bids: Fixed price
Quantity left: Unlimited",Ephedrine 30 mg 1000 tabs (limited time only offer),Weight Loss,Weight Loss,Ephedrine 30 mg 1000 tabs (limited time only offer...,"Sold by xtremenutrition1 -
0 sold since Sep 17, 2016Î¾Î¾Vendor Level 1Î¾Trust Level 4",Purchase price: USD 462.05,15,Drugs & ChemicalsDrugs & Chemicals,Weight Loss,Phentermine (k25) 37.5 MG 120 Pills,"Buy price
USD 160.00

(0.1188 BTC)",Deepmeds,null,Phentermine (k25) 37.5 MG 120 Pills,Weight Loss,Weight Loss,Phentermine (k25) 37.5 MG 120 Pills,"Sold by Deepmeds -
0 sold since Nov 24, 2015Î¾Î¾Vendor Level 1Î¾Trust Level 6",Purchase price: USD 160.00,13,Drugs & ChemicalsDrugs & Chemicals,Weight Loss,Unexo HCL Ephedrine (pharma grade) 30 mg 100 tabs,"Buy price
USD 68.12

(0.0506 BTC)",Xtremenutrition,"Views: 558 / Bids: Fixed price
Quantity left: Unlimited",Unexo HCL Ephedrine (pharma grade) 30 mg 100 tabs,Weight Loss,Weight Loss,Unexo HCL Ephedrine (pharma grade) 30 mg 100 tabs,"Sold by Xtremenutrition -
0 sold since Aug 27, 2016Î¾Î¾Vendor Level 3Î¾Trust Level 5",Purchase price: USD 68.12,15,Drugs & ChemicalsDrugs & Chemicals,Weight Loss,Phentermine (k25) 37.5 MG 40 Pills,"Buy price
USD 75.00

(0.0555 BTC)",Deepmeds,null,Phentermine (k25) 37.5 MG 40 Pills,Weight Loss,Weight Loss,Phentermine (k25) 37.5 MG 40 Pills,"Sold by Deepmeds -
5 sold since Nov 24, 2015Î¾Î¾Vendor Level 1Î¾Trust Level 6",Purchase price: USD 75.00,6,Drugs & ChemicalsDrugs & Chemicals,Weight Loss,100-ct Modafinil 200mg (Modvigil),"Buy price
USD 200.00

(0.1485 BTC)",themodsquad,"Views: 57 / Bids: Fixed price
Quantity left: Unlimited",100-ct Modafinil 200mg (Modvigil),Weight Loss,Weight Loss,100-ct Modafinil 200mg (Modvigil),"Sold by themodsquad -
0 sold since Mar 12, 2017Î¾Î¾Vendor Level 1Î¾Trust Level 4",Purchase price: USD 200.00,,Drugs & ChemicalsDrugs & Chemicals,Weight Loss,"Genesis Clenbuterol (Spiropent) Tablets 100 tabs 0,04mg/tab*** 1ST CLASS QUALITY***BEST PRICE***BULK***TRACKING***","Buy price
USD 31.76

(0.0235 BTC)",tourette,"Views: 462 / Bids: Fixed price
Quantity left: Unlimited","Genesis Clenbuterol (Spiropent) Tablets 100 tabs 0,04mg/tab*** 1ST CLASS QUALITY***BEST PRICE***BULK***TRACKING***",Weight Loss,Weight Loss,Genesis Clenbuterol (Spiropent) Tablets 100 tabs 0...,"Sold by tourette -
10 sold since Nov 15, 2016Î¾Î¾Vendor Level 5Î¾Trust Level 6",Purchase price: USD 31.76,4,Drugs & ChemicalsDrugs & Chemicals,Weight Loss,Phentermine 37.5 MG (k25)  (700 Pills),"Buy price
USD 770.00

(0.5718 BTC)",Idealpills,null,Phentermine 37.5 MG (k25)  (700 Pills),Weight Loss,Weight Loss,Phentermine 37.5 MG (k25)  (700 Pills),"Sold by Idealpills -
0 sold since Dec 10, 2015Î¾Î¾Vendor Level 1Î¾Trust Level 6",Purchase price: USD 770.00,12,Drugs & ChemicalsDrugs & Chemicals,Weight Loss,Clenbuterol x60,"Buy price
USD 39.00

(0.0290 BTC)",milkman22,"Views: 14 / Bids: Fixed price
Quantity left: Unlimited",Clenbuterol x60,Weight Loss,Weight Loss,Clenbuterol x60,"Sold by milkman22 -
0 sold since Apr 25, 2017Î¾Î¾Vendor Level 1Î¾Trust Level 3",Purchase price: USD 39.00,12,Drugs & ChemicalsDrugs & Chemicals,Weight Loss,T3 LA Pharma 100 mcg 100 tabs,"Buy price
USD 55.00

(0.0408 BTC)",theben,"Views: 513 / Bids: Fixed price
Quantity left: Unlimited",T3 LA Pharma 100 mcg 100 tabs,Weight Loss,Weight Loss,T3 LA Pharma 100 mcg 100 tabs,"Sold by theben -
0 sold since Apr 23, 2016Î¾Î¾Vendor Level 1Î¾Trust Level 5",Purchase price: USD 55.00,13,Drugs & ChemicalsDrugs & Chemicals,Weight Loss,"Custom DNP orders accepted, either capsules or loose UK-toUK + ESCROW","Buy price
USD 1.26

(0.0009 BTC)",brokenadvisorman,"Views: 403 / Bids: Fixed price
Quantity left: Unlimited","Custom DNP orders accepted, either capsules or loose UK-toUK + ESCROW",Weight Loss,Weight Loss,"Custom DNP orders accepted, either capsules or loo...","Sold by brokenadvisorman -
2 sold since Jan 30, 2017Î¾Î¾Vendor Level 1Î¾Trust Level 6",Purchase price: USD 1.26,8,Drugs & ChemicalsDrugs & Chemicals,Weight Loss,Ephedrine Hydrochloride 20mg x 1000 tablets,"Buy price
USD 179.99

(0.1337 BTC)",monoko,"Views: 532 / Bids: Fixed price
Quantity left: Unlimited",Ephedrine Hydrochloride 20mg x 1000 tablets,Weight Loss,Weight Loss,Ephedrine Hydrochloride 20mg x 1000 tablets,"Sold by monoko -
1 sold since Dec 15, 2016Î¾Î¾Vendor Level 4Î¾Trust Level 5",Purchase price: USD 179.99,9,Drugs & ChemicalsDrugs & Chemicals,Weight Loss,T3 (Liothyronine sodium) 100 x 25mcg tablets Tiromel Cytomel,"Buy price
USD 146.93

(0.1087 BTC)",TeeThree,"Views: 2164 / Bids: Fixed price
Quantity left: 3",T3 (Liothyronine sodium) 100 x 25mcg tablets Tiromel Cytomel,Weight Loss,Weight Loss,T3 (Liothyronine sodium) 100 x 25mcg tablets Tirom...,"Sold by TeeThree -
17 sold since Jun 4, 2015Î¾Î¾Vendor Level 3Î¾Trust Level 6",Purchase price: USD 146.93,3,Drugs & ChemicalsDrugs & Chemicals,Weight Loss,Ephedrine hydrochloride ampoules 1ml/50mg Free Uk shipping! Drink half with coffee or your preworkout!,"Buy price
USD 32.34

(0.0240 BTC)",anabolicwindow,"Views: 546 / Bids: Fixed price
Quantity left: Unlimited",Ephedrine hydrochloride ampoules 1ml/50mg Free Uk shipping! Drink half with coffee or your preworkout!,Weight Loss,Weight Loss,Ephedrine hydrochloride ampoules 1ml/50mg Free Uk ...,"Sold by anabolicwindow -
2 sold since Dec 25, 2015Î¾Î¾Vendor Level 6Î¾Trust Level 6",Purchase price: USD 32.34,8,Drugs & ChemicalsDrugs & Chemicals,Weight Loss,90 Pills Phentermine (K25) 37.5 MG,"Buy price
USD 115.00

(0.0854 BTC)",Meds2Buy,null,90 Pills Phentermine (K25) 37.5 MG,Weight Loss,Weight Loss,90 Pills Phentermine (K25) 37.5 MG,"Sold by Meds2Buy -
0 sold since Feb 20, 2017Î¾Î¾Vendor Level 1Î¾Trust Level 6",Purchase price: USD 115.00,10,Drugs & ChemicalsDrugs & Chemicals,Weight Loss,Cerberus Pharma DNP 200mg x 10 capsules,"Buy price
USD 12.23

(0.0090 BTC)",cerberus_uk,null,Cerberus Pharma DNP 200mg x 10 capsules,Weight Loss,Weight Loss,Cerberus Pharma DNP 200mg x 10 capsules,"Sold by cerberus_uk -
33 sold since Oct 24, 2016Î¾Î¾Vendor Level 7Î¾Trust Level 6",Purchase price: USD 12.23,3,Drugs & ChemicalsDrugs & Chemicals,Weight Loss,"Orlistat (Xenical) 120mg (50 tab), Free Shipping","Buy price
USD 55.00

(0.0408 BTC)",freegenerics,"Views: 519 / Bids: Fixed price
Quantity left: Unlimited","Orlistat (Xenical) 120mg (50 tab), Free Shipping",Weight Loss,Weight Loss,"Orlistat (Xenical) 120mg (50 tab), Free Shipping","Sold by freegenerics -
0 sold since Jan 5, 2016Î¾Î¾Vendor Level 1Î¾Trust Level 5",Purchase price: USD 55.00,13,Drugs & ChemicalsDrugs & Chemicals,Weight Loss,50 x Sibutramine 15mg Sibutril $49,"Buy price
USD 49.00

(0.0363 BTC)",medsguru,null,50 x Sibutramine 15mg Sibutril $49,Weight Loss,Weight Loss,50 x Sibutramine 15mg Sibutril $49,"Sold by medsguru -
10 sold since Dec 21, 2015Î¾Î¾Vendor Level 8Î¾Trust Level 7",Purchase price: USD 49.00,5,Drugs & ChemicalsDrugs & Chemicals,Weight Loss,EPHEDRINE Hydrochloride HCL  50mg - 200 tabs,"Buy price
USD 192.85

(0.1432 BTC)",materiamedica,"Views: 574 / Bids: Fixed price
Quantity left: Unlimited",EPHEDRINE Hydrochloride HCL  50mg - 200 tabs,Weight Loss,Weight Loss,EPHEDRINE Hydrochloride HCL  50mg - 200 tabs,"Sold by materiamedica -
1 sold since Jun 6, 2016Î¾Î¾Vendor Level 3Î¾Trust Level 5",Purchase price: USD 192.85,9,Drugs & ChemicalsDrugs & Chemicals,Weight Loss,CLOBENZOREX 30 MG 120 CAPSULES DIET PILL,"Buy price
USD 250.00

(0.1850 BTC)",milo8490,null,CLOBENZOREX 30 MG 120 CAPSULES DIET PILL,Weight Loss,Weight Loss,CLOBENZOREX 30 MG 120 CAPSULES DIET PILL,"Sold by milo8490 -
3 sold since Dec 24, 2016Î¾Î¾Vendor Level 3Î¾Trust Level 5",Purchase price: USD 250.00,7,Drugs & ChemicalsDrugs & Chemicals,Weight Loss,Clenbuterol 40 | 60 tabs (40mcg/tab) - Balkan Pharmaceuticals (Clen/Clenbuterol Hydrochloride),"Buy price
USD 36.00

(0.0266 BTC)",pharmroids,"Views: 928 / Bids: Fixed price
Quantity left: 46",Clenbuterol 40 | 60 tabs (40mcg/tab) - Balkan Pharmaceuticals (Clen/Clenbuterol Hydrochloride),Weight Loss,Weight Loss,Clenbuterol 40 | 60 tabs (40mcg/tab) - Balkan Phar...,"Sold by pharmroids -
5 sold since Feb 7, 2016Î¾Î¾Vendor Level 1Î¾Trust Level 5",Purchase price: USD 36.00,6,Drugs & ChemicalsDrugs & Chemicals,Weight Loss,3 Boxes (90) x Phentermine 37.5 Brand Name Rx / 400$,"Buy price
USD 400.00

(0.2970 BTC)",The-Undertaker,null,3 Boxes (90) x Phentermine 37.5 Brand Name Rx / 400$,Weight Loss,Weight Loss,3 Boxes (90) x Phentermine 37.5 Brand Name Rx / 40...,"Sold by The-Undertaker -
0 sold since Jul 15, 2016Î¾Î¾Vendor Level 1Î¾Trust Level 4",Purchase price: USD 400.00,10,Drugs & ChemicalsDrugs & Chemicals,Weight Loss,Apex DNP: 100caps - 100mg { ’_FFNUNG SALE },"Buy price
USD 33.00

(0.0244 BTC)",fitness_fuhrer,"Views: 724 / Bids: Fixed price
Quantity left: Unlimited",Apex DNP: 100caps - 100mg { ’_FFNUNG SALE },Weight Loss,Weight Loss,Apex DNP: 100caps - 100mg { ’_FFNUNG SALE },"Sold by fitness_fuhrer -
12 sold since Jul 9, 2016Î¾Î¾Vendor Level 1Î¾Trust Level 3",Purchase price: USD 33.00,4,Drugs & ChemicalsDrugs & Chemicals,Weight Loss,Phentermine 37.5 MG (k25)  (125 Pills),"Buy price
USD 185.00

(0.1374 BTC)",Idealpills,null,Phentermine 37.5 MG (k25)  (125 Pills),Weight Loss,Weight Loss,Phentermine 37.5 MG (k25)  (125 Pills),"Sold by Idealpills -
1 sold since Dec 10, 2015Î¾Î¾Vendor Level 1Î¾Trust Level 6",Purchase price: USD 185.00,9,Drugs & ChemicalsDrugs & Chemicals,Weight Loss,"DNP (2,4-Dinitrophenol) 20 x 200mg Capsules Š…ÄEscrowŠ…Ä 100% Feedback! Š…ÄShipped Out Within 24 HoursŠ…Ä ŠÈ_FREE UK DELIVERY!ŠÈ_","Buy price
USD 15.05

(0.0111 BTC)",seceretsales,"Views: 1341 / Bids: Fixed price
Quantity left: Unlimited","DNP (2,4-Dinitrophenol) 20 x 200mg Capsules Š…ÄEscrowŠ…Ä 100% Feedback! Š…ÄShipped Out Within 24 HoursŠ…Ä ŠÈ_FREE UK DELIVERY!ŠÈ_",Weight Loss,Weight Loss,"DNP (2,4-Dinitrophenol) 20 x 200mg Capsules Š…ÄEscro...","Sold by seceretsales -
34 sold since Dec 18, 2016Î¾Î¾Vendor Level 3Î¾Trust Level 4",Purchase price: USD 15.05,3,Drugs & ChemicalsDrugs & Chemicals,Weight Loss,[ 1 MONTH EXTREME STACK]  CLENBUTEROL + EPHEDRINE   [PHARMA GRADE],"Buy price
USD 104.99

(0.0777 BTC)",allRoids,null,[ 1 MONTH EXTREME STACK]  CLENBUTEROL + EPHEDRINE   [PHARMA GRADE],Weight Loss,Weight Loss,[ 1 MONTH EXTREME STACK]  CLENBUTEROL + EPHEDRINE ...,"Sold by allRoids -
7 sold since Dec 15, 2016Î¾Î¾Vendor Level 5Î¾Trust Level 5",Purchase price: USD 104.99,5,Drugs & ChemicalsDrugs & Chemicals,Weight Loss,EC STACK - The Ultimate in Weight Loss! FREE SHIPPING!,"Buy price
USD 69.99

(0.0518 BTC)",reallytired,null,EC STACK - The Ultimate in Weight Loss! FREE SHIPPING!,Weight Loss,Weight Loss,EC STACK - The Ultimate in Weight Loss! FREE SHIPP...,"Sold by reallytired -
60 sold since Nov 21, 2015Î¾Î¾Vendor Level 3Î¾Trust Level 5",Purchase price: USD 69.99,2,Drugs & ChemicalsDrugs & Chemicals,Weight Loss,Modafinil 200mg x 500,"Buy price
USD 415.00

(0.3082 BTC)",gotmilk,null,Modafinil 200mg x 500,Weight Loss,Weight Loss,Modafinil 200mg x 500,"Sold by gotmilk -
0 sold since Feb 23, 2017Î¾Î¾Vendor Level 7Î¾Trust Level 7",Purchase price: USD 415.00,12,Drugs & ChemicalsDrugs & Chemicals,Weight Loss,Modafinil 200mg x 50,"Buy price
USD 60.00

(0.0446 BTC)",gotmilk,null,Modafinil 200mg x 50,Weight Loss,Weight Loss,Modafinil 200mg x 50,"Sold by gotmilk -
0 sold since Feb 23, 2017Î¾Î¾Vendor Level 7Î¾Trust Level 7",Purchase price: USD 60.00,12,Drugs & ChemicalsDrugs & Chemicals,Weight Loss,Phentermine 37.5 MG (k25)  (100 Pills),"Buy price
USD 150.00

(0.1110 BTC)",Idealpills,null,Phentermine 37.5 MG (k25)  (100 Pills),Weight Loss,Weight Loss,Phentermine 37.5 MG (k25)  (100 Pills),"Sold by Idealpills -
7 sold since Dec 10, 2015Î¾Î¾Vendor Level 1Î¾Trust Level 6",Purchase price: USD 150.00,5,Drugs & ChemicalsDrugs & Chemicals,Weight Loss,Ephedrine 30mg 2500 tabs,"Buy price
USD 1,369.52

(1.0170 BTC)",Xtremenutrition,"Views: 831 / Bids: Fixed price
Quantity left: Unlimited",Ephedrine 30mg 2500 tabs,Weight Loss,Weight Loss,Ephedrine 30mg 2500 tabs,"Sold by Xtremenutrition -
0 sold since Nov 21, 2015Î¾Î¾Vendor Level 3Î¾Trust Level 5","Purchase price: USD 1,369.52",15,Drugs & ChemicalsDrugs & Chemicals,Weight Loss,10 gr Ephedrine the hottest on the market with fair prices,"Buy price
USD 150.00

(0.1114 BTC)",Obelix.0.7,"Views: 40 / Bids: Fixed price
Quantity left: Unlimited",10 gr Ephedrine the hottest on the market with fair prices,Weight Loss,Weight Loss,10 gr Ephedrine the hottest on the market with fai...,"Sold by Obelix.0.7 -
0 sold since Apr 10, 2017Î¾Î¾Vendor Level 1Î¾Trust Level 3",Purchase price: USD 150.00,15,Drugs & ChemicalsDrugs & Chemicals,Weight Loss,Phentermine 37.5 MG (k25)  (250 Pills),"Buy price
USD 340.00

(0.2525 BTC)",Idealpills,null,Phentermine 37.5 MG (k25)  (250 Pills),Weight Loss,Weight Loss,Phentermine 37.5 MG (k25)  (250 Pills),"Sold by Idealpills -
0 sold since Dec 10, 2015Î¾Î¾Vendor Level 1Î¾Trust Level 6",Purchase price: USD 340.00,13,Drugs & ChemicalsDrugs & Chemicals,Weight Loss,Ephedrine 30mg 300 tabs,"Buy price
USD 182.61

(0.1351 BTC)",Xtremenutrition,"Views: 1152 / Bids: Fixed price
Quantity left: Unlimited",Ephedrine 30mg 300 tabs,Weight Loss,Weight Loss,Ephedrine 30mg 300 tabs,"Sold by Xtremenutrition -
4 sold since Nov 21, 2015Î¾Î¾Vendor Level 3Î¾Trust Level 5",Purchase price: USD 182.61,6,Drugs & ChemicalsDrugs & Chemicals,Weight Loss,230ml Clenbuterol (9200MCG TOTAL!!) Claire Gel  Clen **NEW TO ALPHA~ SPECIAL INTRODUCTORY PRICES**,"Buy price
USD 200.00

(0.1480 BTC)",maverickdude33,null,230ml Clenbuterol (9200MCG TOTAL!!) Claire Gel  Clen **NEW TO ALPHA~ SPECIAL INTRODUCTORY PRICES**,Weight Loss,Weight Loss,230ml Clenbuterol (9200MCG TOTAL!!) Claire Gel  Cl...,"Sold by maverickdude33 -
11 sold since Jan 27, 2017Î¾Î¾Vendor Level 2Î¾Trust Level 4",Purchase price: USD 200.00,4,Drugs & ChemicalsDrugs & Chemicals,Weight Loss,"DNP (2,4-Dinitrophenol) 30 x 200mg Capsules UK-toUK + ESCROW","Buy price
USD 14.65

(0.0109 BTC)",brokenadvisorman,"Views: 313 / Bids: Fixed price
Quantity left: Unlimited","DNP (2,4-Dinitrophenol) 30 x 200mg Capsules UK-toUK + ESCROW",Weight Loss,Weight Loss,"DNP (2,4-Dinitrophenol) 30 x 200mg Capsules UK-toU...","Sold by brokenadvisorman -
0 sold since Jan 16, 2017Î¾Î¾Vendor Level 1Î¾Trust Level 6",Purchase price: USD 14.65,13,Drugs & ChemicalsDrugs & Chemicals,Weight Loss,"Ephedrine 30 mg 10,000 tabs (limited time only offer)","Buy price
USD 4,377.29

(3.2505 BTC)",xtremenutrition1,"Views: 319 / Bids: Fixed price
Quantity left: Unlimited","Ephedrine 30 mg 10,000 tabs (limited time only offer)",Weight Loss,Weight Loss,"Ephedrine 30 mg 10,000 tabs (limited time only off...","Sold by xtremenutrition1 -
0 sold since Sep 17, 2016Î¾Î¾Vendor Level 1Î¾Trust Level 4","Purchase price: USD 4,377.29",12,Drugs & ChemicalsDrugs & Chemicals,Weight Loss,Xanax 1mg x 300,"Buy price
USD 195.00

(0.1448 BTC)",gotmilk,null,Xanax 1mg x 300,Weight Loss,Weight Loss,Xanax 1mg x 300,"Sold by gotmilk -
0 sold since Feb 21, 2017Î¾Î¾Vendor Level 7Î¾Trust Level 7",Purchase price: USD 195.00,12,Drugs & ChemicalsDrugs & Chemicals,Weight Loss,Phentermine 37.5 MG (k25)  (800 Pills),"Buy price
USD 860.00

(0.6386 BTC)",Idealpills,null,Phentermine 37.5 MG (k25)  (800 Pills),Weight Loss,Weight Loss,Phentermine 37.5 MG (k25)  (800 Pills),"Sold by Idealpills -
0 sold since Dec 10, 2015Î¾Î¾Vendor Level 1Î¾Trust Level 6",Purchase price: USD 860.00,12,Drugs & ChemicalsDrugs & Chemicals,Weight Loss,"2,4 Dinitrophenol 200mg x 50 Ct - DNP Syntha labs","Buy price
USD 57.59

(0.0426 BTC)",aussieraven,null,"2,4 Dinitrophenol 200mg x 50 Ct - DNP Syntha labs",Weight Loss,Weight Loss,"2,4 Dinitrophenol 200mg x 50 Ct - DNP Syntha labs","Sold by aussieraven -
4 sold since Feb 27, 2016Î¾Î¾Vendor Level 1Î¾Trust Level 3",null,6,Drugs & ChemicalsDrugs & Chemicals,Weight Loss,"GERMANY TO WW || 300mg x 25 capsules | DNP *2,4-Dinitrophenol* || -EXTREME WEIGHTLOSS- Get fit for summer now !!!","Buy price
USD 25.62

(0.0190 BTC)",.Shinigami.,null,"GERMANY TO WW || 300mg x 25 capsules | DNP *2,4-Dinitrophenol* || -EXTREME WEIGHTLOSS- Get fit for summer now !!!",Weight Loss,Weight Loss,"GERMANY TO WW || 300mg x 25 capsules | DNP *2,4-Di...","Sold by .Shinigami. -
43 sold since Sep 1, 2016Î¾Î¾Vendor Level 4Î¾Trust Level 4",null,2,Drugs & ChemicalsDrugs & Chemicals,Weight Loss,T5 ECA Fat Burners Ephedrine/Caffeine/Aspirin,"Buy price
USD 31.25

(0.0232 BTC)",Cambridge20k,"Views: 175 / Bids: Fixed price
Quantity left: Unlimited",T5 ECA Fat Burners Ephedrine/Caffeine/Aspirin,Weight Loss,Weight Loss,T5 ECA Fat Burners Ephedrine/Caffeine/Aspirin,"Sold by Cambridge20k -
0 sold since Feb 7, 2017Î¾Î¾Vendor Level 3Î¾Trust Level 4",Purchase price: USD 31.25,13,Drugs & ChemicalsDrugs & Chemicals,Weight Loss,Phentermine (k25) 37.5 MG 50 Pills,"Buy price
USD 85.00

(0.0629 BTC)",Deepmeds,null,Phentermine (k25) 37.5 MG 50 Pills,Weight Loss,Weight Loss,Phentermine (k25) 37.5 MG 50 Pills,"Sold by Deepmeds -
10 sold since Nov 24, 2015Î¾Î¾Vendor Level 1Î¾Trust Level 6",Purchase price: USD 85.00,5,Drugs & ChemicalsDrugs & Chemicals,Weight Loss,Apex DNP: 100caps - 200mg { ’_FFNUNG SALE },"Buy price
USD 60.00

(0.0446 BTC)",fitness_fuhrer,"Views: 351 / Bids: Fixed price
Quantity left: Unlimited",Apex DNP: 100caps - 200mg { ’_FFNUNG SALE },Weight Loss,Weight Loss,Apex DNP: 100caps - 200mg { ’_FFNUNG SALE },"Sold by fitness_fuhrer -
2 sold since Jul 19, 2016Î¾Î¾Vendor Level 1Î¾Trust Level 3",Purchase price: USD 60.00,8,Drugs & ChemicalsDrugs & Chemicals,Weight Loss,Phentermine 37.5 MG (k25)  (600 Pills),"Buy price
USD 690.00

(0.5124 BTC)",Idealpills,null,Phentermine 37.5 MG (k25)  (600 Pills),Weight Loss,Weight Loss,Phentermine 37.5 MG (k25)  (600 Pills),"Sold by Idealpills -
0 sold since Dec 10, 2015Î¾Î¾Vendor Level 1Î¾Trust Level 6",Purchase price: USD 690.00,13,Drugs & ChemicalsDrugs & Chemicals,Weight Loss,Ephedrine Hydrochloride 20mg x 250 Tablets,"Buy price
USD 49.99

(0.0370 BTC)",monoko,"Views: 988 / Bids: Fixed price
Quantity left: Unlimited",Ephedrine Hydrochloride 20mg x 250 Tablets,Weight Loss,Weight Loss,Ephedrine Hydrochloride 20mg x 250 Tablets,"Sold by monoko -
26 sold since Nov 2, 2016Î¾Î¾Vendor Level 4Î¾Trust Level 5",Purchase price: USD 49.99,3,Drugs & ChemicalsDrugs & Chemicals,Weight Loss,Modafinil 200mg x 30,"Buy price
USD 36.00

(0.0267 BTC)",gotmilk,null,Modafinil 200mg x 30,Weight Loss,Weight Loss,Modafinil 200mg x 30,"Sold by gotmilk -
0 sold since Feb 23, 2017Î¾Î¾Vendor Level 7Î¾Trust Level 7",Purchase price: USD 36.00,12,Drugs & ChemicalsDrugs & Chemicals,Weight Loss,Metformin Glucophage Weight Loss 500mg 84 tab,"Buy price
USD 30.39

(0.0226 BTC)",terrysukstock,"Views: 286 / Bids: Fixed price
Quantity left: 8",Metformin Glucophage Weight Loss 500mg 84 tab,Weight Loss,Weight Loss,Metformin Glucophage Weight Loss 500mg 84 tab,"Sold by terrysukstock -
2 sold since Mar 10, 2017Î¾Î¾Vendor Level 8Î¾Trust Level 6",Purchase price: USD 30.39,8,Drugs & ChemicalsDrugs & Chemicals,Weight Loss,10 Gr EPHEDRINE PURE,"Buy price
USD 91.40

(0.0679 BTC)",NarcoticaNL,"Views: 60 / Bids: Fixed price
Quantity left: Unlimited",10 Gr EPHEDRINE PURE,Weight Loss,Weight Loss,10 Gr EPHEDRINE PURE,"Sold by NarcoticaNL -
1 sold since Apr 11, 2017Î¾Î¾Vendor Level 1Î¾Trust Level 3",Purchase price: USD 91.40,9,Drugs & ChemicalsDrugs & Chemicals,Weight Loss,Adipex Retard 15mg 100 tabs - ORIGINAL - WEIGHT LOSS,"Buy price
USD 140.00

(0.1036 BTC)",balkanpharma,"Views: 296 / Bids: Fixed price
Quantity left: Unlimited",Adipex Retard 15mg 100 tabs - ORIGINAL - WEIGHT LOSS,Weight Loss,Weight Loss,Adipex Retard 15mg 100 tabs - ORIGINAL - WEIGHT LO...,"Sold by balkanpharma -
3 sold since Apr 20, 2016Î¾Î¾Vendor Level 1Î¾Trust Level 5",Purchase price: USD 140.00,7,Drugs & ChemicalsDrugs & Chemicals,Weight Loss,Riptropin HGH 200iu **BEST QUALITY** UK SELLER**,"Buy price
USD 425.80

(0.3162 BTC)",subzero,null,Riptropin HGH 200iu **BEST QUALITY** UK SELLER**,Weight Loss,Weight Loss,Riptropin HGH 200iu **BEST QUALITY** UK SELLER**,"Sold by subzero -
1 sold since Sep 26, 2015Î¾Î¾Vendor Level 1Î¾Trust Level 5",Purchase price: USD 425.80,10,Drugs & ChemicalsDrugs & Chemicals,Weight Loss,Phentermine 37.5 MG (k25)  (75 Pills),"Buy price
USD 125.00

(0.0928 BTC)",Idealpills,null,Phentermine 37.5 MG (k25)  (75 Pills),Weight Loss,Weight Loss,Phentermine 37.5 MG (k25)  (75 Pills),"Sold by Idealpills -
3 sold since Feb 5, 2015Î¾Î¾Vendor Level 1Î¾Trust Level 6",Purchase price: USD 125.00,8,Drugs & ChemicalsDrugs & Chemicals,Weight Loss,Phentermine (k25) 37.5 MG 25 Pills,"Buy price
USD 50.00

(0.0370 BTC)",Deepmeds,null,Phentermine (k25) 37.5 MG 25 Pills,Weight Loss,Weight Loss,Phentermine (k25) 37.5 MG 25 Pills,"Sold by Deepmeds -
14 sold since Jul 20, 2016Î¾Î¾Vendor Level 1Î¾Trust Level 6",Purchase price: USD 50.00,4,Drugs & ChemicalsDrugs & Chemicals,Weight Loss,Albuterol 4mg x 90 ct Pharmaceutical,"Buy price
USD 71.99

(0.0533 BTC)",aussieraven,"Views: 505 / Bids: Fixed price
Quantity left: 5",Albuterol 4mg x 90 ct Pharmaceutical,Weight Loss,Weight Loss,Albuterol 4mg x 90 ct Pharmaceutical,"Sold by aussieraven -
4 sold since Feb 27, 2016Î¾Î¾Vendor Level 1Î¾Trust Level 3",Purchase price: USD 71.99,6,Drugs & ChemicalsDrugs & Chemicals,Weight Loss,Phentermine 37.5 MG (k25)  (900 Pills),"Buy price
USD 950.00

(0.7055 BTC)",Idealpills,null,Phentermine 37.5 MG (k25)  (900 Pills),Weight Loss,Weight Loss,Phentermine 37.5 MG (k25)  (900 Pills),"Sold by Idealpills -
0 sold since Dec 10, 2015Î¾Î¾Vendor Level 1Î¾Trust Level 6",Purchase price: USD 950.00,12,Drugs & ChemicalsDrugs & Chemicals,Weight Loss,Yohimbine HCL 100x 5mg,"Buy price
USD 33.44

(0.0247 BTC)",Rxtream,"Views: 752 / Bids: Fixed price
Quantity left: Unlimited",Yohimbine HCL 100x 5mg,Weight Loss,Weight Loss,Yohimbine HCL 100x 5mg,"Sold by Rxtream -
4 sold since Jul 26, 2016Î¾Î¾Vendor Level 1Î¾Trust Level 5",Purchase price: USD 33.44,6,Drugs & ChemicalsDrugs & Chemicals,Weight Loss,Phentermine 37.5 MG (k25)  (1000 Pills),"Buy price
USD 1,000.00

(0.7426 BTC)",Idealpills,null,Phentermine 37.5 MG (k25)  (1000 Pills),Weight Loss,Weight Loss,Phentermine 37.5 MG (k25)  (1000 Pills),"Sold by Idealpills -
0 sold since Dec 10, 2015Î¾Î¾Vendor Level 1Î¾Trust Level 6","Purchase price: USD 1,000.00",15,Drugs & ChemicalsDrugs & Chemicals,Weight Loss,100 x Sibutramine 15mg Sibutril $89,"Buy price
USD 89.00

(0.0658 BTC)",medsguru,null,100 x Sibutramine 15mg Sibutril $89,Weight Loss,Weight Loss,100 x Sibutramine 15mg Sibutril $89,"Sold by medsguru -
3 sold since Dec 21, 2015Î¾Î¾Vendor Level 8Î¾Trust Level 7",Purchase price: USD 89.00,7,Drugs & ChemicalsDrugs & Chemicals,Weight Loss,Phentermine (k25) 37.5 MG 60 Pills,"Buy price
USD 95.00

(0.0703 BTC)",Deepmeds,null,Phentermine (k25) 37.5 MG 60 Pills,Weight Loss,Weight Loss,Phentermine (k25) 37.5 MG 60 Pills,"Sold by Deepmeds -
32 sold since Nov 24, 2015Î¾Î¾Vendor Level 1Î¾Trust Level 6",Purchase price: USD 95.00,3,Drugs & ChemicalsDrugs & Chemicals,Weight Loss,Xanax 1mg x 50,"Buy price
USD 40.00

(0.0297 BTC)",gotmilk,null,Xanax 1mg x 50,Weight Loss,Weight Loss,Xanax 1mg x 50,"Sold by gotmilk -
0 sold since Feb 21, 2017Î¾Î¾Vendor Level 7Î¾Trust Level 7",Purchase price: USD 40.00,13,Drugs & ChemicalsDrugs & Chemicals,Weight Loss,**PROMOTION** 50 x 250mg DNP **EXTREME FAT LOSS** FREE WW SHIPPING,"Buy price
USD 57.04

(0.0422 BTC)",subzero,null,**PROMOTION** 50 x 250mg DNP **EXTREME FAT LOSS** FREE WW SHIPPING,Weight Loss,Weight Loss,**PROMOTION** 50 x 250mg DNP **EXTREME FAT LOSS** ...,"Sold by subzero -
40 sold since Feb 27, 2015Î¾Î¾Vendor Level 1Î¾Trust Level 5",null,2,Drugs & ChemicalsDrugs & Chemicals,Weight Loss,100 x 30 mg Generic Ephedrine tablets,"Buy price
USD 32.70

(0.0243 BTC)",grfct92,"Views: 598 / Bids: Fixed price
Quantity left: Unlimited",100 x 30 mg Generic Ephedrine tablets,Weight Loss,Weight Loss,100 x 30 mg Generic Ephedrine tablets,"Sold by grfct92 -
2 sold since Jun 16, 2016Î¾Î¾Vendor Level 1Î¾Trust Level 5",Purchase price: USD 32.70,8,Drugs & ChemicalsDrugs & Chemicals,Weight Loss,metformin 100mg * 60 pills  weight loss,"Buy price
USD 26.00

(0.0193 BTC)",marcoP77,"Views: 46 / Bids: Fixed price
Quantity left: Unlimited",metformin 100mg * 60 pills  weight loss,Weight Loss,Weight Loss,metformin 100mg * 60 pills  weight loss,"Sold by marcoP77 -
0 sold since Mar 31, 2017Î¾Î¾Vendor Level 1Î¾Trust Level 5",Purchase price: USD 26.00,12,Drugs & ChemicalsDrugs & Chemicals,Weight Loss,"40g DNP (2,4-Dinitrophenol) loose powder UK-toUK + ESCROW","Buy price
USD 48.83

(0.0363 BTC)",brokenadvisorman,"Views: 312 / Bids: Fixed price
Quantity left: Unlimited","40g DNP (2,4-Dinitrophenol) loose powder UK-toUK + ESCROW",Weight Loss,Weight Loss,"40g DNP (2,4-Dinitrophenol) loose powder UK-toUK +...","Sold by brokenadvisorman -
1 sold since Jan 16, 2017Î¾Î¾Vendor Level 1Î¾Trust Level 6",Purchase price: USD 48.83,10,Drugs & ChemicalsDrugs & Chemicals,Weight Loss,1.3-Dimethylpentylamine hydrochloride (DMAA) powder 10g,"Buy price
USD 49.00

(0.0364 BTC)",Confucious,null,1.3-Dimethylpentylamine hydrochloride (DMAA) powder 10g,Weight Loss,Weight Loss,1.3-Dimethylpentylamine hydrochloride (DMAA) powde...,"Sold by Confucious -
1 sold since Nov 24, 2016Î¾Î¾Vendor Level 2Î¾Trust Level 4",null,9,Drugs & ChemicalsDrugs & Chemicals,Weight Loss,Sibutramin Genesis 10 mg 100 tabs,"Buy price
USD 85.00

(0.0631 BTC)",theben,"Views: 524 / Bids: Fixed price
Quantity left: Unlimited",Sibutramin Genesis 10 mg 100 tabs,Weight Loss,Weight Loss,Sibutramin Genesis 10 mg 100 tabs,"Sold by theben -
1 sold since Apr 23, 2016Î¾Î¾Vendor Level 1Î¾Trust Level 5",Purchase price: USD 85.00,9,Drugs & ChemicalsDrugs & Chemicals,Weight Loss,30-ct Modafinil 200mg (Modvigil),"Buy price
USD 75.00

(0.0557 BTC)",themodsquad,"Views: 47 / Bids: Fixed price
Quantity left: Unlimited",30-ct Modafinil 200mg (Modvigil),Weight Loss,Weight Loss,30-ct Modafinil 200mg (Modvigil),"Sold by themodsquad -
0 sold since Mar 11, 2017Î¾Î¾Vendor Level 1Î¾Trust Level 4",Purchase price: USD 75.00,,Drugs & ChemicalsDrugs & Chemicals,Weight Loss,"30g DNP (2,4-Dinitrophenol) loose powder UK-toUK + ESCROW","Buy price
USD 36.63

(0.0272 BTC)",brokenadvisorman,"Views: 305 / Bids: Fixed price
Quantity left: Unlimited","30g DNP (2,4-Dinitrophenol) loose powder UK-toUK + ESCROW",Weight Loss,Weight Loss,"30g DNP (2,4-Dinitrophenol) loose powder UK-toUK +...","Sold by brokenadvisorman -
1 sold since Jan 16, 2017Î¾Î¾Vendor Level 1Î¾Trust Level 6",Purchase price: USD 36.63,9,Drugs & ChemicalsDrugs & Chemicals,Weight Loss,"DNP (2,4-Dinitrophenol) 100 x 200mg Capsules UK-toUK + ESCROW","Buy price
USD 48.83

(0.0363 BTC)",brokenadvisorman,"Views: 303 / Bids: Fixed price
Quantity left: Unlimited","DNP (2,4-Dinitrophenol) 100 x 200mg Capsules UK-toUK + ESCROW",Weight Loss,Weight Loss,"DNP (2,4-Dinitrophenol) 100 x 200mg Capsules UK-to...","Sold by brokenadvisorman -
2 sold since Jan 16, 2017Î¾Î¾Vendor Level 1Î¾Trust Level 6",Purchase price: USD 48.83,8,Drugs & ChemicalsDrugs & Chemicals,Weight Loss,50 gr Ephedrine the hottest on the market with fair prices,"Buy price
USD 700.00

(0.5198 BTC)",Obelix.0.7,"Views: 40 / Bids: Fixed price
Quantity left: Unlimited",50 gr Ephedrine the hottest on the market with fair prices,Weight Loss,Weight Loss,50 gr Ephedrine the hottest on the market with fai...,"Sold by Obelix.0.7 -
0 sold since Apr 10, 2017Î¾Î¾Vendor Level 1Î¾Trust Level 3",Purchase price: USD 700.00,15,Drugs & ChemicalsDrugs & Chemicals,Weight Loss,Phentermine 37.5 MG (k25)  (400 Pills),"Buy price
USD 500.00

(0.3713 BTC)",Idealpills,null,Phentermine 37.5 MG (k25)  (400 Pills),Weight Loss,Weight Loss,Phentermine 37.5 MG (k25)  (400 Pills),"Sold by Idealpills -
0 sold since Dec 10, 2015Î¾Î¾Vendor Level 1Î¾Trust Level 6",Purchase price: USD 500.00,12,Drugs & ChemicalsDrugs & Chemicals,Weight Loss,T3 + T4 Genesis,"Buy price
USD 25.00

(0.0185 BTC)",theben,"Views: 675 / Bids: Fixed price
Quantity left: Unlimited",T3 + T4 Genesis,Weight Loss,Weight Loss,T3 + T4 Genesis,"Sold by theben -
3 sold since Apr 23, 2016Î¾Î¾Vendor Level 1Î¾Trust Level 5",Purchase price: USD 25.00,7,Drugs & ChemicalsDrugs & Chemicals,Weight Loss,"Orlistat (Xenical, weight loss) 120mg - 100x","Buy price
USD 33.05

(0.0245 BTC)",Angelina,"Views: 5938 / Bids: Fixed price
Quantity left: Unlimited","Orlistat (Xenical, weight loss) 120mg - 100x",Weight Loss,Weight Loss,"Orlistat (Xenical, weight loss) 120mg - 100x","Sold by Angelina -
85 sold since Sep 3, 2015Î¾Î¾Vendor Level 8Î¾Trust Level 7",Purchase price: USD 33.05,2,Drugs & ChemicalsDrugs & Chemicals,Weight Loss,BOTOX  2 Bottles  (Allergan Cosmetic A Botox  100iu bottles) $260 EA.  eVERYONE SHOULD TRY THIS,"Buy price
USD 520.00

(0.3847 BTC)",eliteproducts,"Views: 761 / Bids: Fixed price
Quantity left: Unlimited",BOTOX  2 Bottles  (Allergan Cosmetic A Botox  100iu bottles) $260 EA.  eVERYONE SHOULD TRY THIS,Weight Loss,Weight Loss,BOTOX  2 Bottles  (Allergan Cosmetic A Botox  100i...,"Sold by eliteproducts -
4 sold since Sep 9, 2016Î¾Î¾Vendor Level 7Î¾Trust Level 6",Purchase price: USD 520.00,6,Drugs & ChemicalsDrugs & Chemicals,Weight Loss,Astralean Clenbuterol Hcl 40mcg Alpha Pharma 50 Tablets $50,"Buy price
USD 50.00

(0.0370 BTC)",gotmilk,null,Astralean Clenbuterol Hcl 40mcg Alpha Pharma 50 Tablets $50,Weight Loss,Weight Loss,Astralean Clenbuterol Hcl 40mcg Alpha Pharma 50 Ta...,"Sold by gotmilk -
3 sold since May 5, 2016Î¾Î¾Vendor Level 7Î¾Trust Level 7",Purchase price: USD 50.00,7,Drugs & ChemicalsDrugs & Chemicals,Weight Loss,Genesis Sibutramine Tablets 100 tabs [20mg/tab],"Buy price
USD 73.06

(0.0543 BTC)",ThreeKings,Item # 133853 - Weight Loss / Weight Loss,Genesis Sibutramine Tablets 100 tabs [20mg/tab],Weight Loss,Weight Loss,Genesis Sibutramine Tablets 100 tabs [20mg/tab],"Sold by ThreeKings -
2 sold since Apr 16, 2016Î¾Î¾Vendor Level 7Î¾Trust Level 6",null,8,Drugs & ChemicalsDrugs & Chemicals,Weight Loss,Phentermine (k25) 37.5 MG 140 Pills,"Buy price
USD 180.00

(0.1332 BTC)",Deepmeds,null,Phentermine (k25) 37.5 MG 140 Pills,Weight Loss,Weight Loss,Phentermine (k25) 37.5 MG 140 Pills,"Sold by Deepmeds -
4 sold since Nov 24, 2015Î¾Î¾Vendor Level 1Î¾Trust Level 6",Purchase price: USD 180.00,6,Drugs & ChemicalsDrugs & Chemicals,Weight Loss,"DNP (2,4-Dinitrophenol) 200 x 200mg Capsules Š…ÄEscrowŠ…Ä 100% Feedback! Š…ÄShipped Out Within 24 HoursŠ…Ä ŠÈ_FREE UK DELIVERY!ŠÈ_","Buy price
USD 83.37

(0.0617 BTC)",seceretsales,"Views: 507 / Bids: Fixed price
Quantity left: Unlimited","DNP (2,4-Dinitrophenol) 200 x 200mg Capsules Š…ÄEscrowŠ…Ä 100% Feedback! Š…ÄShipped Out Within 24 HoursŠ…Ä ŠÈ_FREE UK DELIVERY!ŠÈ_",Weight Loss,Weight Loss,"DNP (2,4-Dinitrophenol) 200 x 200mg Capsules Š…ÄEscr...","Sold by seceretsales -
6 sold since Dec 28, 2016Î¾Î¾Vendor Level 3Î¾Trust Level 4",Purchase price: USD 83.37,5,Drugs & ChemicalsDrugs & Chemicals,Weight Loss,Phentermine (k25) 37.5 MG 90 Pills,"Buy price
USD 125.00

(0.0925 BTC)",Deepmeds,null,Phentermine (k25) 37.5 MG 90 Pills,Weight Loss,Weight Loss,Phentermine (k25) 37.5 MG 90 Pills,"Sold by Deepmeds -
47 sold since Nov 24, 2015Î¾Î¾Vendor Level 1Î¾Trust Level 6",Purchase price: USD 125.00,2,Drugs & ChemicalsDrugs & Chemicals,Weight Loss,Genesis Sibutramine 20mg  100tabs/box  ***BEST PRICE***GOOD QUALITY***BULK***,"Buy price
USD 58.61

(0.0434 BTC)",tourette,Item # 213849 - Weight Loss / Weight Loss,Genesis Sibutramine 20mg  100tabs/box  ***BEST PRICE***GOOD QUALITY***BULK***,Weight Loss,Weight Loss,Genesis Sibutramine 20mg  100tabs/box  ***BEST PRI...,"Sold by tourette -
41 sold since Sep 18, 2016Î¾Î¾Vendor Level 5Î¾Trust Level 6",null,2,Drugs & ChemicalsDrugs & Chemicals,Weight Loss,Pharmaceutical brand product [Hexal]Š…Ä50 x 100ÎµgŠ…ÄT4 L-THYROXINE | Thyroid Life Hormones || Speed up your metabolism !,"Buy price
USD 82.75

(0.0612 BTC)",.Shinigami.,"Views: 436 / Bids: Fixed price
Quantity left: Unlimited",Pharmaceutical brand product [Hexal]Š…Ä50 x 100ÎµgŠ…ÄT4 L-THYROXINE | Thyroid Life Hormones || Speed up your metabolism !,Weight Loss,Weight Loss,Pharmaceutical brand product [Hexal]Š…Ä50 x 100ÎµgŠ…ÄT4...,"Sold by .Shinigami. -
4 sold since Jan 7, 2017Î¾Î¾Vendor Level 4Î¾Trust Level 4",Purchase price: USD 82.75,6,Drugs & ChemicalsDrugs & Chemicals,Weight Loss,Jintropin HGH 200iu **OFFER**BEST QUALITY**UK SELLER,"Buy price
USD 425.80

(0.3162 BTC)",subzero,null,Jintropin HGH 200iu **OFFER**BEST QUALITY**UK SELLER,Weight Loss,Weight Loss,Jintropin HGH 200iu **OFFER**BEST QUALITY**UK SELL...,"Sold by subzero -
1 sold since Sep 26, 2015Î¾Î¾Vendor Level 1Î¾Trust Level 5",Purchase price: USD 425.80,9,Drugs & ChemicalsDrugs & Chemicals,Weight Loss,Strong fat loss cycle - Balkan Pharma,"Buy price
USD 90.00

(0.0668 BTC)",balkanpharma,"Views: 614 / Bids: Fixed price
Quantity left: Unlimited",Strong fat loss cycle - Balkan Pharma,Weight Loss,Weight Loss,Strong fat loss cycle - Balkan Pharma,"Sold by balkanpharma -
0 sold since Apr 20, 2016Î¾Î¾Vendor Level 1Î¾Trust Level 5",Purchase price: USD 90.00,10,Drugs & ChemicalsDrugs & Chemicals,Weight Loss,"DNP (2,4-Dinitrophenol) 20 x 200mg Capsules UK-toUK + ESCROW","Buy price
USD 9.77

(0.0072 BTC)",brokenadvisorman,"Views: 453 / Bids: Fixed price
Quantity left: Unlimited","DNP (2,4-Dinitrophenol) 20 x 200mg Capsules UK-toUK + ESCROW",Weight Loss,Weight Loss,"DNP (2,4-Dinitrophenol) 20 x 200mg Capsules UK-toU...","Sold by brokenadvisorman -
10 sold since Jan 16, 2017Î¾Î¾Vendor Level 1Î¾Trust Level 6",Purchase price: USD 9.77,5,Drugs & ChemicalsDrugs & Chemicals,Weight Loss,"T-3, Tiromel","Buy price
USD 64.00

(0.0475 BTC)",milkman22,"Views: 13 / Bids: Fixed price
Quantity left: Unlimited","T-3, Tiromel",Weight Loss,Weight Loss,"T-3, Tiromel","Sold by milkman22 -
0 sold since Apr 25, 2017Î¾Î¾Vendor Level 1Î¾Trust Level 3",Purchase price: USD 64.00,10,Drugs & ChemicalsDrugs & Chemicals,Weight Loss,Helios 10ml,"Buy price
USD 30.58

(0.0226 BTC)",cerberus_uk,null,Helios 10ml,Weight Loss,Weight Loss,Helios 10ml,"Sold by cerberus_uk -
3 sold since Oct 22, 2016Î¾Î¾Vendor Level 7Î¾Trust Level 6",Purchase price: USD 30.58,7,Drugs & ChemicalsDrugs & Chemicals,Weight Loss,"Ephedrine 30mg 5,000 tabs","Buy price
USD 2,662.94

(1.9789 BTC)",Xtremenutrition,null,"Ephedrine 30mg 5,000 tabs",Weight Loss,Weight Loss,"Ephedrine 30mg 5,000 tabs","Sold by Xtremenutrition -
0 sold since Apr 9, 2015Î¾Î¾Vendor Level 3Î¾Trust Level 5","Purchase price: USD 2,662.94",11,Drugs & ChemicalsDrugs & Chemicals,Weight Loss,"GERMANY TO WW || 300mg x 75 capsules | 2,4 DNP || GET FIT FOR SUMMER NOW !!!","Buy price
USD 66.95

(0.0495 BTC)",.Shinigami.,null,"GERMANY TO WW || 300mg x 75 capsules | 2,4 DNP || GET FIT FOR SUMMER NOW !!!",Weight Loss,Weight Loss,"GERMANY TO WW || 300mg x 75 capsules | 2,4 DNP || ...","Sold by .Shinigami. -
29 sold since Sep 1, 2016Î¾Î¾Vendor Level 4Î¾Trust Level 4",null,3,Drugs & ChemicalsDrugs & Chemicals,Weight Loss,EPHEDRINE Hydrochloride HCL  50mg - 100 tabs,"Buy price
USD 102.10

(0.0758 BTC)",materiamedica,"Views: 615 / Bids: Fixed price
Quantity left: Unlimited",EPHEDRINE Hydrochloride HCL  50mg - 100 tabs,Weight Loss,Weight Loss,EPHEDRINE Hydrochloride HCL  50mg - 100 tabs,"Sold by materiamedica -
2 sold since Jun 6, 2016Î¾Î¾Vendor Level 3Î¾Trust Level 5",Purchase price: USD 102.10,8,Drugs & ChemicalsDrugs & Chemicals,Weight Loss,"Germany to WW || 200g | 2,4-DNP crystals 2,4-Dinitrophenolate || Industrial Product +99,9% Purity | EXTREME WEIGHTLOSS !","Buy price
USD 185.92

(0.1376 BTC)",.Shinigami.,null,"Germany to WW || 200g | 2,4-DNP crystals 2,4-Dinitrophenolate || Industrial Product +99,9% Purity | EXTREME WEIGHTLOSS !",Weight Loss,Weight Loss,"Germany to WW || 200g | 2,4-DNP crystals 2,4-Dinit...","Sold by .Shinigami. -
3 sold since Nov 29, 2016Î¾Î¾Vendor Level 4Î¾Trust Level 4",null,6,Drugs & ChemicalsDrugs & Chemicals,Weight Loss,Š…ÄEscrowŠ…Ä 25 capsules x 250mg DNP >Extreme Weight Loss<,"Buy price
USD 27.80

(0.0206 BTC)",.Shinigami.,"Views: 1944 / Bids: Fixed price
Quantity left: Unlimited",Š…ÄEscrowŠ…Ä 25 capsules x 250mg DNP >Extreme Weight Loss<,Weight Loss,Weight Loss,Š…ÄEscrowŠ…Ä 25 capsules x 250mg DNP >Extreme Weigh...,"Sold by .Shinigami. -
45 sold since Sep 1, 2016Î¾Î¾Vendor Level 4Î¾Trust Level 4",Purchase price: USD 27.80,2,Drugs & ChemicalsDrugs & Chemicals,Weight Loss,Phentermine 37.5 MG (k25)  (50 Pills),"Buy price
USD 90.00

(0.0666 BTC)",Idealpills,null,Phentermine 37.5 MG (k25)  (50 Pills),Weight Loss,Weight Loss,Phentermine 37.5 MG (k25)  (50 Pills),"Sold by Idealpills -
10 sold since Dec 8, 2015Î¾Î¾Vendor Level 1Î¾Trust Level 6",Purchase price: USD 90.00,4,Drugs & ChemicalsDrugs & Chemicals,Weight Loss,"DNP (2,4-Dinitrophenol) 40 x 200mg Capsules UK-toUK + ESCROW","Buy price
USD 19.53

(0.0144 BTC)",brokenadvisorman,"Views: 363 / Bids: Fixed price
Quantity left: Unlimited","DNP (2,4-Dinitrophenol) 40 x 200mg Capsules UK-toUK + ESCROW",Weight Loss,Weight Loss,"DNP (2,4-Dinitrophenol) 40 x 200mg Capsules UK-toU...","Sold by brokenadvisorman -
3 sold since Jan 16, 2017Î¾Î¾Vendor Level 1Î¾Trust Level 6",Purchase price: USD 19.53,7,Drugs & ChemicalsDrugs & Chemicals,Weight Loss,Mix and Match Steroids,"Buy price
USD 1.00

(0.0007 BTC)",gotmilk,null,Mix and Match Steroids,Weight Loss,Weight Loss,Mix and Match Steroids,"Sold by gotmilk -
0 sold since Feb 21, 2017Î¾Î¾Vendor Level 7Î¾Trust Level 7",Purchase price: USD 1.00,,Drugs & ChemicalsDrugs & Chemicals,Weight Loss,"100 x 250mg DNP **EXTREME FAT LOSS TABLETS ** 2,4-dinitrophenol","Buy price
USD 129.91

(0.0961 BTC)",subzero,"Views: 1224 / Bids: Fixed price
Quantity left: Unlimited","100 x 250mg DNP **EXTREME FAT LOSS TABLETS ** 2,4-dinitrophenol",Weight Loss,Weight Loss,"100 x 250mg DNP **EXTREME FAT LOSS TABLETS ** 2,4-...","Sold by subzero -
4 sold since Aug 29, 2015Î¾Î¾Vendor Level 1Î¾Trust Level 5",Purchase price: USD 129.91,6,Drugs & ChemicalsDrugs & Chemicals,Weight Loss,Genefill DX,"Buy price
USD 57.00

(0.0423 BTC)",halsey1,"Views: 39 / Bids: Fixed price
Quantity left: Unlimited",Genefill DX,Weight Loss,Weight Loss,Genefill DX,"Sold by halsey1 -
0 sold since Apr 6, 2017Î¾Î¾Vendor Level 1Î¾Trust Level 4",Purchase price: USD 57.00,13,Drugs & ChemicalsDrugs & Chemicals,Weight Loss,Germany to worldwide [priority mail] | 200 capsules x 300mg DNP | GET FIT FOR SUMMER !!!,"Buy price
USD 189.32

(0.1406 BTC)",.Shinigami.,"Views: 305 / Bids: Fixed price
Quantity left: Unlimited",Germany to worldwide [priority mail] | 200 capsules x 300mg DNP | GET FIT FOR SUMMER !!!,Weight Loss,Weight Loss,Germany to worldwide [priority mail] | 200 capsule...,"Sold by .Shinigami. -
1 sold since Jan 9, 2017Î¾Î¾Vendor Level 4Î¾Trust Level 4",Purchase price: USD 189.32,10,Drugs & ChemicalsDrugs & Chemicals,Weight Loss,DNP 400mg x 30 capsules! -EXTREME WEIGHTLOSS-,"Buy price
USD 36.00

(0.0266 BTC)",.Shinigami.,"Views: 477 / Bids: Fixed price
Quantity left: Unlimited",DNP 400mg x 30 capsules! -EXTREME WEIGHTLOSS-,Weight Loss,Weight Loss,DNP 400mg x 30 capsules! -EXTREME WEIGHTLOSS-,"Sold by .Shinigami. -
9 sold since Jan 9, 2017Î¾Î¾Vendor Level 4Î¾Trust Level 4",Purchase price: USD 36.00,5,Drugs & ChemicalsDrugs & Chemicals,Weight Loss,"25g DNP (2,4-Dinitrophenol)","Buy price
USD 50.00

(0.0371 BTC)",SleepyCarl,"Views: 81 / Bids: Fixed price
Quantity left: Unlimited","25g DNP (2,4-Dinitrophenol)",Weight Loss,Weight Loss,"25g DNP (2,4-Dinitrophenol)","Sold by SleepyCarl -
0 sold since Mar 24, 2017Î¾Î¾Vendor Level 1Î¾Trust Level 4",Purchase price: USD 50.00,15,Drugs & ChemicalsDrugs & Chemicals,Weight Loss,Ephedrine HCL 400mg - ULTIMATE SKINNY PILLS!!!,"Buy price
USD 29.99

(0.0222 BTC)",isnow,null,Ephedrine HCL 400mg - ULTIMATE SKINNY PILLS!!!,Weight Loss,Weight Loss,Ephedrine HCL 400mg - ULTIMATE SKINNY PILLS!!!,"Sold by isnow -
11 sold since Jun 28, 2016Î¾Î¾Vendor Level 2Î¾Trust Level 5",Purchase price: USD 29.99,4,Drugs & ChemicalsDrugs & Chemicals,Weight Loss,1 box 24 x 50mg ephedrine HCL pharmacy,"Buy price
USD 32.05

(0.0237 BTC)",spainhash,null,1 box 24 x 50mg ephedrine HCL pharmacy,Weight Loss,Weight Loss,1 box 24 x 50mg ephedrine HCL pharmacy,"Sold by spainhash -
9 sold since Jan 30, 2017Î¾Î¾Vendor Level 2Î¾Trust Level 6",null,5,Drugs & ChemicalsDrugs & Chemicals,Weight Loss,Phentermine (k25) 37.5 MG 30 Pills,"Buy price
USD 60.00

(0.0444 BTC)",Deepmeds,null,Phentermine (k25) 37.5 MG 30 Pills,Weight Loss,Weight Loss,Phentermine (k25) 37.5 MG 30 Pills,"Sold by Deepmeds -
61 sold since Nov 24, 2015Î¾Î¾Vendor Level 1Î¾Trust Level 6",Purchase price: USD 60.00,2,Drugs & ChemicalsDrugs & Chemicals,Weight Loss,Modafinil 200mg x 100,"Buy price
USD 100.00

(0.0743 BTC)",gotmilk,null,Modafinil 200mg x 100,Weight Loss,Weight Loss,Modafinil 200mg x 100,"Sold by gotmilk -
0 sold since Feb 23, 2017Î¾Î¾Vendor Level 7Î¾Trust Level 7",Purchase price: USD 100.00,12,Drugs & ChemicalsDrugs & Chemicals,Weight Loss,Ephedrine 30 mg 500 tabs (limited time only offer),"Buy price
USD 234.06

(0.1739 BTC)",xtremenutrition1,"Views: 309 / Bids: Fixed price
Quantity left: Unlimited",Ephedrine 30 mg 500 tabs (limited time only offer),Weight Loss,Weight Loss,Ephedrine 30 mg 500 tabs (limited time only offer),"Sold by xtremenutrition1 -
0 sold since Sep 15, 2016Î¾Î¾Vendor Level 1Î¾Trust Level 4",Purchase price: USD 234.06,11,Drugs & ChemicalsDrugs & Chemicals,Weight Loss,Š…Ä Genuine Duromine - 30 x 40mg Capsules Š…Ä,"Buy price
USD 280.00

(0.2072 BTC)",OzAlphaAU,null,Š…Ä Genuine Duromine - 30 x 40mg Capsules Š…Ä,Weight Loss,Weight Loss,Š…Ä Genuine Duromine - 30 x 40mg Capsules Š…Ä,"Sold by OzAlphaAU -
32 sold since Apr 27, 2016Î¾Î¾Vendor Level 6Î¾Trust Level 5",Purchase price: USD 280.00,3,Drugs & ChemicalsDrugs & Chemicals,Weight Loss,Ephedrine 30 mg 100 tabs (limited time only offer),"Buy price
USD 49.24

(0.0364 BTC)",xtremenutrition1,"Views: 1243 / Bids: Fixed price
Quantity left: Unlimited",Ephedrine 30 mg 100 tabs (limited time only offer),Weight Loss,Weight Loss,Ephedrine 30 mg 100 tabs (limited time only offer),"Sold by xtremenutrition1 -
23 sold since Sep 14, 2016Î¾Î¾Vendor Level 1Î¾Trust Level 4",Purchase price: USD 49.24,3,Drugs & ChemicalsDrugs & Chemicals,Weight Loss,200IU Angtropin **BEST QUALITY** UK SELLER**,"Buy price
USD 447.45

(0.3323 BTC)",subzero,"Views: 621 / Bids: Fixed price
Quantity left: Unlimited",200IU Angtropin **BEST QUALITY** UK SELLER**,Weight Loss,Weight Loss,200IU Angtropin **BEST QUALITY** UK SELLER**,"Sold by subzero -
0 sold since Jun 2, 2016Î¾Î¾Vendor Level 1Î¾Trust Level 5",Purchase price: USD 447.45,15,Drugs & ChemicalsDrugs & Chemicals,Weight Loss,30 Pills Phentermine (K25) 37.5 MG,"Buy price
USD 55.00

(0.0407 BTC)",Meds2Buy,null,30 Pills Phentermine (K25) 37.5 MG,Weight Loss,Weight Loss,30 Pills Phentermine (K25) 37.5 MG,"Sold by Meds2Buy -
14 sold since Jun 21, 2016Î¾Î¾Vendor Level 1Î¾Trust Level 6",Purchase price: USD 55.00,4,Drugs & ChemicalsDrugs & Chemicals,Weight Loss,"Citomed | 60 tabs (50mg/tab) - Balkan Pharmaceuticals (T3, Cyromel, Tiromel)","Buy price
USD 43.00

(0.0319 BTC)",pharmroids,"Views: 765 / Bids: Fixed price
Quantity left: 38","Citomed | 60 tabs (50mg/tab) - Balkan Pharmaceuticals (T3, Cyromel, Tiromel)",Weight Loss,Weight Loss,Citomed | 60 tabs (50mg/tab) - Balkan Pharmaceutic...,"Sold by pharmroids -
3 sold since Feb 7, 2016Î¾Î¾Vendor Level 1Î¾Trust Level 5",Purchase price: USD 43.00,8,Drugs & ChemicalsDrugs & Chemicals,Weight Loss,"Š_Ç95% 2,4 Dinitrophenol DNP 200MG x 45-50 Fat Burner - FREE UK NEXT DAY DELIVERY","Buy price
USD 39.99

(0.0296 BTC)",Openpharmacy,null,"Š_Ç95% 2,4 Dinitrophenol DNP 200MG x 45-50 Fat Burner - FREE UK NEXT DAY DELIVERY",Weight Loss,Weight Loss,"Š_Ç95% 2,4 Dinitrophenol DNP 200MG x 45-50 Fat Burne...","Sold by Openpharmacy -
45 sold since Apr 18, 2016Î¾Î¾Vendor Level 5Î¾Trust Level 5",Purchase price: USD 39.99,2,Drugs & ChemicalsDrugs & Chemicals,Weight Loss,Š…ÄŠ…ÄŠ…Ä iNova Duromine - 30 x 40mg Capsules - NEW AUSTRALIAN SELLER CHEAP STOCK Š…ÄŠ…ÄŠ…Ä,"Buy price
USD 169.92

(0.1257 BTC)",blackbaboon,"Views: 2058 / Bids: Fixed price
Quantity left: Unlimited",Š…ÄŠ…ÄŠ…Ä iNova Duromine - 30 x 40mg Capsules - NEW AUSTRALIAN SELLER CHEAP STOCK Š…ÄŠ…ÄŠ…Ä,Weight Loss,Weight Loss,Š…ÄŠ…ÄŠ…Ä iNova Duromine - 30 x 40mg Capsules - NEW AUST...,"Sold by blackbaboon -
89 sold since Oct 28, 2016Î¾Î¾Vendor Level 2Î¾Trust Level 5",null,2,Drugs & ChemicalsDrugs & Chemicals,Weight Loss,"DNP (2,4-Dinitrophenol) 60 x 200mg Capsules UK-toUK + ESCROW","Buy price
USD 29.30

(0.0218 BTC)",brokenadvisorman,"Views: 290 / Bids: Fixed price
Quantity left: Unlimited","DNP (2,4-Dinitrophenol) 60 x 200mg Capsules UK-toUK + ESCROW",Weight Loss,Weight Loss,"DNP (2,4-Dinitrophenol) 60 x 200mg Capsules UK-toU...","Sold by brokenadvisorman -
0 sold since Jan 16, 2017Î¾Î¾Vendor Level 1Î¾Trust Level 6",Purchase price: USD 29.30,15,Drugs & ChemicalsDrugs & Chemicals,Weight Loss,T3 Genesis 50 mcg 100 tabs,"Buy price
USD 25.00

(0.0185 BTC)",theben,"Views: 1145 / Bids: Fixed price
Quantity left: Unlimited",T3 Genesis 50 mcg 100 tabs,Weight Loss,Weight Loss,T3 Genesis 50 mcg 100 tabs,"Sold by theben -
13 sold since Apr 23, 2016Î¾Î¾Vendor Level 1Î¾Trust Level 5",Purchase price: USD 25.00,4,Drugs & ChemicalsDrugs & Chemicals,Weight Loss,[SUPER PRODUCT] ŠÈ« Royal Pharma Clenbuterol / Clen  40mcg/tab  100 tab  ŠÈ«,"Buy price
USD 29.99

(0.0222 BTC)",allRoids,null,[SUPER PRODUCT] ŠÈ« Royal Pharma Clenbuterol / Clen  40mcg/tab  100 tab  ŠÈ«,Weight Loss,Weight Loss,[SUPER PRODUCT] ŠÈ« Royal Pharma Clenbuterol / Clen ...,"Sold by allRoids -
7 sold since Dec 15, 2016Î¾Î¾Vendor Level 5Î¾Trust Level 5",Purchase price: USD 29.99,5,Drugs & ChemicalsDrugs & Chemicals,Weight Loss,Ephedrine Hydrochloride 20mg x 25 Tablets,"Buy price
USD 7.99

(0.0059 BTC)",monoko,"Views: 1424 / Bids: Fixed price
Quantity left: Unlimited",Ephedrine Hydrochloride 20mg x 25 Tablets,Weight Loss,Weight Loss,Ephedrine Hydrochloride 20mg x 25 Tablets,"Sold by monoko -
36 sold since Nov 2, 2016Î¾Î¾Vendor Level 4Î¾Trust Level 5",Purchase price: USD 7.99,3,Drugs & ChemicalsDrugs & Chemicals,Weight Loss,Lilly Humatrope 72 UI 25mg PEN HGH Human Growth Hormone Somatropin UK,"Buy price
USD 343.21

(0.2539 BTC)",terrysukstock,"Views: 1036 / Bids: Fixed price
Quantity left: 21",Lilly Humatrope 72 UI 25mg PEN HGH Human Growth Hormone Somatropin UK,Weight Loss,Weight Loss,Lilly Humatrope 72 UI 25mg PEN HGH Human Growth Ho...,"Sold by terrysukstock -
5 sold since Jun 13, 2016Î¾Î¾Vendor Level 8Î¾Trust Level 6",Purchase price: USD 343.21,6,Drugs & ChemicalsDrugs & Chemicals,Weight Loss,"Orlistat (Xenical, weight loss) 120mg - 50x","Buy price
USD 16.52

(0.0122 BTC)",Angelina,"Views: 1962 / Bids: Fixed price
Quantity left: Unlimited","Orlistat (Xenical, weight loss) 120mg - 50x",Weight Loss,Weight Loss,"Orlistat (Xenical, weight loss) 120mg - 50x","Sold by Angelina -
31 sold since Sep 3, 2015Î¾Î¾Vendor Level 8Î¾Trust Level 7",Purchase price: USD 16.52,3,Drugs & ChemicalsDrugs & Chemicals,Weight Loss,Genesis Testosterone Enanthate Injection 10ml 250mg/1ml  ***BEST PRICE***GOOD QUALITY***BULK***,"Buy price
USD 28.25

(0.0210 BTC)",tourette,null,Genesis Testosterone Enanthate Injection 10ml 250mg/1ml  ***BEST PRICE***GOOD QUALITY***BULK***,Weight Loss,Weight Loss,Genesis Testosterone Enanthate Injection 10ml 250m...,"Sold by tourette -
1 sold since Jan 10, 2017Î¾Î¾Vendor Level 5Î¾Trust Level 6",null,9,Drugs & ChemicalsDrugs & Chemicals,Weight Loss,Zionlabs t-5 x60,"Buy price
USD 39.00

(0.0290 BTC)",milkman22,"Views: 13 / Bids: Fixed price
Quantity left: Unlimited",Zionlabs t-5 x60,Weight Loss,Weight Loss,Zionlabs t-5 x60,"Sold by milkman22 -
0 sold since Apr 25, 2017Î¾Î¾Vendor Level 1Î¾Trust Level 3",Purchase price: USD 39.00,12,Drugs & ChemicalsDrugs & Chemicals,Weight Loss,30mg M/30 Oxycodone - Roxy -Oxys USA to USA only!,"Buy price
USD 15.00

(0.0111 BTC)",PrestigeWorldwides,"Views: 43 / Bids: Fixed price
Quantity left: Unlimited",30mg M/30 Oxycodone - Roxy -Oxys USA to USA only!,Weight Loss,Weight Loss,30mg M/30 Oxycodone - Roxy -Oxys USA to USA only!,"Sold by PrestigeWorldwides -
0 sold since Apr 13, 2017Î¾Î¾Vendor Level 1Î¾Trust Level 4",Purchase price: USD 15.00,15,Drugs & ChemicalsDrugs & Chemicals,Weight Loss,Phentermine 37.5 MG (k25)  (500 Pills),"Buy price
USD 600.00

(0.4456 BTC)",Idealpills,null,Phentermine 37.5 MG (k25)  (500 Pills),Weight Loss,Weight Loss,Phentermine 37.5 MG (k25)  (500 Pills),"Sold by Idealpills -
0 sold since Dec 10, 2015Î¾Î¾Vendor Level 1Î¾Trust Level 6",Purchase price: USD 600.00,15,Drugs & ChemicalsDrugs & Chemicals,Weight Loss,2015 BULK DEALS 1000+ tabs,"Buy price
USD 50.00

(0.0371 BTC)",gotmilk,null,2015 BULK DEALS 1000+ tabs,Weight Loss,Weight Loss,2015 BULK DEALS 1000+ tabs,"Sold by gotmilk -
0 sold since Feb 21, 2017Î¾Î¾Vendor Level 7Î¾Trust Level 7",Purchase price: USD 50.00,15,Drugs & ChemicalsDrugs & Chemicals,Weight Loss,New Years Resolution to loose weight? Try our premium  Kratom!,"Buy price
USD 25.00

(0.0186 BTC)",kratomic,"Views: 177 / Bids: Fixed price
Quantity left: Unlimited",New Years Resolution to loose weight? Try our premium  Kratom!,Weight Loss,Weight Loss,New Years Resolution to loose weight? Try our prem...,"Sold by kratomic -
0 sold since Jan 14, 2017Î¾Î¾Vendor Level 3Î¾Trust Level 5",Purchase price: USD 25.00,15,Drugs & ChemicalsDrugs & Chemicals,Weight Loss,50-ct Modafinil 200mg (Modvigil),"Buy price
USD 112.50

(0.0835 BTC)",themodsquad,"Views: 54 / Bids: Fixed price
Quantity left: Unlimited",50-ct Modafinil 200mg (Modvigil),Weight Loss,Weight Loss,50-ct Modafinil 200mg (Modvigil),"Sold by themodsquad -
0 sold since Mar 12, 2017Î¾Î¾Vendor Level 1Î¾Trust Level 4",Purchase price: USD 112.50,,Drugs & ChemicalsDrugs & Chemicals,Weight Loss,Tracking for reship!,"Buy price
USD 6.19

(0.0046 BTC)",anabolicwindow,"Views: 141 / Bids: Fixed price
Quantity left: Unlimited",Tracking for reship!,Weight Loss,Weight Loss,Tracking for reship!,"Sold by anabolicwindow -
1 sold since Mar 22, 2017Î¾Î¾Vendor Level 6Î¾Trust Level 6",Purchase price: USD 6.19,9,Drugs & ChemicalsDrugs & Chemicals,Weight Loss,"DNP (2,4-Dinitrophenol) 50 x 200mg Capsules UK-toUK + ESCROW","Buy price
USD 24.42

(0.0181 BTC)",brokenadvisorman,"Views: 308 / Bids: Fixed price
Quantity left: Unlimited","DNP (2,4-Dinitrophenol) 50 x 200mg Capsules UK-toUK + ESCROW",Weight Loss,Weight Loss,"DNP (2,4-Dinitrophenol) 50 x 200mg Capsules UK-toU...","Sold by brokenadvisorman -
0 sold since Jan 16, 2017Î¾Î¾Vendor Level 1Î¾Trust Level 6",Purchase price: USD 24.42,11,Drugs & ChemicalsDrugs & Chemicals,Weight Loss,TradeRoute Market - Free Pass to login!!!,"Buy price
USD 0.00

(0.0000 BTC)",oildabber,"Views: 107 / Bids: Fixed price
Quantity left: Unlimited",TradeRoute Market - Free Pass to login!!!,Weight Loss,Weight Loss,TradeRoute Market - Free Pass to login!!!,"Sold by oildabber -
0 sold since Feb 22, 2017Î¾Î¾Vendor Level 3Î¾Trust Level 5",Purchase price: USD 0.00,15,Drugs & ChemicalsDrugs & Chemicals,Weight Loss,"10x Spiroprent 0,02mg Clenbuterol","Buy price
USD 27.51

(0.0204 BTC)",ALDI_Sued,null,"10x Spiroprent 0,02mg Clenbuterol",Weight Loss,Weight Loss,"10x Spiroprent 0,02mg Clenbuterol","Sold by ALDI_Sued -
0 sold since Mar 3, 2016Î¾Î¾Vendor Level 1Î¾Trust Level 3",Purchase price: USD 27.51,10,Drugs & ChemicalsDrugs & Chemicals,Weight Loss,metformin  700mg * 100 pills special weight loss,"Buy price
USD 30.00

(0.0223 BTC)",marcoP77,"Views: 66 / Bids: Fixed price
Quantity left: 1",metformin  700mg * 100 pills special weight loss,Weight Loss,Weight Loss,metformin  700mg * 100 pills special weight loss,"Sold by marcoP77 -
0 sold since Apr 1, 2017Î¾Î¾Vendor Level 1Î¾Trust Level 5",Purchase price: USD 30.00,13,Drugs & ChemicalsDrugs & Chemicals,Weight Loss,Phentermine 37.5 MG (k25)  (175 Pills),"Buy price
USD 250.00

(0.1856 BTC)",Idealpills,null,Phentermine 37.5 MG (k25)  (175 Pills),Weight Loss,Weight Loss,Phentermine 37.5 MG (k25)  (175 Pills),"Sold by Idealpills -
0 sold since Dec 10, 2015Î¾Î¾Vendor Level 1Î¾Trust Level 6",Purchase price: USD 250.00,10,Drugs & ChemicalsDrugs & Chemicals,Weight Loss,Ephedrine 30 mg 200 tabs (limited time only offer),"Buy price
USD 96.06

(0.0711 BTC)",xtremenutrition1,"Views: 412 / Bids: Fixed price
Quantity left: Unlimited",Ephedrine 30 mg 200 tabs (limited time only offer),Weight Loss,Weight Loss,Ephedrine 30 mg 200 tabs (limited time only offer),"Sold by xtremenutrition1 -
3 sold since Sep 15, 2016Î¾Î¾Vendor Level 1Î¾Trust Level 4",Purchase price: USD 96.06,7,Drugs & ChemicalsDrugs & Chemicals,Weight Loss,Subutramine 15mg x 90,"Buy price
USD 90.00

(0.0668 BTC)",gotmilk,null,Subutramine 15mg x 90,Weight Loss,Weight Loss,Subutramine 15mg x 90,"Sold by gotmilk -
1 sold since Dec 1, 2016Î¾Î¾Vendor Level 7Î¾Trust Level 7",Purchase price: USD 90.00,9,Drugs & ChemicalsDrugs & Chemicals,Weight Loss,Phentermine 37.5 MG (k25)  (225 Pills),"Buy price
USD 310.00

(0.2302 BTC)",Idealpills,"Views: 604 / Bids: Fixed price
Quantity left: Unlimited",Phentermine 37.5 MG (k25)  (225 Pills),Weight Loss,Weight Loss,Phentermine 37.5 MG (k25)  (225 Pills),"Sold by Idealpills -
0 sold since Dec 10, 2015Î¾Î¾Vendor Level 1Î¾Trust Level 6",Purchase price: USD 310.00,13,Drugs & ChemicalsDrugs & Chemicals,Weight Loss,PHARMACEUTICAL GRADE CLENBUTEROL (VENTIPULMAN) .025MG/ML  355ML,"Buy price
USD 168.83

(0.1254 BTC)",artvlay,null,PHARMACEUTICAL GRADE CLENBUTEROL (VENTIPULMAN) .025MG/ML  355ML,Weight Loss,Weight Loss,PHARMACEUTICAL GRADE CLENBUTEROL (VENTIPULMAN) .02...,"Sold by artvlay -
0 sold since Nov 26, 2016Î¾Î¾Vendor Level 1Î¾Trust Level 4",Purchase price: USD 168.83,12,Drugs & ChemicalsDrugs & Chemicals,Weight Loss,Ephedrine 30 mg 5000 tabs (limited time only offer),"Buy price
USD 2,249.44

(1.6704 BTC)",xtremenutrition1,"Views: 289 / Bids: Fixed price
Quantity left: Unlimited",Ephedrine 30 mg 5000 tabs (limited time only offer),Weight Loss,Weight Loss,Ephedrine 30 mg 5000 tabs (limited time only offer...,"Sold by xtremenutrition1 -
0 sold since Sep 17, 2016Î¾Î¾Vendor Level 1Î¾Trust Level 4","Purchase price: USD 2,249.44",13,Drugs & ChemicalsDrugs & Chemicals,Weight Loss,30 phentermine custom listing,"Buy price
USD 60.00

(0.0446 BTC)",REMEDYPLUS,"Views: 866 / Bids: Fixed price
Quantity left: Unlimited",30 phentermine custom listing,Weight Loss,Weight Loss,30 phentermine custom listing,"Sold by REMEDYPLUS -
2 sold since Jan 15, 2016Î¾Î¾Vendor Level 6Î¾Trust Level 6",Purchase price: USD 60.00,8,Drugs & ChemicalsDrugs & Chemicals,Weight Loss,Phentermine (k25) 37.5 MG 100 Pills,"Buy price
USD 135.00

(0.0999 BTC)",Deepmeds,null,Phentermine (k25) 37.5 MG 100 Pills,Weight Loss,Weight Loss,Phentermine (k25) 37.5 MG 100 Pills,"Sold by Deepmeds -
3 sold since Nov 24, 2015Î¾Î¾Vendor Level 1Î¾Trust Level 6",Purchase price: USD 135.00,7,Drugs & ChemicalsDrugs & Chemicals,Weight Loss,[1 pack- 2 weeks][PHARMACY GRADE]  EPHEDRINE HCL  POLFAÎÂ  inj.   10 amps x 1ml   25mg/ml  FAST FAT BURNING EFFECT!!,"Buy price
USD 43.99

(0.0325 BTC)",allRoids,null,[1 pack- 2 weeks][PHARMACY GRADE]  EPHEDRINE HCL  POLFAÎÂ  inj.   10 amps x 1ml   25mg/ml  FAST FAT BURNING EFFECT!!,Weight Loss,Weight Loss,[1 pack- 2 weeks][PHARMACY GRADE]  EPHEDRINE HCL  ...,"Sold by allRoids -
8 sold since Oct 4, 2016Î¾Î¾Vendor Level 5Î¾Trust Level 5",Purchase price: USD 43.99,5,Drugs & ChemicalsDrugs & Chemicals,Weight Loss,Adipex Retard - Phentermine 15mg - Slimming Pills - 5 blisters 100 pills - Best Deal,"Buy price
USD 201.05

(0.1487 BTC)",tourette,"Views: 694 / Bids: Fixed price
Quantity left: Unlimited",Adipex Retard - Phentermine 15mg - Slimming Pills - 5 blisters 100 pills - Best Deal,Weight Loss,Weight Loss,Adipex Retard - Phentermine 15mg - Slimming Pills ...,"Sold by tourette -
13 sold since Aug 5, 2016Î¾Î¾Vendor Level 5Î¾Trust Level 6",Purchase price: USD 201.05,4,Drugs & ChemicalsDrugs & Chemicals,Weight Loss,Ephedrine Hydrochloride 20mg x 500 tablets,"Buy price
USD 94.99

(0.0703 BTC)",monoko,"Views: 766 / Bids: Fixed price
Quantity left: Unlimited",Ephedrine Hydrochloride 20mg x 500 tablets,Weight Loss,Weight Loss,Ephedrine Hydrochloride 20mg x 500 tablets,"Sold by monoko -
11 sold since Nov 2, 2016Î¾Î¾Vendor Level 4Î¾Trust Level 5",Purchase price: USD 94.99,4,Drugs & ChemicalsDrugs & Chemicals,Weight Loss,Š…Ä Genuine Duromine - 30 x 40mg Capsules Š…Ä,"Buy price
USD 280.00

(0.2079 BTC)",OzAlphaAU,null,Š…Ä Genuine Duromine - 30 x 40mg Capsules Š…Ä,Weight Loss,Weight Loss,Š…Ä Genuine Duromine - 30 x 40mg Capsules Š…Ä,"Sold by OzAlphaAU -
1 sold since Aug 3, 2016Î¾Î¾Vendor Level 6Î¾Trust Level 5",Purchase price: USD 280.00,10,Drugs & ChemicalsDrugs & Chemicals,Weight Loss,Clenbuterol Sopharma 20 mcg 100 tabs,"Buy price
USD 25.00

(0.0185 BTC)",theben,"Views: 1263 / Bids: Fixed price
Quantity left: Unlimited",Clenbuterol Sopharma 20 mcg 100 tabs,Weight Loss,Weight Loss,Clenbuterol Sopharma 20 mcg 100 tabs,"Sold by theben -
8 sold since Apr 22, 2016Î¾Î¾Vendor Level 1Î¾Trust Level 5",Purchase price: USD 25.00,5,Drugs & ChemicalsDrugs & Chemicals,Weight Loss,"50 x 125mg DNP **EXTREME FAT LOSS TABLETS ** 2,4-dinitrophenol","Buy price
USD 50.52

(0.0374 BTC)",subzero,null,"50 x 125mg DNP **EXTREME FAT LOSS TABLETS ** 2,4-dinitrophenol",Weight Loss,Weight Loss,"50 x 125mg DNP **EXTREME FAT LOSS TABLETS ** 2,4-d...","Sold by subzero -
11 sold since Feb 27, 2015Î¾Î¾Vendor Level 1Î¾Trust Level 5",null,4,Drugs & ChemicalsDrugs & Chemicals,Weight Loss,"2,4-Dinitrophenol  dnp 75X 200mg New batch !!!!","Buy price
USD 81.49

(0.0603 BTC)",anabolicwindow,"Views: 3175 / Bids: Fixed price
Quantity left: Unlimited","2,4-Dinitrophenol  dnp 75X 200mg New batch !!!!",Weight Loss,Weight Loss,"2,4-Dinitrophenol  dnp 75X 200mg New batch !!!!","Sold by anabolicwindow -
76 sold since Nov 29, 2015Î¾Î¾Vendor Level 6Î¾Trust Level 6",Purchase price: USD 81.49,2,Drugs & ChemicalsDrugs & Chemicals,Weight Loss,Phentermine 37.5 MG (k25)  (300 Pills),"Buy price
USD 390.00

(0.2896 BTC)",Idealpills,"Views: 593 / Bids: Fixed price
Quantity left: Unlimited",Phentermine 37.5 MG (k25)  (300 Pills),Weight Loss,Weight Loss,Phentermine 37.5 MG (k25)  (300 Pills),"Sold by Idealpills -
0 sold since Dec 10, 2015Î¾Î¾Vendor Level 1Î¾Trust Level 6",Purchase price: USD 390.00,10,Drugs & ChemicalsDrugs & Chemicals,Weight Loss,"Weight Loss pills- Phentermine, Obeclox, Redotex, Itravil, Acxion, Phendimetrazine, Neobes","Buy price
USD 60.00

(0.0446 BTC)",Alibomaye305,"Views: 170 / Bids: Fixed price
Quantity left: Unlimited","Weight Loss pills- Phentermine, Obeclox, Redotex, Itravil, Acxion, Phendimetrazine, Neobes",Weight Loss,Weight Loss,"Weight Loss pills- Phentermine, Obeclox, Redotex, ...","Sold by Alibomaye305 -
0 sold since Feb 18, 2017Î¾Î¾Vendor Level 1Î¾Trust Level 3",Purchase price: USD 60.00,13,Drugs & ChemicalsDrugs & Chemicals,Weight Loss,Germany to WW || 25g | DNP Yellow Magic || EXTREME WEIGHTLOSS Š“±ONLY $45Š“±,"Buy price
USD 51.13

(0.0378 BTC)",.Shinigami.,null,Germany to WW || 25g | DNP Yellow Magic || EXTREME WEIGHTLOSS Š“±ONLY $45Š“±,Weight Loss,Weight Loss,Germany to WW || 25g | DNP Yellow Magic || EXTREME...,"Sold by .Shinigami. -
9 sold since Sep 10, 2016Î¾Î¾Vendor Level 4Î¾Trust Level 4",null,5,Drugs & ChemicalsDrugs & Chemicals,Weight Loss,Phentermine (k25) 37.5 MG 80 Pills,"Buy price
USD 115.00

(0.0851 BTC)",Deepmeds,null,Phentermine (k25) 37.5 MG 80 Pills,Weight Loss,Weight Loss,Phentermine (k25) 37.5 MG 80 Pills,"Sold by Deepmeds -
7 sold since Nov 24, 2015Î¾Î¾Vendor Level 1Î¾Trust Level 6",Purchase price: USD 115.00,5,Drugs & Chemicals