category_link,subcategory_link,listing_title,listing_price,listing_vendor,listing_item,listing_link,subcategory_id,subcategory2_id,detail_name,detail_qty_sold,detail_price,pagination_link,category_idDrugs & Chemicals,Cannabis & Hashish,448G High Quality Shake Free Ship,"Buy price
USD 600.00

(0.4678 BTC)",WeedChopo,"Views: 678 / Bids: Fixed price
Quantity left: Unlimited",448G High Quality Shake Free Ship,Cannabis & Hashish,Shake,448G High Quality Shake Free Ship,"Sold by WeedChopo -
0 sold since Sep 28, 2016Î¾Î¾Vendor Level 3Î¾Trust Level 5",Purchase price: USD 600.00,10,Drugs & ChemicalsDrugs & Chemicals,Cannabis & Hashish,1/2oz Premium Shake,"Buy price
USD 65.00

(0.0507 BTC)",Budsnroses,"Views: 2726 / Bids: Fixed price
Quantity left: Unlimited",1/2oz Premium Shake,Cannabis & Hashish,Shake,1/2oz Premium Shake,"Sold by Budsnroses -
53 sold since Nov 18, 2015Î¾Î¾Vendor Level 3Î¾Trust Level 6",Purchase price: USD 65.00,2,Drugs & ChemicalsDrugs & Chemicals,Cannabis & Hashish,Level 1 Commercial Weed 250g,"Buy price
USD 722.82

(0.5636 BTC)",alisdrugstore,"Views: 1206 / Bids: Fixed price
Quantity left: Unlimited",Level 1 Commercial Weed 250g,Cannabis & Hashish,Shake,Level 1 Commercial Weed 250g,"Sold by alisdrugstore -
0 sold since May 30, 2016Î¾Î¾Vendor Level 7Î¾Trust Level 7",Purchase price: USD 722.82,10,Drugs & ChemicalsDrugs & Chemicals,Cannabis & Hashish,10 G ~ Amnesia Haze Rest Weed Cannabis AAA+ HIGH QUALITYŠ…ÄŠ…Ä BELGIUM/HOLLAND SHIPPING Š…ÄŠ…Ä,"Buy price
USD 31.64

(0.0247 BTC)",DutchCandySh0p,Item # 48827 - Cannabis & Hashish / Shake,10 G ~ Amnesia Haze Rest Weed Cannabis AAA+ HIGH QUALITYŠ…ÄŠ…Ä BELGIUM/HOLLAND SHIPPING Š…ÄŠ…Ä,Cannabis & Hashish,Shake,10 G ~ Amnesia Haze Rest Weed Cannabis AAA+ HIGH Q...,"Sold by DutchCandySh0p -
144 sold since Oct 24, 2015Î¾Î¾Vendor Level 7Î¾Trust Level 6",null,2,Drugs & ChemicalsDrugs & Chemicals,Cannabis & Hashish,5 gram BEST quality NLX weed from Amsterdam *(FREE SHIPPING WORLDWIDE)*,"Buy price
USD 40.00

(0.0312 BTC)",Amsterdam_Cannabis,"Views: 853 / Bids: Fixed price
Quantity left: Unlimited",5 gram BEST quality NLX weed from Amsterdam *(FREE SHIPPING WORLDWIDE)*,Cannabis & Hashish,Shake,5 gram BEST quality NLX weed from Amsterdam *(FREE...,"Sold by Amsterdam_Cannabis -
16 sold since Dec 1, 2016Î¾Î¾Vendor Level 2Î¾Trust Level 4",Purchase price: USD 40.00,4,Drugs & ChemicalsDrugs & Chemicals,Cannabis & Hashish,1gr Shake Cannabis ---Platinium Kush-- A --Indica          [100% ESCROW]     SAMPLE,"Buy price
USD 3.99

(0.0031 BTC)",Ebud,null,1gr Shake Cannabis ---Platinium Kush-- A --Indica          [100% ESCROW]     SAMPLE,Cannabis & Hashish,Shake,1gr Shake Cannabis ---Platinium Kush-- A --Indica ...,"Sold by Ebud -
0 sold since Apr 18, 2017Î¾Î¾Vendor Level 1Î¾Trust Level 3",Purchase price: USD 3.99,,Drugs & ChemicalsDrugs & Chemicals,Cannabis & Hashish,"1 Oz (28.3g) Organic, mixed shake! Fire quality!","Buy price
USD 75.00

(0.0585 BTC)",NCNUGS,"Views: 32 / Bids: Fixed price
Quantity left: Unlimited","1 Oz (28.3g) Organic, mixed shake! Fire quality!",Cannabis & Hashish,Shake,"1 Oz (28.3g) Organic, mixed shake! Fire quality!","Sold by NCNUGS -
0 sold since Apr 21, 2017Î¾Î¾Vendor Level 1Î¾Trust Level 3",null,9,Drugs & ChemicalsDrugs & Chemicals,Cannabis & Hashish,Indoor OG smalls/shake_1/2 lb,"Buy price
USD 227.00

(0.1770 BTC)",0hp1,"Views: 134 / Bids: Fixed price
Quantity left: 10",Indoor OG smalls/shake_1/2 lb,Cannabis & Hashish,Shake,Indoor OG smalls/shake_1/2 lb,"Sold by 0hp1 -
1 sold since Apr 17, 2017Î¾Î¾Vendor Level 2Î¾Trust Level 4",Purchase price: USD 227.00,9,Drugs & ChemicalsDrugs & Chemicals,Cannabis & Hashish,Level 1 Commercial Weed 56g,"Buy price
USD 226.58

(0.1767 BTC)",alisdrugstore,null,Level 1 Commercial Weed 56g,Cannabis & Hashish,Shake,Level 1 Commercial Weed 56g,"Sold by alisdrugstore -
21 sold since May 25, 2015Î¾Î¾Vendor Level 7Î¾Trust Level 7",Purchase price: USD 226.58,4,Drugs & ChemicalsDrugs & Chemicals,Cannabis & Hashish,1/2 lb quality shake,"Buy price
USD 240.00

(0.1872 BTC)",Maxx_Pakolly,"Views: 2748 / Bids: Fixed price
Quantity left: 25",1/2 lb quality shake,Cannabis & Hashish,Shake,1/2 lb quality shake,"Sold by Maxx_Pakolly -
52 sold since Sep 18, 2016Î¾Î¾Vendor Level 5Î¾Trust Level 4",Purchase price: USD 240.00,2,Drugs & ChemicalsDrugs & Chemicals,Cannabis & Hashish,JAGER SHAKE 7 GRAMS,"Buy price
USD 44.44

(0.0347 BTC)",BudMasterGeneral,"Views: 295 / Bids: Fixed price
Quantity left: 8",JAGER SHAKE 7 GRAMS,Cannabis & Hashish,Shake,JAGER SHAKE 7 GRAMS,"Sold by BudMasterGeneral -
0 sold since Dec 10, 2016Î¾Î¾Vendor Level 7Î¾Trust Level 6",Purchase price: USD 44.44,,Drugs & ChemicalsDrugs & Chemicals,Cannabis & Hashish,QP Outdoor Trim,"Buy price
USD 150.00

(0.1170 BTC)",CaliKindness,"Views: 4788 / Bids: Fixed price
Quantity left: Unlimited",QP Outdoor Trim,Cannabis & Hashish,Shake,QP Outdoor Trim,"Sold by CaliKindness -
146 sold since Jan 20, 2016Î¾Î¾Vendor Level 8Î¾Trust Level 7",Purchase price: USD 150.00,2,Drugs & ChemicalsDrugs & Chemicals,Cannabis & Hashish,10 GRAM ALDI WEED,"Buy price
USD 60.23

(0.0470 BTC)",DutchDreams,"Views: 6105 / Bids: Fixed price
Quantity left: Unlimited",10 GRAM ALDI WEED,Cannabis & Hashish,Shake,10 GRAM ALDI WEED,"Sold by DutchDreams -
140 sold since Nov 26, 2015Î¾Î¾Vendor Level 7Î¾Trust Level 6",Purchase price: USD 60.23,2,Drugs & ChemicalsDrugs & Chemicals,Cannabis & Hashish,50g HQ Cannabis Haze Trimmings A++   †ÛÜ  *Limited Promotion*,"Buy price
USD 133.95

(0.1044 BTC)",Hund,null,50g HQ Cannabis Haze Trimmings A++   †ÛÜ  *Limited Promotion*,Cannabis & Hashish,Shake,50g HQ Cannabis Haze Trimmings A++   †ÛÜ  *Limited P...,"Sold by Hund -
2 sold since Feb 17, 2016Î¾Î¾Vendor Level 5Î¾Trust Level 5",Purchase price: USD 133.95,8,Drugs & ChemicalsDrugs & Chemicals,Cannabis & Hashish,NEW!!! 25mg THC Sugar  Eat witH ALL YOU ENJOY from Coffe to Candy!!,"Buy price
USD 19.99

(0.0156 BTC)",DieselDawg,"Views: 28 / Bids: Fixed price
Quantity left: Unlimited",NEW!!! 25mg THC Sugar  Eat witH ALL YOU ENJOY from Coffe to Candy!!,Cannabis & Hashish,Shake,NEW!!! 25mg THC Sugar  Eat witH ALL YOU ENJOY from...,"Sold by DieselDawg -
0 sold since Apr 15, 2017Î¾Î¾Vendor Level 1Î¾Trust Level 4",Purchase price: USD 19.99,10,Drugs & ChemicalsDrugs & Chemicals,Cannabis & Hashish,5g Rest Weed Amnesia (Pure) Worldclass Medical Cannabis Quality AAA+++,"Buy price
USD 19.94

(0.0155 BTC)",DoktorGreen,null,5g Rest Weed Amnesia (Pure) Worldclass Medical Cannabis Quality AAA+++,Cannabis & Hashish,Shake,5g Rest Weed Amnesia (Pure) Worldclass Medical Can...,"Sold by DoktorGreen -
4 sold since Jan 5, 2017Î¾Î¾Vendor Level 4Î¾Trust Level 4",Purchase price: USD 19.94,7,Drugs & ChemicalsDrugs & Chemicals,Cannabis & Hashish,56G BUD SHAKE (KIFF) Good quality - FREE EXPRESS SHIPPING (Australia Only),"Buy price
USD 82.55

(0.0644 BTC)",Bpositive,"Views: 1079 / Bids: Fixed price
Quantity left: 1",56G BUD SHAKE (KIFF) Good quality - FREE EXPRESS SHIPPING (Australia Only),Cannabis & Hashish,Shake,56G BUD SHAKE (KIFF) Good quality - FREE EXPRESS S...,"Sold by Bpositive -
39 sold since Dec 27, 2016Î¾Î¾Vendor Level 6Î¾Trust Level 4",Purchase price: USD 82.55,3,Drugs & ChemicalsDrugs & Chemicals,Cannabis & Hashish,Level 1 Commercial Weed 28g,"Buy price
USD 124.26

(0.0969 BTC)",alisdrugstore,"Views: 3159 / Bids: Fixed price
Quantity left: Unlimited",Level 1 Commercial Weed 28g,Cannabis & Hashish,Shake,Level 1 Commercial Weed 28g,"Sold by alisdrugstore -
15 sold since May 25, 2015Î¾Î¾Vendor Level 7Î¾Trust Level 7",Purchase price: USD 124.26,4,Drugs & ChemicalsDrugs & Chemicals,Cannabis & Hashish,JAGER SHAKE 28 GRAMS,"Buy price
USD 166.66

(0.1299 BTC)",BudMasterGeneral,"Views: 269 / Bids: Fixed price
Quantity left: 6",JAGER SHAKE 28 GRAMS,Cannabis & Hashish,Shake,JAGER SHAKE 28 GRAMS,"Sold by BudMasterGeneral -
0 sold since Dec 10, 2016Î¾Î¾Vendor Level 7Î¾Trust Level 6",Purchase price: USD 166.66,10,Drugs & ChemicalsDrugs & Chemicals,Cannabis & Hashish,Ounce of shake,"Buy price
USD 50.00

(0.0390 BTC)",vendorplumbus,"Views: 200 / Bids: Fixed price
Quantity left: Unlimited",Ounce of shake,Cannabis & Hashish,Shake,Ounce of shake,"Sold by vendorplumbus -
3 sold since Mar 26, 2017Î¾Î¾Vendor Level 4Î¾Trust Level 4",Purchase price: USD 50.00,8,Drugs & ChemicalsDrugs & Chemicals,Cannabis & Hashish,Weedmix BubbleGum 3 gram (free shipping),"Buy price
USD 16.98

(0.0132 BTC)",TheGreenGrocer,"Views: 783 / Bids: Fixed price
Quantity left: Unlimited",Weedmix BubbleGum 3 gram (free shipping),Cannabis & Hashish,Shake,Weedmix BubbleGum 3 gram (free shipping),"Sold by TheGreenGrocer -
28 sold since Apr 18, 2016Î¾Î¾Vendor Level 5Î¾Trust Level 5",Purchase price: USD 16.98,3,Drugs & ChemicalsDrugs & Chemicals,Cannabis & Hashish,FE - QP - SHAKE- 112g - BULK Medical Marijuana,"Buy price
USD 225.00

(0.1755 BTC)",GreenMachiner,"Views: 3317 / Bids: Fixed price
Quantity left: 12",FE - QP - SHAKE- 112g - BULK Medical Marijuana,Cannabis & Hashish,Shake,FE - QP - SHAKE- 112g - BULK Medical Marijuana,"Sold by GreenMachiner -
97 sold since Sep 1, 2016Î¾Î¾Vendor Level 10Î¾Trust Level 10",Purchase price: USD 225.00,2,Drugs & ChemicalsDrugs & Chemicals,Cannabis & Hashish,50g HQ Cannabis Haze Trimmings Quality B+   †ÛÜ  *Limited Promotion*,"Buy price
USD 100.97

(0.0787 BTC)",Hund,null,50g HQ Cannabis Haze Trimmings Quality B+   †ÛÜ  *Limited Promotion*,Cannabis & Hashish,Shake,50g HQ Cannabis Haze Trimmings Quality B+   †ÛÜ  *Li...,"Sold by Hund -
3 sold since Feb 17, 2016Î¾Î¾Vendor Level 5Î¾Trust Level 5",Purchase price: USD 100.97,7,Drugs & ChemicalsDrugs & Chemicals,Cannabis & Hashish,FREE Starbucks Food and Drinks Better than Gift Card - Mobile Order Free Drink & Food Craft Any Beverage Gift Card Guarantee,"Buy price
USD 1.75

(0.0014 BTC)",bluestacks,"Views: 67 / Bids: Fixed price
Quantity left: Unlimited",FREE Starbucks Food and Drinks Better than Gift Card - Mobile Order Free Drink & Food Craft Any Beverage Gift Card Guarantee,Cannabis & Hashish,Shake,FREE Starbucks Food and Drinks Better than Gift Ca...,"Sold by bluestacks -
0 sold since Apr 1, 2017Î¾Î¾Vendor Level 4Î¾Trust Level 5",Purchase price: USD 1.75,,Drugs & ChemicalsDrugs & Chemicals,Cannabis & Hashish,25 G  Š…ÄŠ…Ä Amnesia Haze Rest Weed Cannabis AAA+ High Quality Š…ÄŠ…Ä BELGIUM/HOLLAND SHIPPING Š…ÄŠ…Ä,"Buy price
USD 73.82

(0.0576 BTC)",DutchCandySh0p,Item # 47899 - Cannabis & Hashish / Shake,25 G  Š…ÄŠ…Ä Amnesia Haze Rest Weed Cannabis AAA+ High Quality Š…ÄŠ…Ä BELGIUM/HOLLAND SHIPPING Š…ÄŠ…Ä,Cannabis & Hashish,Shake,25 G  Š…ÄŠ…Ä Amnesia Haze Rest Weed Cannabis AAA+ High...,"Sold by DutchCandySh0p -
88 sold since Oct 21, 2015Î¾Î¾Vendor Level 7Î¾Trust Level 6",null,2,Drugs & ChemicalsDrugs & Chemicals,Cannabis & Hashish,20 gram high quality NLX weed from Amsterdam *(FREE SHIPPING WORLDWIDE)*,"Buy price
USD 160.00

(0.1248 BTC)",Amsterdam_Cannabis,"Views: 85 / Bids: Fixed price
Quantity left: Unlimited",20 gram high quality NLX weed from Amsterdam *(FREE SHIPPING WORLDWIDE)*,Cannabis & Hashish,Shake,20 gram high quality NLX weed from Amsterdam *(FRE...,"Sold by Amsterdam_Cannabis -
0 sold since Dec 1, 2016Î¾Î¾Vendor Level 2Î¾Trust Level 4",Purchase price: USD 160.00,10,Drugs & ChemicalsDrugs & Chemicals,Cannabis & Hashish,2oz Premium Shake,"Buy price
USD 185.00

(0.1443 BTC)",Budsnroses,"Views: 1837 / Bids: Fixed price
Quantity left: Unlimited",2oz Premium Shake,Cannabis & Hashish,Shake,2oz Premium Shake,"Sold by Budsnroses -
55 sold since Dec 2, 2015Î¾Î¾Vendor Level 3Î¾Trust Level 6",Purchase price: USD 185.00,2,Drugs & ChemicalsDrugs & Chemicals,Cannabis & Hashish,AAAA + SHAKE&TRIM COMBO 28GRAMS,"Buy price
USD 100.58

(0.0784 BTC)",dankofengland1,"Views: 1849 / Bids: Fixed price
Quantity left: Unlimited",AAAA + SHAKE&TRIM COMBO 28GRAMS,Cannabis & Hashish,Shake,AAAA + SHAKE&TRIM COMBO 28GRAMS,"Sold by dankofengland1 -
52 sold since Feb 3, 2017Î¾Î¾Vendor Level 7Î¾Trust Level 5",Purchase price: USD 100.58,2,Drugs & ChemicalsDrugs & Chemicals,Cannabis & Hashish,Half Pound Indoor Trim for Baking Edibles (FE),"Buy price
USD 165.00

(0.1287 BTC)",CaliCannabisClub,null,Half Pound Indoor Trim for Baking Edibles (FE),Cannabis & Hashish,Shake,Half Pound Indoor Trim for Baking Edibles (FE),"Sold by CaliCannabisClub -
20 sold since Nov 9, 2016Î¾Î¾Vendor Level 4Î¾Trust Level 5",Purchase price: USD 165.00,4,Drugs & ChemicalsDrugs & Chemicals,Cannabis & Hashish,1 lb quality shake,"Buy price
USD 420.00

(0.3275 BTC)",Maxx_Pakolly,"Views: 1184 / Bids: Fixed price
Quantity left: 61",1 lb quality shake,Cannabis & Hashish,Shake,1 lb quality shake,"Sold by Maxx_Pakolly -
12 sold since Sep 18, 2016Î¾Î¾Vendor Level 5Î¾Trust Level 4",Purchase price: USD 420.00,5,Drugs & ChemicalsDrugs & Chemicals,Cannabis & Hashish,HP Outdoor Trim,"Buy price
USD 280.00

(0.2183 BTC)",CaliKindness,"Views: 1454 / Bids: Fixed price
Quantity left: Unlimited",HP Outdoor Trim,Cannabis & Hashish,Shake,HP Outdoor Trim,"Sold by CaliKindness -
22 sold since Jan 20, 2016Î¾Î¾Vendor Level 8Î¾Trust Level 7",Purchase price: USD 280.00,4,Drugs & ChemicalsDrugs & Chemicals,Cannabis & Hashish,8 gram high quality NLX weed from Amsterdam *(FREE SHIPPING WORLDWIDE)*,"Buy price
USD 64.00

(0.0499 BTC)",Amsterdam_Cannabis,"Views: 626 / Bids: Fixed price
Quantity left: Unlimited",8 gram high quality NLX weed from Amsterdam *(FREE SHIPPING WORLDWIDE)*,Cannabis & Hashish,Shake,8 gram high quality NLX weed from Amsterdam *(FREE...,"Sold by Amsterdam_Cannabis -
7 sold since Dec 1, 2016Î¾Î¾Vendor Level 2Î¾Trust Level 4",Purchase price: USD 64.00,6,Drugs & ChemicalsDrugs & Chemicals,Cannabis & Hashish,4 Pound Indoor Marijuana Trim (FE) Good For Edibles,"Buy price
USD 950.00

(0.7407 BTC)",CaliCannabisClub,null,4 Pound Indoor Marijuana Trim (FE) Good For Edibles,Cannabis & Hashish,Shake,4 Pound Indoor Marijuana Trim (FE) Good For Edible...,"Sold by CaliCannabisClub -
0 sold since Nov 9, 2016Î¾Î¾Vendor Level 4Î¾Trust Level 5",Purchase price: USD 950.00,10,Drugs & ChemicalsDrugs & Chemicals,Cannabis & Hashish,Customer 3g CW,"Buy price
USD 19.94

(0.0155 BTC)",CrazyFarm,"Views: 359 / Bids: Fixed price
Quantity left: 1",Customer 3g CW,Cannabis & Hashish,Shake,Customer 3g CW,"Sold by CrazyFarm -
0 sold since Sep 4, 2016Î¾Î¾Vendor Level 4Î¾Trust Level 5",Purchase price: USD 19.94,9,Drugs & ChemicalsDrugs & Chemicals,Cannabis & Hashish,1G WEED LEFT-OVER WITH BUDS,"Buy price
USD 6.90

(0.0054 BTC)",maybeline,"Views: 640 / Bids: Fixed price
Quantity left: Unlimited",1G WEED LEFT-OVER WITH BUDS,Cannabis & Hashish,Shake,1G WEED LEFT-OVER WITH BUDS,"Sold by maybeline -
13 sold since Jan 12, 2017Î¾Î¾Vendor Level 1Î¾Trust Level 4",Purchase price: USD 6.90,5,Drugs & ChemicalsDrugs & Chemicals,Cannabis & Hashish,100 gram high quality NLX weed from Amsterdam,"Buy price
USD 750.00

(0.5848 BTC)",Amsterdam_Cannabis,"Views: 24 / Bids: Fixed price
Quantity left: Unlimited",100 gram high quality NLX weed from Amsterdam,Cannabis & Hashish,Shake,100 gram high quality NLX weed from Amsterdam,"Sold by Amsterdam_Cannabis -
0 sold since Mar 28, 2017Î¾Î¾Vendor Level 2Î¾Trust Level 4",Purchase price: USD 750.00,,Drugs & ChemicalsDrugs & Chemicals,Cannabis & Hashish,28g [FE] OG Kush Trim,"Buy price
USD 60.00

(0.0468 BTC)",DiscountDepot,"Views: 1143 / Bids: Fixed price
Quantity left: Unlimited",28g [FE] OG Kush Trim,Cannabis & Hashish,Shake,28g [FE] OG Kush Trim,"Sold by DiscountDepot -
3 sold since Jun 26, 2016Î¾Î¾Vendor Level 6Î¾Trust Level 5",Purchase price: USD 60.00,7,Drugs & ChemicalsDrugs & Chemicals,Cannabis & Hashish,Quarter Pound Indoor Trim for Baking Edibles (ESCROW) FREE SHIPPING,"Buy price
USD 125.00

(0.0975 BTC)",CaliCannabisClub,null,Quarter Pound Indoor Trim for Baking Edibles (ESCROW) FREE SHIPPING,Cannabis & Hashish,Shake,Quarter Pound Indoor Trim for Baking Edibles (ESCR...,"Sold by CaliCannabisClub -
14 sold since Oct 22, 2016Î¾Î¾Vendor Level 4Î¾Trust Level 5",Purchase price: USD 125.00,5,Drugs & ChemicalsDrugs & Chemicals,Cannabis & Hashish,10g HIGH Quality Shake - Silver Pearl,"Buy price
USD 52.51

(0.0409 BTC)",VIP-smoke-NL,"Views: 481 / Bids: Fixed price
Quantity left: 10",10g HIGH Quality Shake - Silver Pearl,Cannabis & Hashish,Shake,10g HIGH Quality Shake - Silver Pearl,"Sold by VIP-smoke-NL -
6 sold since Feb 27, 2016Î¾Î¾Vendor Level 5Î¾Trust Level 5",Purchase price: USD 52.51,6,Drugs & ChemicalsDrugs & Chemicals,Cannabis & Hashish,Assorted  TRIM 28g (1 Ounce),"Buy price
USD 77.77

(0.0606 BTC)",BudMasterGeneral,"Views: 450 / Bids: Fixed price
Quantity left: 5",Assorted  TRIM 28g (1 Ounce),Cannabis & Hashish,Shake,Assorted  TRIM 28g (1 Ounce),"Sold by BudMasterGeneral -
1 sold since Apr 15, 2016Î¾Î¾Vendor Level 7Î¾Trust Level 6",Purchase price: USD 77.77,8,Drugs & ChemicalsDrugs & Chemicals,Cannabis & Hashish,2 gram high quality weed from Amsterdam *(FREE SHIPPING WORLDWIDE)*,"Buy price
USD 16.00

(0.0125 BTC)",Amsterdam_Cannabis,"Views: 243 / Bids: Fixed price
Quantity left: Unlimited",2 gram high quality weed from Amsterdam *(FREE SHIPPING WORLDWIDE)*,Cannabis & Hashish,Shake,2 gram high quality weed from Amsterdam *(FREE SHI...,"Sold by Amsterdam_Cannabis -
7 sold since Dec 2, 2016Î¾Î¾Vendor Level 2Î¾Trust Level 4",Purchase price: USD 16.00,6,Drugs & ChemicalsDrugs & Chemicals,Cannabis & Hashish,4 oz quality shake,"Buy price
USD 160.00

(0.1248 BTC)",Maxx_Pakolly,"Views: 1513 / Bids: Fixed price
Quantity left: Unlimited",4 oz quality shake,Cannabis & Hashish,Shake,4 oz quality shake,"Sold by Maxx_Pakolly -
37 sold since Dec 8, 2016Î¾Î¾Vendor Level 5Î¾Trust Level 4",Purchase price: USD 160.00,3,Drugs & ChemicalsDrugs & Chemicals,Cannabis & Hashish,DogeMarket PreBeta Invitation,"Buy price
USD 99,999.00

(77.9707 BTC)",Comboseller,"Views: 384 / Bids: Fixed price
Quantity left: Unlimited",DogeMarket PreBeta Invitation,Cannabis & Hashish,Shake,DogeMarket PreBeta Invitation,"Sold by Comboseller -
0 sold since Dec 14, 2015Î¾Î¾Vendor Level 1Î¾Trust Level 3","Purchase price: USD 99,999.00",10,Drugs & ChemicalsDrugs & Chemicals,Cannabis & Hashish,5G WEED LEFT-OVER WITH BUDS,"Buy price
USD 23.32

(0.0182 BTC)",maybeline,"Views: 613 / Bids: Fixed price
Quantity left: Unlimited",5G WEED LEFT-OVER WITH BUDS,Cannabis & Hashish,Shake,5G WEED LEFT-OVER WITH BUDS,"Sold by maybeline -
15 sold since Jan 12, 2017Î¾Î¾Vendor Level 1Î¾Trust Level 4",Purchase price: USD 23.32,4,Drugs & ChemicalsDrugs & Chemicals,Cannabis & Hashish,400 Grams Great Kush Shake,"Buy price
USD 400.00

(0.3119 BTC)",headachecure,"Views: 745 / Bids: Fixed price
Quantity left: 10",400 Grams Great Kush Shake,Cannabis & Hashish,Shake,400 Grams Great Kush Shake,"Sold by headachecure -
0 sold since May 5, 2016Î¾Î¾Vendor Level 2Î¾Trust Level 7",Purchase price: USD 400.00,10,Drugs & ChemicalsDrugs & Chemicals,Cannabis & Hashish,448g INDOOR TRIM -FAST SHIPPING W/ STEALTH,"Buy price
USD 400.00

(0.3119 BTC)",GreenleafExpress,"Views: 42 / Bids: Fixed price
Quantity left: 2",448g INDOOR TRIM -FAST SHIPPING W/ STEALTH,Cannabis & Hashish,Shake,448g INDOOR TRIM -FAST SHIPPING W/ STEALTH,"Sold by GreenleafExpress -
0 sold since Apr 13, 2017Î¾Î¾Vendor Level 2Î¾Trust Level 4",Purchase price: USD 400.00,9,Drugs & ChemicalsDrugs & Chemicals,Cannabis & Hashish,500 Grams Great Kush Shake,"Buy price
USD 500.00

(0.3899 BTC)",headachecure,"Views: 843 / Bids: Fixed price
Quantity left: 8",500 Grams Great Kush Shake,Cannabis & Hashish,Shake,500 Grams Great Kush Shake,"Sold by headachecure -
2 sold since May 5, 2016Î¾Î¾Vendor Level 2Î¾Trust Level 7",Purchase price: USD 500.00,8,Drugs & ChemicalsDrugs & Chemicals,Cannabis & Hashish,1oz Assorted Trim,"Buy price
USD 68.00

(0.0530 BTC)",Northwest Nuggets,null,1oz Assorted Trim,Cannabis & Hashish,Shake,1oz Assorted Trim,"Sold by Northwest Nuggets -
14 sold since Sep 11, 2015Î¾Î¾Vendor Level 2Î¾Trust Level 6",null,5,Drugs & ChemicalsDrugs & Chemicals,Cannabis & Hashish,25G WEED LEFT-OVER WITH BUDS,"Buy price
USD 119.08

(0.0928 BTC)",maybeline,"Views: 193 / Bids: Fixed price
Quantity left: Unlimited",25G WEED LEFT-OVER WITH BUDS,Cannabis & Hashish,Shake,25G WEED LEFT-OVER WITH BUDS,"Sold by maybeline -
0 sold since Jan 12, 2017Î¾Î¾Vendor Level 1Î¾Trust Level 4",Purchase price: USD 119.08,,Drugs & ChemicalsDrugs & Chemicals,Cannabis & Hashish,FB's: SHAKE SHOP [30g] (Fast & Discreet Worldwide Shipping) BULK PRICES ENABLED* FREE SHIPPING EVERYWHERE *,"Buy price
USD 150.00

(0.1170 BTC)",ferrisbueller,null,FB's: SHAKE SHOP [30g] (Fast & Discreet Worldwide Shipping) BULK PRICES ENABLED* FREE SHIPPING EVERYWHERE *,Cannabis & Hashish,Shake,FB's: SHAKE SHOP [30g] (Fast & Discreet Wo...,"Sold by ferrisbueller -
35 sold since Oct 27, 2015Î¾Î¾Vendor Level 8Î¾Trust Level 7",null,3,Drugs & ChemicalsDrugs & Chemicals,Cannabis & Hashish,10 gram +1 GRAM FREE high quality NLX weed from Amsterdam *(FREE SHIPPING WORLDWIDE)*,"Buy price
USD 87.00

(0.0678 BTC)",Amsterdam_Cannabis,"Views: 140 / Bids: Fixed price
Quantity left: Unlimited",10 gram +1 GRAM FREE high quality NLX weed from Amsterdam *(FREE SHIPPING WORLDWIDE)*,Cannabis & Hashish,Shake,10 gram +1 GRAM FREE high quality NLX weed from Am...,"Sold by Amsterdam_Cannabis -
0 sold since Dec 1, 2016Î¾Î¾Vendor Level 2Î¾Trust Level 4",Purchase price: USD 87.00,10,Drugs & ChemicalsDrugs & Chemicals,Cannabis & Hashish,50 gram high quality NLX weed from Amsterdam *(FREE SHIPPING WORLDWIDE)*,"Buy price
USD 400.00

(0.3119 BTC)",Amsterdam_Cannabis,"Views: 271 / Bids: Fixed price
Quantity left: Unlimited",50 gram high quality NLX weed from Amsterdam *(FREE SHIPPING WORLDWIDE)*,Cannabis & Hashish,Shake,50 gram high quality NLX weed from Amsterdam *(FRE...,"Sold by Amsterdam_Cannabis -
2 sold since Dec 1, 2016Î¾Î¾Vendor Level 2Î¾Trust Level 4",Purchase price: USD 400.00,8,Drugs & ChemicalsDrugs & Chemicals,Cannabis & Hashish,3.5g + SHAKE & SMALL BUDS + ADD ON ITEM ONLY,"Buy price
USD 18.75

(0.0146 BTC)",CaliforniaGreenCross,"Views: 343 / Bids: Fixed price
Quantity left: Unlimited",3.5g + SHAKE & SMALL BUDS + ADD ON ITEM ONLY,Cannabis & Hashish,Shake,3.5g + SHAKE & SMALL BUDS + ADD ON ITEM ONLY,"Sold by CaliforniaGreenCross -
6 sold since Jan 11, 2017Î¾Î¾Vendor Level 7Î¾Trust Level 6",Purchase price: USD 18.75,6,Drugs & ChemicalsDrugs & Chemicals,Cannabis & Hashish,SALE!!! 2G PURE WHITE WIDOW SHAKE FROM THE FIELDS OF CALI!!! FREE SAME DAY SHIPPING!!!,"Buy price
USD 15.00

(0.0117 BTC)",Longhorntxn,"Views: 603 / Bids: Fixed price
Quantity left: 5",SALE!!! 2G PURE WHITE WIDOW SHAKE FROM THE FIELDS OF CALI!!! FREE SAME DAY SHIPPING!!!,Cannabis & Hashish,Shake,SALE!!! 2G PURE WHITE WIDOW SHAKE FROM THE FIELDS ...,"Sold by Longhorntxn -
6 sold since Mar 2, 2016Î¾Î¾Vendor Level 1Î¾Trust Level 4",Purchase price: USD 15.00,7,Drugs & ChemicalsDrugs & Chemicals,Cannabis & Hashish,Lb Outdoor Trim,"Buy price
USD 500.00

(0.3899 BTC)",CaliKindness,"Views: 1536 / Bids: Fixed price
Quantity left: Unlimited",Lb Outdoor Trim,Cannabis & Hashish,Shake,Lb Outdoor Trim,"Sold by CaliKindness -
28 sold since Jan 20, 2016Î¾Î¾Vendor Level 8Î¾Trust Level 7",Purchase price: USD 500.00,3,Drugs & ChemicalsDrugs & Chemicals,Cannabis & Hashish,7g Small Buds/Shake Kandy Kush SALE!!!,"Buy price
USD 39.00

(0.0304 BTC)",citizen5,"Views: 685 / Bids: Fixed price
Quantity left: Unlimited",7g Small Buds/Shake Kandy Kush SALE!!!,Cannabis & Hashish,Shake,7g Small Buds/Shake Kandy Kush SALE!!!,"Sold by citizen5 -
13 sold since Nov 15, 2016Î¾Î¾Vendor Level 5Î¾Trust Level 5",Purchase price: USD 39.00,5,Drugs & ChemicalsDrugs & Chemicals,Cannabis & Hashish,**ONE OUNCE PREMIUM MARIJUANA** *28 Grams! **SPECIAL PREMIUM INDOOR** AMAZING PRICE FOR QUALITY AND QUICK SHIPPING!,"Buy price
USD 145.00

(0.1131 BTC)",DrFeelGO0d,"Views: 33 / Bids: Fixed price
Quantity left: Unlimited",**ONE OUNCE PREMIUM MARIJUANA** *28 Grams! **SPECIAL PREMIUM INDOOR** AMAZING PRICE FOR QUALITY AND QUICK SHIPPING!,Cannabis & Hashish,Shake,**ONE OUNCE PREMIUM MARIJUANA** *28 Grams! **SPECI...,"Sold by DrFeelGO0d -
0 sold since Apr 18, 2017Î¾Î¾Vendor Level 1Î¾Trust Level 4",Purchase price: USD 145.00,10,Drugs & ChemicalsDrugs & Chemicals,Cannabis & Hashish,2g AMNESIA HAZE ~germany,"Buy price
USD 13.21

(0.0103 BTC)",SugarToxic,"Views: 1000 / Bids: Fixed price
Quantity left: Unlimited",2g AMNESIA HAZE ~germany,Cannabis & Hashish,Shake,2g AMNESIA HAZE ~germany,"Sold by SugarToxic -
7 sold since Dec 14, 2015Î¾Î¾Vendor Level 1Î¾Trust Level 3",Purchase price: USD 13.21,6,Drugs & ChemicalsDrugs & Chemicals,Cannabis & Hashish,28G sugar trim / shake / small buds,"Buy price
USD 61.14

(0.0477 BTC)",MapleLeafCo,"Views: 3752 / Bids: Fixed price
Quantity left: Unlimited",28G sugar trim / shake / small buds,Cannabis & Hashish,Shake,28G sugar trim / shake / small buds,"Sold by MapleLeafCo -
49 sold since Aug 3, 2016Î¾Î¾Vendor Level 5Î¾Trust Level 5",Purchase price: USD 61.14,2,Drugs & ChemicalsDrugs & Chemicals,Cannabis & Hashish,HP Midgrade Trim,"Buy price
USD 140.00

(0.1092 BTC)",CaliKindness,"Views: 541 / Bids: Fixed price
Quantity left: Unlimited",HP Midgrade Trim,Cannabis & Hashish,Shake,HP Midgrade Trim,"Sold by CaliKindness -
5 sold since Nov 22, 2016Î¾Î¾Vendor Level 8Î¾Trust Level 7",Purchase price: USD 140.00,7,Drugs & ChemicalsDrugs & Chemicals,Cannabis & Hashish,10g Rest Weed Amnesia (Pure) Worldclass Medical Cannabis Quality AAA+++,"Buy price
USD 37.79

(0.0295 BTC)",DoktorGreen,null,10g Rest Weed Amnesia (Pure) Worldclass Medical Cannabis Quality AAA+++,Cannabis & Hashish,Shake,10g Rest Weed Amnesia (Pure) Worldclass Medical Ca...,"Sold by DoktorGreen -
9 sold since Jan 5, 2017Î¾Î¾Vendor Level 4Î¾Trust Level 4",Purchase price: USD 37.79,6,Drugs & ChemicalsDrugs & Chemicals,Cannabis & Hashish,20g Rest Weed Amnesia (Pure) Worldclass Medical Cannabis Quality AAA+++,"Buy price
USD 68.23

(0.0532 BTC)",DoktorGreen,null,20g Rest Weed Amnesia (Pure) Worldclass Medical Cannabis Quality AAA+++,Cannabis & Hashish,Shake,20g Rest Weed Amnesia (Pure) Worldclass Medical Ca...,"Sold by DoktorGreen -
6 sold since Jan 5, 2017Î¾Î¾Vendor Level 4Î¾Trust Level 4",Purchase price: USD 68.23,7,Drugs & ChemicalsDrugs & Chemicals,Cannabis & Hashish,"Š_Š“–50g HAZE-SHAKE (LEAFES, HAIRS & BUDPARTS)","Buy price
USD 148.36

(0.1157 BTC)",GermanShop,null,"Š_Š“–50g HAZE-SHAKE (LEAFES, HAIRS & BUDPARTS)",Cannabis & Hashish,Shake,"Š_Š“–50g HAZE-SHAKE (LEAFES, HAIRS & BUDPARTS)","Sold by GermanShop -
35 sold since Oct 15, 2015Î¾Î¾Vendor Level 6Î¾Trust Level 6",Purchase price: USD 148.36,3,Drugs & ChemicalsDrugs & Chemicals,Cannabis & Hashish,Micro G Pen Wax Pollen Oil Shatter Vaporizer,"Buy price
USD 35.00

(0.0273 BTC)",ESLight,"Views: 278 / Bids: Fixed price
Quantity left: Unlimited",Micro G Pen Wax Pollen Oil Shatter Vaporizer,Cannabis & Hashish,Shake,Micro G Pen Wax Pollen Oil Shatter Vaporizer,"Sold by ESLight -
0 sold since Nov 18, 2016Î¾Î¾Vendor Level 3Î¾Trust Level 6",Purchase price: USD 35.00,10,Drugs & ChemicalsDrugs & Chemicals,Cannabis & Hashish,25 gram high quality NLX weed from Amsterdam *(FREE SHIPPING WORLDWIDE)*,"Buy price
USD 200.00

(0.1559 BTC)",Amsterdam_Cannabis,"Views: 319 / Bids: Fixed price
Quantity left: Unlimited",25 gram high quality NLX weed from Amsterdam *(FREE SHIPPING WORLDWIDE)*,Cannabis & Hashish,Shake,25 gram high quality NLX weed from Amsterdam *(FRE...,"Sold by Amsterdam_Cannabis -
2 sold since Dec 1, 2016Î¾Î¾Vendor Level 2Î¾Trust Level 4",Purchase price: USD 200.00,8,Drugs & ChemicalsDrugs & Chemicals,Cannabis & Hashish,SALE!!! 2G PURE OG KUSH SHAKE FROM THE FIELDS OF CALI!!! FREE SAME DAY SHIPPING!!!,"Buy price
USD 12.00

(0.0094 BTC)",Longhorntxn,"Views: 924 / Bids: Fixed price
Quantity left: 7",SALE!!! 2G PURE OG KUSH SHAKE FROM THE FIELDS OF CALI!!! FREE SAME DAY SHIPPING!!!,Cannabis & Hashish,Shake,SALE!!! 2G PURE OG KUSH SHAKE FROM THE FIELDS OF C...,"Sold by Longhorntxn -
20 sold since Mar 2, 2016Î¾Î¾Vendor Level 1Î¾Trust Level 4",Purchase price: USD 12.00,4,Drugs & ChemicalsDrugs & Chemicals,Cannabis & Hashish,1 half pound qaulity blue cheese small bud trim mix!!!!!,"Buy price
USD 220.00

(0.1715 BTC)",Mendo_Dope,"Views: 32 / Bids: Fixed price
Quantity left: Unlimited",1 half pound qaulity blue cheese small bud trim mix!!!!!,Cannabis & Hashish,Shake,1 half pound qaulity blue cheese small bud trim mi...,"Sold by Mendo_Dope -
0 sold since Apr 24, 2017Î¾Î¾Vendor Level 1Î¾Trust Level 4",Purchase price: USD 220.00,9,Drugs & ChemicalsDrugs & Chemicals,Cannabis & Hashish,1 Pound of GIRL SCOUT COOKIE SHAKE *BRAND NEW TOPSHELF* [INDOOR],"Buy price
USD 550.00

(0.4289 BTC)",dank_green2,"Views: 2968 / Bids: Fixed price
Quantity left: 16",1 Pound of GIRL SCOUT COOKIE SHAKE *BRAND NEW TOPSHELF* [INDOOR],Cannabis & Hashish,Shake,1 Pound of GIRL SCOUT COOKIE SHAKE *BRAND NEW TOPS...,"Sold by dank_green2 -
30 sold since Oct 5, 2016Î¾Î¾Vendor Level 2Î¾Trust Level 5",Purchase price: USD 550.00,3,Drugs & ChemicalsDrugs & Chemicals,Cannabis & Hashish,TAHOE OG Shake 14g - Indoor (1/2 ounce),"Buy price
USD 75.00

(0.0585 BTC)",BudMasterGeneral,null,TAHOE OG Shake 14g - Indoor (1/2 ounce),Cannabis & Hashish,Shake,TAHOE OG Shake 14g - Indoor (1/2 ounce),"Sold by BudMasterGeneral -
7 sold since Dec 4, 2015Î¾Î¾Vendor Level 7Î¾Trust Level 6",Purchase price: USD 75.00,6,Drugs & ChemicalsDrugs & Chemicals,Cannabis & Hashish,"50 cents USD Buys One Lottery Ticket Š—– You Could Win 1.63 BTC Š—– Valid For Four Draws Š—– Next Drawing on Friday 3/10/-2017  For March Madness, you only have to match 4/5 instead of the standard 5/5Š—– PLAY CASH PANDA**$$**","Buy price
USD 0.50

(0.0004 BTC)",CashPanda,null,"50 cents USD Buys One Lottery Ticket Š—– You Could Win 1.63 BTC Š—– Valid For Four Draws Š—– Next Drawing on Friday 3/10/-2017  For March Madness, you only have to match 4/5 instead of the standard 5/5Š—– PLAY CASH PANDA**$$**",Cannabis & Hashish,Shake,50 cents USD Buys One Lottery Ticket Š—– You Could W...,"Sold by CashPanda -
2 sold since Jan 7, 2017Î¾Î¾Vendor Level 1Î¾Trust Level 4",Purchase price: USD 0.50,8,Drugs & ChemicalsDrugs & Chemicals,Cannabis & Hashish,LBS Gizz Bomb AA Indoor weed,"Buy price
USD 1,007.61

(0.7856 BTC)",TorontoHookers,"Views: 403 / Bids: Fixed price
Quantity left: Unlimited",LBS Gizz Bomb AA Indoor weed,Cannabis & Hashish,Shake,LBS Gizz Bomb AA Indoor weed,"Sold by TorontoHookers -
0 sold since Dec 22, 2016Î¾Î¾Vendor Level 1Î¾Trust Level 5","Purchase price: USD 1,007.61",9,Drugs & ChemicalsDrugs & Chemicals,Cannabis & Hashish,TAHOE OG Shake 7g - Indoor (1/4 ounce),"Buy price
USD 45.00

(0.0351 BTC)",BudMasterGeneral,null,TAHOE OG Shake 7g - Indoor (1/4 ounce),Cannabis & Hashish,Shake,TAHOE OG Shake 7g - Indoor (1/4 ounce),"Sold by BudMasterGeneral -
7 sold since Dec 4, 2015Î¾Î¾Vendor Level 7Î¾Trust Level 6",Purchase price: USD 45.00,6,Drugs & ChemicalsDrugs & Chemicals,Cannabis & Hashish,AAAA + SHAKE&TRIM COMBO 7 GRAMS,"Buy price
USD 37.72

(0.0294 BTC)",dankofengland1,"Views: 2288 / Bids: Fixed price
Quantity left: Unlimited",AAAA + SHAKE&TRIM COMBO 7 GRAMS,Cannabis & Hashish,Shake,AAAA + SHAKE&TRIM COMBO 7 GRAMS,"Sold by dankofengland1 -
63 sold since Feb 3, 2017Î¾Î¾Vendor Level 7Î¾Trust Level 5",Purchase price: USD 37.72,2,Drugs & ChemicalsDrugs & Chemicals,Cannabis & Hashish,Assorted  TRIM 14g (1/2 Ounce),"Buy price
USD 39.99

(0.0312 BTC)",BudMasterGeneral,"Views: 852 / Bids: Fixed price
Quantity left: 4",Assorted  TRIM 14g (1/2 Ounce),Cannabis & Hashish,Shake,Assorted  TRIM 14g (1/2 Ounce),"Sold by BudMasterGeneral -
11 sold since Apr 15, 2016Î¾Î¾Vendor Level 7Î¾Trust Level 6",Purchase price: USD 39.99,5,Drugs & ChemicalsDrugs & Chemicals,Cannabis & Hashish,Lemon Kush Shake_1 lb,"Buy price
USD 255.00

(0.1988 BTC)",0hp1,null,Lemon Kush Shake_1 lb,Cannabis & Hashish,Shake,Lemon Kush Shake_1 lb,"Sold by 0hp1 -
1 sold since Apr 17, 2017Î¾Î¾Vendor Level 2Î¾Trust Level 4",null,8,Drugs & ChemicalsDrugs & Chemicals,Cannabis & Hashish,14g Assorted Trim,"Buy price
USD 37.00

(0.0289 BTC)",Northwest Nuggets,"Views: 1252 / Bids: Fixed price
Quantity left: 2",14g Assorted Trim,Cannabis & Hashish,Shake,14g Assorted Trim,"Sold by Northwest Nuggets -
11 sold since Sep 11, 2015Î¾Î¾Vendor Level 2Î¾Trust Level 6",Purchase price: USD 37.00,5,Drugs & ChemicalsDrugs & Chemicals,Cannabis & Hashish,15  gram high quality NLX weed from Amsterdam *(FREE SHIPPING WORLDWIDE)*,"Buy price
USD 120.00

(0.0936 BTC)",Amsterdam_Cannabis,"Views: 137 / Bids: Fixed price
Quantity left: Unlimited",15  gram high quality NLX weed from Amsterdam *(FREE SHIPPING WORLDWIDE)*,Cannabis & Hashish,Shake,15  gram high quality NLX weed from Amsterdam *(FR...,"Sold by Amsterdam_Cannabis -
0 sold since Dec 1, 2016Î¾Î¾Vendor Level 2Î¾Trust Level 4",Purchase price: USD 120.00,,Drugs & ChemicalsDrugs & Chemicals,Cannabis & Hashish,"1 lb Organic, mixed shake! Fire quality!","Buy price
USD 800.00

(0.6238 BTC)",NCNUGS,"Views: 11 / Bids: Fixed price
Quantity left: Unlimited","1 lb Organic, mixed shake! Fire quality!",Cannabis & Hashish,Shake,"1 lb Organic, mixed shake! Fire quality!","Sold by NCNUGS -
0 sold since Apr 21, 2017Î¾Î¾Vendor Level 1Î¾Trust Level 3",null,10,Drugs & ChemicalsDrugs & Chemicals,Cannabis & Hashish,AAAA + SHAKE&TRIM COMBO 14 GRAMS,"Buy price
USD 62.86

(0.0490 BTC)",dankofengland1,"Views: 1415 / Bids: Fixed price
Quantity left: Unlimited",AAAA + SHAKE&TRIM COMBO 14 GRAMS,Cannabis & Hashish,Shake,AAAA + SHAKE&TRIM COMBO 14 GRAMS,"Sold by dankofengland1 -
40 sold since Feb 3, 2017Î¾Î¾Vendor Level 7Î¾Trust Level 5",Purchase price: USD 62.86,3,Drugs & ChemicalsDrugs & Chemicals,Cannabis & Hashish,1 Pound Indoor Marijuana Trim (FE) Good For Edibles,"Buy price
USD 250.00

(0.1950 BTC)",CaliCannabisClub,null,1 Pound Indoor Marijuana Trim (FE) Good For Edibles,Cannabis & Hashish,Shake,1 Pound Indoor Marijuana Trim (FE) Good For Edible...,"Sold by CaliCannabisClub -
31 sold since Nov 9, 2016Î¾Î¾Vendor Level 4Î¾Trust Level 5",Purchase price: USD 250.00,3,Drugs & ChemicalsDrugs & Chemicals,Cannabis & Hashish,50G WEED LEFT-OVER WITH BUDS,"Buy price
USD 254.38

(0.1983 BTC)",maybeline,"Views: 197 / Bids: Fixed price
Quantity left: Unlimited",50G WEED LEFT-OVER WITH BUDS,Cannabis & Hashish,Shake,50G WEED LEFT-OVER WITH BUDS,"Sold by maybeline -
0 sold since Jan 12, 2017Î¾Î¾Vendor Level 1Î¾Trust Level 4",Purchase price: USD 254.38,9,Drugs & ChemicalsDrugs & Chemicals,Cannabis & Hashish,PREMIUM BUD SHAKE  7PIPE TWISTY GLASS BLUNT GOLD,"Buy price
USD 69.99

(0.0546 BTC)",BudMasterGeneral,"Views: 564 / Bids: Fixed price
Quantity left: 3",PREMIUM BUD SHAKE  7PIPE TWISTY GLASS BLUNT GOLD,Cannabis & Hashish,Shake,PREMIUM BUD SHAKE  7PIPE TWISTY GLASS BLUNT GOLD,"Sold by BudMasterGeneral -
4 sold since Nov 5, 2016Î¾Î¾Vendor Level 7Î¾Trust Level 6",Purchase price: USD 69.99,7,Drugs & ChemicalsDrugs & Chemicals,Cannabis & Hashish,"1/2 lb Organic, mixed shake! Fire quality!","Buy price
USD 450.00

(0.3509 BTC)",NCNUGS,null,"1/2 lb Organic, mixed shake! Fire quality!",Cannabis & Hashish,Shake,"1/2 lb Organic, mixed shake! Fire quality!","Sold by NCNUGS -
0 sold since Apr 21, 2017Î¾Î¾Vendor Level 1Î¾Trust Level 3",Purchase price: USD 450.00,,Drugs & ChemicalsDrugs & Chemicals,Cannabis & Hashish,"1g American Asian ""Cheese"" Popcorn Buds | Shake | Bulk Options Please","Buy price
USD 17.20

(0.0134 BTC)",slasher1er,null,"1g American Asian ""Cheese"" Popcorn Buds | Shake | Bulk Options Please",Cannabis & Hashish,Shake,"1g American Asian ""Cheese"" Popcorn Buds ...","Sold by slasher1er -
9 sold since Apr 1, 2017Î¾Î¾Vendor Level 1Î¾Trust Level 3",null,6,Drugs & ChemicalsDrugs & Chemicals,Cannabis & Hashish,Half Pound Indoor Trim for Baking Edibles (ESCROW) FREE SHIPPING,"Buy price
USD 175.00

(0.1365 BTC)",CaliCannabisClub,"Views: 1550 / Bids: Fixed price
Quantity left: Unlimited",Half Pound Indoor Trim for Baking Edibles (ESCROW) FREE SHIPPING,Cannabis & Hashish,Shake,Half Pound Indoor Trim for Baking Edibles (ESCROW)...,"Sold by CaliCannabisClub -
42 sold since Oct 22, 2016Î¾Î¾Vendor Level 4Î¾Trust Level 5",Purchase price: USD 175.00,3,Drugs & ChemicalsDrugs & Chemicals,Cannabis & Hashish,1g JACK HERER  ~germany,"Buy price
USD 5.46

(0.0043 BTC)",SugarToxic,"Views: 352 / Bids: Fixed price
Quantity left: Unlimited",1g JACK HERER  ~germany,Cannabis & Hashish,Shake,1g JACK HERER  ~germany,"Sold by SugarToxic -
0 sold since Dec 22, 2015Î¾Î¾Vendor Level 1Î¾Trust Level 3",Purchase price: USD 5.46,,Drugs & ChemicalsDrugs & Chemicals,Cannabis & Hashish,300 Grams Great Kush Shake,"Buy price
USD 300.00

(0.2339 BTC)",headachecure,null,300 Grams Great Kush Shake,Cannabis & Hashish,Shake,300 Grams Great Kush Shake,"Sold by headachecure -
17 sold since Apr 3, 2015Î¾Î¾Vendor Level 2Î¾Trust Level 7",Purchase price: USD 300.00,4,Drugs & ChemicalsDrugs & Chemicals,Cannabis & Hashish,Strawberry OG Shake_1 lb,"Buy price
USD 265.00

(0.2066 BTC)",0hp1,null,Strawberry OG Shake_1 lb,Cannabis & Hashish,Shake,Strawberry OG Shake_1 lb,"Sold by 0hp1 -
1 sold since Apr 17, 2017Î¾Î¾Vendor Level 2Î¾Trust Level 4",null,8,Drugs & ChemicalsDrugs & Chemicals,Cannabis & Hashish,Weedmix BubbleGum 1 gram (free shipping),"Buy price
USD 6.79

(0.0053 BTC)",TheGreenGrocer,"Views: 1812 / Bids: Fixed price
Quantity left: Unlimited",Weedmix BubbleGum 1 gram (free shipping),Cannabis & Hashish,Shake,Weedmix BubbleGum 1 gram (free shipping),"Sold by TheGreenGrocer -
77 sold since Apr 18, 2016Î¾Î¾Vendor Level 5Î¾Trust Level 5",Purchase price: USD 6.79,2,Drugs & ChemicalsDrugs & Chemicals,Cannabis & Hashish,FE - HP - SHAKE- 224g - BULK Medical Marijuana,"Buy price
USD 450.00

(0.3509 BTC)",GreenMachiner,"Views: 503 / Bids: Fixed price
Quantity left: 5",FE - HP - SHAKE- 224g - BULK Medical Marijuana,Cannabis & Hashish,Shake,FE - HP - SHAKE- 224g - BULK Medical Marijuana,"Sold by GreenMachiner -
11 sold since Oct 29, 2016Î¾Î¾Vendor Level 10Î¾Trust Level 10",Purchase price: USD 450.00,5,Drugs & ChemicalsDrugs & Chemicals,Cannabis & Hashish,BUD SHAKE + BMG 7PIPE TWISTY GLASS BLUNT*SILVER*,"Buy price
USD 64.99

(0.0507 BTC)",BudMasterGeneral,"Views: 296 / Bids: Fixed price
Quantity left: 3",BUD SHAKE + BMG 7PIPE TWISTY GLASS BLUNT*SILVER*,Cannabis & Hashish,Shake,BUD SHAKE + BMG 7PIPE TWISTY GLASS BLUNT*SILVER*,"Sold by BudMasterGeneral -
0 sold since Nov 5, 2016Î¾Î¾Vendor Level 7Î¾Trust Level 6",Purchase price: USD 64.99,9,Drugs & ChemicalsDrugs & Chemicals,Cannabis & Hashish,QP - 1/4 lb - Organic Trim - Berry White,"Buy price
USD 110.00

(0.0858 BTC)",ApexGreens,null,QP - 1/4 lb - Organic Trim - Berry White,Cannabis & Hashish,Shake,QP - 1/4 lb - Organic Trim - Berry White,"Sold by ApexGreens -
18 sold since Jan 26, 2017Î¾Î¾Vendor Level 3Î¾Trust Level 4",Purchase price: USD 110.00,4,Drugs & ChemicalsDrugs & Chemicals,Cannabis & Hashish,Tangie Shake 7 GRAM,"Buy price
USD 35.00

(0.0273 BTC)",BudMasterGeneral,"Views: 1893 / Bids: Fixed price
Quantity left: 6",Tangie Shake 7 GRAM,Cannabis & Hashish,Shake,Tangie Shake 7 GRAM,"Sold by BudMasterGeneral -
32 sold since Jun 30, 2016Î¾Î¾Vendor Level 7Î¾Trust Level 6",Purchase price: USD 35.00,3,Drugs & ChemicalsDrugs & Chemicals,Cannabis & Hashish,112G sugar trim / shake / small buds,"Buy price
USD 183.40

(0.1430 BTC)",MapleLeafCo,"Views: 1287 / Bids: Fixed price
Quantity left: Unlimited",112G sugar trim / shake / small buds,Cannabis & Hashish,Shake,112G sugar trim / shake / small buds,"Sold by MapleLeafCo -
11 sold since Aug 15, 2016Î¾Î¾Vendor Level 5Î¾Trust Level 5",Purchase price: USD 183.40,5,Drugs & ChemicalsDrugs & Chemicals,Cannabis & Hashish,BUD SHAKE 7g - Assorted Indoor (1/4 ounce),"Buy price
USD 45.00

(0.0351 BTC)",BudMasterGeneral,"Views: 2557 / Bids: Fixed price
Quantity left: 9",BUD SHAKE 7g - Assorted Indoor (1/4 ounce),Cannabis & Hashish,Shake,BUD SHAKE 7g - Assorted Indoor (1/4 ounce),"Sold by BudMasterGeneral -
34 sold since Sep 9, 2015Î¾Î¾Vendor Level 7Î¾Trust Level 6",Purchase price: USD 45.00,3,Drugs & ChemicalsDrugs & Chemicals,Cannabis & Hashish,7 Grams trim/popcorn nugs broken down,"Buy price
USD 20.00

(0.0156 BTC)",TeenWolf,"Views: 1912 / Bids: Fixed price
Quantity left: Unlimited",7 Grams trim/popcorn nugs broken down,Cannabis & Hashish,Shake,7 Grams trim/popcorn nugs broken down,"Sold by TeenWolf -
23 sold since Dec 2, 2016Î¾Î¾Vendor Level 2Î¾Trust Level 6",Purchase price: USD 20.00,4,Drugs & ChemicalsDrugs & Chemicals,Cannabis & Hashish,Lb Midgrade Trim,"Buy price
USD 250.00

(0.1950 BTC)",CaliKindness,"Views: 498 / Bids: Fixed price
Quantity left: Unlimited",Lb Midgrade Trim,Cannabis & Hashish,Shake,Lb Midgrade Trim,"Sold by CaliKindness -
5 sold since Nov 22, 2016Î¾Î¾Vendor Level 8Î¾Trust Level 7",Purchase price: USD 250.00,7,Drugs & ChemicalsDrugs & Chemicals,Cannabis & Hashish,10G WEED LEFT-OVER WITH BUDS,"Buy price
USD 45.58

(0.0355 BTC)",maybeline,"Views: 508 / Bids: Fixed price
Quantity left: Unlimited",10G WEED LEFT-OVER WITH BUDS,Cannabis & Hashish,Shake,10G WEED LEFT-OVER WITH BUDS,"Sold by maybeline -
12 sold since Jan 12, 2017Î¾Î¾Vendor Level 1Î¾Trust Level 4",Purchase price: USD 45.58,5,Drugs & ChemicalsDrugs & Chemicals,Cannabis & Hashish,1oz Premium Shake,"Buy price
USD 100.00

(0.0780 BTC)",Budsnroses,"Views: 3915 / Bids: Fixed price
Quantity left: Unlimited",1oz Premium Shake,Cannabis & Hashish,Shake,1oz Premium Shake,"Sold by Budsnroses -
64 sold since Nov 18, 2015Î¾Î¾Vendor Level 3Î¾Trust Level 6",Purchase price: USD 100.00,2,Drugs & ChemicalsDrugs & Chemicals,Cannabis & Hashish,10g High quality Trim/Shake cannabis,"Buy price
USD 31.20

(0.0243 BTC)",HelIoKitty,"Views: 857 / Bids: Fixed price
Quantity left: Unlimited",10g High quality Trim/Shake cannabis,Cannabis & Hashish,Shake,10g High quality Trim/Shake cannabis,"Sold by HelIoKitty -
5 sold since Dec 18, 2016Î¾Î¾Vendor Level 1Î¾Trust Level 4",Purchase price: USD 31.20,7,Drugs & ChemicalsDrugs & Chemicals,Cannabis & Hashish,28gr-1oz Purple Kush trim Good Outdoor,"Buy price
USD 34.99

(0.0273 BTC)",million-grower,null,28gr-1oz Purple Kush trim Good Outdoor,Cannabis & Hashish,Shake,28gr-1oz Purple Kush trim Good Outdoor,"Sold by million-grower -
24 sold since Oct 21, 2016Î¾Î¾Vendor Level 2Î¾Trust Level 4",Purchase price: USD 34.99,3,Drugs & ChemicalsDrugs & Chemicals,Cannabis & Hashish,Half Ounce of Fire _™”ÇGrandDaddyPurps Indoor,"Buy price
USD 125.00

(0.0975 BTC)",MaryJanesCloset,"Views: 473 / Bids: Fixed price
Quantity left: Unlimited",Half Ounce of Fire _™”ÇGrandDaddyPurps Indoor,Cannabis & Hashish,Shake,Half Ounce of Fire _™”ÇGrandDaddyPurps Indoor,"Sold by MaryJanesCloset -
0 sold since May 29, 2016Î¾Î¾Vendor Level 1Î¾Trust Level 3",Purchase price: USD 125.00,,Drugs & ChemicalsDrugs & Chemicals,Cannabis & Hashish,QP - 1/4 lb - Organic Trim - Gummi Bear,"Buy price
USD 110.00

(0.0858 BTC)",ApexGreens,null,QP - 1/4 lb - Organic Trim - Gummi Bear,Cannabis & Hashish,Shake,QP - 1/4 lb - Organic Trim - Gummi Bear,"Sold by ApexGreens -
6 sold since Feb 16, 2017Î¾Î¾Vendor Level 3Î¾Trust Level 4",Purchase price: USD 110.00,6,Drugs & ChemicalsDrugs & Chemicals,Cannabis & Hashish,"10 high quality PRE-ROLLED JOINTS. 1 gram each, are MADE FROM SMALL BUDS AND SHAKE ONLY.","Buy price
USD 84.90

(0.0662 BTC)",joeybagadonuts,null,"10 high quality PRE-ROLLED JOINTS. 1 gram each, are MADE FROM SMALL BUDS AND SHAKE ONLY.",Cannabis & Hashish,Shake,"10 high quality PRE-ROLLED JOINTS. 1 gram each, ar...","Sold by joeybagadonuts -
1 sold since Jan 25, 2016Î¾Î¾Vendor Level 4Î¾Trust Level 5",Purchase price: USD 84.90,9,Drugs & ChemicalsDrugs & Chemicals,Cannabis & Hashish,100 gram high quality NLX weed from Amsterdam,"Buy price
USD 750.00

(0.5848 BTC)",Amsterdam_Cannabis,"Views: 90 / Bids: Fixed price
Quantity left: Unlimited",100 gram high quality NLX weed from Amsterdam,Cannabis & Hashish,Shake,100 gram high quality NLX weed from Amsterdam,"Sold by Amsterdam_Cannabis -
0 sold since Feb 26, 2017Î¾Î¾Vendor Level 2Î¾Trust Level 4",Purchase price: USD 750.00,10,Drugs & ChemicalsDrugs & Chemicals,Cannabis & Hashish,TAHOE OG Shake 28g - Indoor (1 ounce),"Buy price
USD 135.00

(0.1053 BTC)",BudMasterGeneral,null,TAHOE OG Shake 28g - Indoor (1 ounce),Cannabis & Hashish,Shake,TAHOE OG Shake 28g - Indoor (1 ounce),"Sold by BudMasterGeneral -
6 sold since Dec 4, 2015Î¾Î¾Vendor Level 7Î¾Trust Level 6",Purchase price: USD 135.00,7,Drugs & ChemicalsDrugs & Chemicals,Cannabis & Hashish,FE - 1LB - SHAKE- 448g - BULK Medical Marijuana,"Buy price
USD 850.00

(0.6628 BTC)",GreenMachiner,"Views: 1545 / Bids: Fixed price
Quantity left: 2",FE - 1LB - SHAKE- 448g - BULK Medical Marijuana,Cannabis & Hashish,Shake,FE - 1LB - SHAKE- 448g - BULK Medical Marijuana,"Sold by GreenMachiner -
23 sold since Jan 26, 2016Î¾Î¾Vendor Level 10Î¾Trust Level 10",Purchase price: USD 850.00,4,Drugs & ChemicalsDrugs & Chemicals,Cannabis & Hashish,LBS Gizz Bomb Shake 450 grams,"Buy price
USD 350.79

(0.2735 BTC)",TorontoHookers,null,LBS Gizz Bomb Shake 450 grams,Cannabis & Hashish,Shake,LBS Gizz Bomb Shake 450 grams,"Sold by TorontoHookers -
2 sold since Dec 22, 2016Î¾Î¾Vendor Level 1Î¾Trust Level 5",Purchase price: USD 350.79,8,Drugs & ChemicalsDrugs & Chemicals,Cannabis & Hashish,1g AMNESIA HAZE ~germany,"Buy price
USD 7.60

(0.0059 BTC)",SugarToxic,"Views: 956 / Bids: Fixed price
Quantity left: Unlimited",1g AMNESIA HAZE ~germany,Cannabis & Hashish,Shake,1g AMNESIA HAZE ~germany,"Sold by SugarToxic -
8 sold since Dec 16, 2015Î¾Î¾Vendor Level 1Î¾Trust Level 3",Purchase price: USD 7.60,6,Drugs & ChemicalsDrugs & Chemicals,Cannabis & Hashish,1 LB of OG Kush Shake/Trim,"Buy price
USD 400.00

(0.3119 BTC)",houseofdank,"Views: 1220 / Bids: Fixed price
Quantity left: Unlimited",1 LB of OG Kush Shake/Trim,Cannabis & Hashish,Shake,1 LB of OG Kush Shake/Trim,"Sold by houseofdank -
5 sold since Sep 19, 2016Î¾Î¾Vendor Level 3Î¾Trust Level 4",Purchase price: USD 400.00,7,Drugs & ChemicalsDrugs & Chemicals,Cannabis & Hashish,10g Schnittreste Trim,"Buy price
USD 25.60

(0.0200 BTC)",superieure,"Views: 632 / Bids: Fixed price
Quantity left: Unlimited",10g Schnittreste Trim,Cannabis & Hashish,Shake,10g Schnittreste Trim,"Sold by superieure -
3 sold since Jun 15, 2016Î¾Î¾Vendor Level 2Î¾Trust Level 5",Purchase price: USD 25.60,8,Drugs & ChemicalsDrugs & Chemicals,Cannabis & Hashish,2g JACK HERER  ~germany,"Buy price
USD 7.99

(0.0062 BTC)",SugarToxic,"Views: 351 / Bids: Fixed price
Quantity left: Unlimited",2g JACK HERER  ~germany,Cannabis & Hashish,Shake,2g JACK HERER  ~germany,"Sold by SugarToxic -
0 sold since Dec 22, 2015Î¾Î¾Vendor Level 1Î¾Trust Level 3",Purchase price: USD 7.99,9,Drugs & ChemicalsDrugs & Chemicals,Cannabis & Hashish,"40g CNA's Orignal Amnesia, Indoor Grown HYDRO Very high THC level. Promotional Price.","Buy price
USD 375.39

(0.2927 BTC)",CartelNorteAfrica,"Views: 61 / Bids: Fixed price
Quantity left: Unlimited","40g CNA's Orignal Amnesia, Indoor Grown HYDRO Very high THC level. Promotional Price.",Cannabis & Hashish,Shake,"40g CNA's Orignal Amnesia, Indoor Grown HYDRO ...","Sold by CartelNorteAfrica -
0 sold since Mar 28, 2017Î¾Î¾Vendor Level 5Î¾Trust Level 4",Purchase price: USD 375.39,,Drugs & ChemicalsDrugs & Chemicals,Cannabis & Hashish,Weedmix BubbleGum 5 gram (free shipping),"Buy price
USD 27.17

(0.0212 BTC)",TheGreenGrocer,"Views: 786 / Bids: Fixed price
Quantity left: Unlimited",Weedmix BubbleGum 5 gram (free shipping),Cannabis & Hashish,Shake,Weedmix BubbleGum 5 gram (free shipping),"Sold by TheGreenGrocer -
21 sold since Apr 18, 2016Î¾Î¾Vendor Level 5Î¾Trust Level 5",Purchase price: USD 27.17,4,Drugs & ChemicalsDrugs & Chemicals,Cannabis & Hashish,30 gram high quality NLX weed from Amsterdam *(FREE SHIPPING WORLDWIDE)*,"Buy price
USD 328.00

(0.2557 BTC)",Amsterdam_Cannabis,"Views: 67 / Bids: Fixed price
Quantity left: Unlimited",30 gram high quality NLX weed from Amsterdam *(FREE SHIPPING WORLDWIDE)*,Cannabis & Hashish,Shake,30 gram high quality NLX weed from Amsterdam *(FRE...,"Sold by Amsterdam_Cannabis -
0 sold since Dec 1, 2016Î¾Î¾Vendor Level 2Î¾Trust Level 4",Purchase price: USD 328.00,,Drugs & ChemicalsDrugs & Chemicals,Cannabis & Hashish,14g [Utopic's] Top Shelf Shake / Popcorn Nug,"Buy price
USD 45.00

(0.0351 BTC)",utopic,null,14g [Utopic's] Top Shelf Shake / Popcorn Nug,Cannabis & Hashish,Shake,14g [Utopic's] Top Shelf Shake / Popcorn Nug,"Sold by utopic -
22 sold since Dec 2, 2015Î¾Î¾Vendor Level 7Î¾Trust Level 7",Purchase price: USD 45.00,4,Drugs & ChemicalsDrugs & Chemicals,Cannabis & Hashish,112g | 4oz [Utopic's] Top Shelf Shake / Popcorn Nug,"Buy price
USD 250.00

(0.1950 BTC)",utopic,null,112g | 4oz [Utopic's] Top Shelf Shake / Popcorn Nug,Cannabis & Hashish,Shake,112g | 4oz [Utopic's] Top Shelf Shake / Popcor...,"Sold by utopic -
4 sold since Aug 6, 2016Î¾Î¾Vendor Level 7Î¾Trust Level 7",Purchase price: USD 250.00,7,Drugs & ChemicalsDrugs & Chemicals,Cannabis & Hashish,Tangie Shake 28 GRAM,"Buy price
USD 135.95

(0.1060 BTC)",BudMasterGeneral,"Views: 1273 / Bids: Fixed price
Quantity left: 5",Tangie Shake 28 GRAM,Cannabis & Hashish,Shake,Tangie Shake 28 GRAM,"Sold by BudMasterGeneral -
10 sold since Jun 30, 2016Î¾Î¾Vendor Level 7Î¾Trust Level 6",Purchase price: USD 135.95,5,Drugs & ChemicalsDrugs & Chemicals,Cannabis & Hashish,2oz Assorted Trim,"Buy price
USD 125.00

(0.0975 BTC)",Northwest Nuggets,"Views: 75 / Bids: Fixed price
Quantity left: 2",2oz Assorted Trim,Cannabis & Hashish,Shake,2oz Assorted Trim,"Sold by Northwest Nuggets -
0 sold since Mar 1, 2017Î¾Î¾Vendor Level 2Î¾Trust Level 6",Purchase price: USD 125.00,9,Drugs & ChemicalsDrugs & Chemicals,Cannabis & Hashish,3G WEED LEFT-OVER WITH BUDS,"Buy price
USD 14.31

(0.0112 BTC)",maybeline,"Views: 556 / Bids: Fixed price
Quantity left: Unlimited",3G WEED LEFT-OVER WITH BUDS,Cannabis & Hashish,Shake,3G WEED LEFT-OVER WITH BUDS,"Sold by maybeline -
11 sold since Jan 12, 2017Î¾Î¾Vendor Level 1Î¾Trust Level 4",Purchase price: USD 14.31,5,Drugs & ChemicalsDrugs & Chemicals,Cannabis & Hashish,$1.00 USD Buys One Lottery Ticket Š—– You Could Win 1.63 BTC Š—– Valid For Four Draws Š—– Winning Numbers Drawn Every Friday Š—– PLAY CASH PANDA**$$**What Are Your Lucky Numbers?,"Buy price
USD 1.00

(0.0008 BTC)",CashPanda,"Views: 90 / Bids: Fixed price
Quantity left: Unlimited",$1.00 USD Buys One Lottery Ticket Š—– You Could Win 1.63 BTC Š—– Valid For Four Draws Š—– Winning Numbers Drawn Every Friday Š—– PLAY CASH PANDA**$$**What Are Your Lucky Numbers?,Cannabis & Hashish,Shake,$1.00 USD Buys One Lottery Ticket Š—– You Could Win ...,"Sold by CashPanda -
1 sold since Mar 11, 2017Î¾Î¾Vendor Level 1Î¾Trust Level 4",Purchase price: USD 1.00,9,Drugs & ChemicalsDrugs & Chemicals,Cannabis & Hashish,100 G ~ Amnesia Haze Rest Weed Cannabis AAA+ HIGH QUALITY BELGIUM SHIPPING,"Buy price
USD 263.66

(0.2056 BTC)",DutchCandySh0p,null,100 G ~ Amnesia Haze Rest Weed Cannabis AAA+ HIGH QUALITY BELGIUM SHIPPING,Cannabis & Hashish,Shake,100 G ~ Amnesia Haze Rest Weed Cannabis AAA+ HIGH ...,"Sold by DutchCandySh0p -
8 sold since Jan 16, 2016Î¾Î¾Vendor Level 7Î¾Trust Level 6",Purchase price: USD 263.66,6,Drugs & ChemicalsDrugs & Chemicals,Cannabis & Hashish,56G sugar trim / shake / small buds,"Buy price
USD 106.99

(0.0834 BTC)",MapleLeafCo,"Views: 1715 / Bids: Fixed price
Quantity left: Unlimited",56G sugar trim / shake / small buds,Cannabis & Hashish,Shake,56G sugar trim / shake / small buds,"Sold by MapleLeafCo -
25 sold since Aug 13, 2016Î¾Î¾Vendor Level 5Î¾Trust Level 5",Purchase price: USD 106.99,3,Drugs & ChemicalsDrugs & Chemicals,Cannabis & Hashish,RAW Lean Size ORGANIC Hemp Pre-Rolled Cones With Filter (100 Pack),"Buy price
USD 32.90

(0.0257 BTC)",TheH1tMan,null,RAW Lean Size ORGANIC Hemp Pre-Rolled Cones With Filter (100 Pack),Cannabis & Hashish,Shake,RAW Lean Size ORGANIC Hemp Pre-Rolled Cones With F...,"Sold by TheH1tMan -
0 sold since Mar 9, 2017Î¾Î¾Vendor Level 1Î¾Trust Level 3",Purchase price: USD 32.90,9,Drugs & ChemicalsDrugs & Chemicals,Cannabis & Hashish,14g [FE] OG Kush Trim,"Buy price
USD 35.00

(0.0273 BTC)",DiscountDepot,"Views: 1722 / Bids: Fixed price
Quantity left: Unlimited",14g [FE] OG Kush Trim,Cannabis & Hashish,Shake,14g [FE] OG Kush Trim,"Sold by DiscountDepot -
8 sold since Jun 26, 2016Î¾Î¾Vendor Level 6Î¾Trust Level 5",Purchase price: USD 35.00,6,Drugs & ChemicalsDrugs & Chemicals,Cannabis & Hashish,**1 Lb of Sour diesel Trim/Shake**,"Buy price
USD 200.00

(0.1560 BTC)",BestBuymeds,"Views: 506 / Bids: Fixed price
Quantity left: Unlimited",**1 Lb of Sour diesel Trim/Shake**,Cannabis & Hashish,Shake,**1 Lb of Sour diesel Trim/Shake**,"Sold by BestBuymeds -
3 sold since Mar 13, 2017Î¾Î¾Vendor Level 1Î¾Trust Level 5",Purchase price: USD 200.00,7,Drugs & ChemicalsDrugs & Chemicals,Cannabis & Hashish,$250 LB of close trim and tiny nugs Lemon Haze trim shake 448 grams,"Buy price
USD 250.00

(0.1949 BTC)",norcalnugz,"Views: 44 / Bids: Fixed price
Quantity left: 2",$250 LB of close trim and tiny nugs Lemon Haze trim shake 448 grams,Cannabis & Hashish,Shake,$250 LB of close trim and tiny nugs Lemon Haze tri...,"Sold by norcalnugz -
0 sold since Apr 22, 2017Î¾Î¾Vendor Level 1Î¾Trust Level 3",Purchase price: USD 250.00,9,Drugs & ChemicalsDrugs & Chemicals,Cannabis & Hashish,1 oz of shake/trim,"Buy price
USD 35.00

(0.0273 BTC)",448GRAMS,"Views: 823 / Bids: Fixed price
Quantity left: Unlimited",1 oz of shake/trim,Cannabis & Hashish,Shake,1 oz of shake/trim,"Sold by 448GRAMS -
7 sold since Feb 6, 2017Î¾Î¾Vendor Level 1Î¾Trust Level 3",Purchase price: USD 35.00,6,Drugs & ChemicalsDrugs & Chemicals,Cannabis & Hashish,3.5g of good quality shake,"Buy price
USD 28.45

(0.0222 BTC)",rivaldealer,"Views: 513 / Bids: Fixed price
Quantity left: Unlimited",3.5g of good quality shake,Cannabis & Hashish,Shake,3.5g of good quality shake,"Sold by rivaldealer -
1 sold since Mar 10, 2016Î¾Î¾Vendor Level 1Î¾Trust Level 5",Purchase price: USD 28.45,9,Drugs & ChemicalsDrugs & Chemicals,Cannabis & Hashish,TradeRoute Market - Free Pass to login!!!,"Buy price
USD 0.00

(0.0000 BTC)",oildabber,"Views: 128 / Bids: Fixed price
Quantity left: Unlimited",TradeRoute Market - Free Pass to login!!!,Cannabis & Hashish,Shake,TradeRoute Market - Free Pass to login!!!,"Sold by oildabber -
1 sold since Feb 22, 2017Î¾Î¾Vendor Level 3Î¾Trust Level 5",Purchase price: USD 0.00,8,Drugs & ChemicalsDrugs & Chemicals,Cannabis & Hashish,2 gram BEST quality NLX weed from Amsterdam *(FREE SHIPPING WORLDWIDE)*,"Buy price
USD 16.00

(0.0125 BTC)",Amsterdam_Cannabis,"Views: 359 / Bids: Fixed price
Quantity left: Unlimited",2 gram BEST quality NLX weed from Amsterdam *(FREE SHIPPING WORLDWIDE)*,Cannabis & Hashish,Shake,2 gram BEST quality NLX weed from Amsterdam *(FREE...,"Sold by Amsterdam_Cannabis -
12 sold since Dec 1, 2016Î¾Î¾Vendor Level 2Î¾Trust Level 4",Purchase price: USD 16.00,5,Drugs & ChemicalsDrugs & Chemicals,Cannabis & Hashish,Original Single Wide Rolling Papers 24pk,"Buy price
USD 50.00

(0.0390 BTC)",TheH1tMan,null,Original Single Wide Rolling Papers 24pk,Cannabis & Hashish,Shake,Original Single Wide Rolling Papers 24pk,"Sold by TheH1tMan -
0 sold since Feb 27, 2017Î¾Î¾Vendor Level 1Î¾Trust Level 3",Purchase price: USD 50.00,10,Drugs & ChemicalsDrugs & Chemicals,Cannabis & Hashish,28 grams of Shake/Trim,"Buy price
USD 39.00

(0.0304 BTC)",thedopestman,"Views: 6020 / Bids: Fixed price
Quantity left: Unlimited",28 grams of Shake/Trim,Cannabis & Hashish,Shake,28 grams of Shake/Trim,"Sold by thedopestman -
69 sold since May 20, 2016Î¾Î¾Vendor Level 7Î¾Trust Level 6",Purchase price: USD 39.00,2,Drugs & ChemicalsDrugs & Chemicals,Cannabis & Hashish,Outdoor OG Shake_1 lb,"Buy price
USD 255.00

(0.1988 BTC)",0hp1,null,Outdoor OG Shake_1 lb,Cannabis & Hashish,Shake,Outdoor OG Shake_1 lb,"Sold by 0hp1 -
0 sold since Apr 17, 2017Î¾Î¾Vendor Level 2Î¾Trust Level 4",null,,Drugs & ChemicalsDrugs & Chemicals,Cannabis & Hashish,Level 1 Commercial Weed 14g,"Buy price
USD 65.79

(0.0513 BTC)",alisdrugstore,"Views: 6988 / Bids: Fixed price
Quantity left: Unlimited",Level 1 Commercial Weed 14g,Cannabis & Hashish,Shake,Level 1 Commercial Weed 14g,"Sold by alisdrugstore -
29 sold since May 25, 2015Î¾Î¾Vendor Level 7Î¾Trust Level 7",Purchase price: USD 65.79,3,Drugs & ChemicalsDrugs & Chemicals,Cannabis & Hashish,1 Pound Indoor Marijuana Trim (ESCROW) Good For Edibles FREE SHIPPING,"Buy price
USD 300.00

(0.2339 BTC)",CaliCannabisClub,null,1 Pound Indoor Marijuana Trim (ESCROW) Good For Edibles FREE SHIPPING,Cannabis & Hashish,Shake,1 Pound Indoor Marijuana Trim (ESCROW) Good For Ed...,"Sold by CaliCannabisClub -
61 sold since Feb 5, 2016Î¾Î¾Vendor Level 4Î¾Trust Level 5",Purchase price: USD 300.00,2,Drugs & ChemicalsDrugs & Chemicals,Cannabis & Hashish,CUSTOM adiaxe 10 OZ SHAKE,"Buy price
USD 842.08

(0.6566 BTC)",dankofengland1,null,CUSTOM adiaxe 10 OZ SHAKE,Cannabis & Hashish,Shake,CUSTOM adiaxe 10 OZ SHAKE,"Sold by dankofengland1 -
2 sold since Mar 20, 2017Î¾Î¾Vendor Level 7Î¾Trust Level 5",Purchase price: USD 842.08,8,Drugs & ChemicalsDrugs & Chemicals,Cannabis & Hashish,100g High quality Trim/Shake cannabis LIMITED OFFER until sold out...,"Buy price
USD 126.77

(0.0989 BTC)",HelIoKitty,"Views: 648 / Bids: Fixed price
Quantity left: Unlimited",100g High quality Trim/Shake cannabis LIMITED OFFER until sold out...,Cannabis & Hashish,Shake,100g High quality Trim/Shake cannabis LIMITED OFFE...,"Sold by HelIoKitty -
6 sold since Mar 2, 2017Î¾Î¾Vendor Level 1Î¾Trust Level 4",Purchase price: USD 126.77,7,Drugs & ChemicalsDrugs & Chemicals,Cannabis & Hashish,5 gram high quality weed from Amsterdam *(FREE SHIPPING WORLDWIDE)*,"Buy price
USD 40.00

(0.0312 BTC)",Amsterdam_Cannabis,"Views: 159 / Bids: Fixed price
Quantity left: Unlimited",5 gram high quality weed from Amsterdam *(FREE SHIPPING WORLDWIDE)*,Cannabis & Hashish,Shake,5 gram high quality weed from Amsterdam *(FREE SHI...,"Sold by Amsterdam_Cannabis -
0 sold since Dec 2, 2016Î¾Î¾Vendor Level 2Î¾Trust Level 4",Purchase price: USD 40.00,10,Drugs & ChemicalsDrugs & Chemicals,Cannabis & Hashish,1 pound qaulity GSC trim smallbud mix A+++,"Buy price
USD 410.00

(0.3197 BTC)",Mendo_Dope,"Views: 17 / Bids: Fixed price
Quantity left: Unlimited",1 pound qaulity GSC trim smallbud mix A+++,Cannabis & Hashish,Shake,1 pound qaulity GSC trim smallbud mix A+++,"Sold by Mendo_Dope -
0 sold since Apr 24, 2017Î¾Î¾Vendor Level 1Î¾Trust Level 4",Purchase price: USD 410.00,,Drugs & ChemicalsDrugs & Chemicals,Cannabis & Hashish,1000 G ~ Amnesia Haze Rest Weed Cannabis AAA+ HIGH QUALITY #BELGIUM SPAIN SHIPPING#,"Buy price
USD 1,845.59

(1.4390 BTC)",DutchCandySh0p,null,1000 G ~ Amnesia Haze Rest Weed Cannabis AAA+ HIGH QUALITY #BELGIUM SPAIN SHIPPING#,Cannabis & Hashish,Shake,1000 G ~ Amnesia Haze Rest Weed Cannabis AAA+ HIGH...,"Sold by DutchCandySh0p -
1 sold since Jan 16, 2016Î¾Î¾Vendor Level 7Î¾Trust Level 6","Purchase price: USD 1,845.59",8,Drugs & ChemicalsDrugs & Chemicals,Cannabis & Hashish,56g [FE] OG Kush Trim,"Buy price
USD 110.00

(0.0858 BTC)",DiscountDepot,"Views: 707 / Bids: Fixed price
Quantity left: Unlimited",56g [FE] OG Kush Trim,Cannabis & Hashish,Shake,56g [FE] OG Kush Trim,"Sold by DiscountDepot -
0 sold since Jun 26, 2016Î¾Î¾Vendor Level 6Î¾Trust Level 5",Purchase price: USD 110.00,,Drugs & ChemicalsDrugs & Chemicals,Cannabis & Hashish,50 G ~ Amnesia Haze Rest Weed Cannabis AAA+ HIGH QUALITY BELGIUM SHIPPING,"Buy price
USD 158.22

(0.1234 BTC)",DutchCandySh0p,null,50 G ~ Amnesia Haze Rest Weed Cannabis AAA+ HIGH QUALITY BELGIUM SHIPPING,Cannabis & Hashish,Shake,50 G ~ Amnesia Haze Rest Weed Cannabis AAA+ HIGH Q...,"Sold by DutchCandySh0p -
13 sold since Jan 17, 2016Î¾Î¾Vendor Level 7Î¾Trust Level 6",Purchase price: USD 158.22,5,Drugs & ChemicalsDrugs & Chemicals,Cannabis & Hashish,JAGER SHAKE 14 GRAMS,"Buy price
USD 86.66

(0.0676 BTC)",BudMasterGeneral,"Views: 319 / Bids: Fixed price
Quantity left: 5",JAGER SHAKE 14 GRAMS,Cannabis & Hashish,Shake,JAGER SHAKE 14 GRAMS,"Sold by BudMasterGeneral -
1 sold since Dec 10, 2016Î¾Î¾Vendor Level 7Î¾Trust Level 6",Purchase price: USD 86.66,8,Drugs & Chemicals