category_link,subcategory_link,listing_title,listing_price,listing_vendor,listing_item,listing_link,subcategory_id,subcategory2_id,detail_name,detail_qty_sold,detail_price,pagination_link,category_idDrugs & Chemicals,Stimulants,5 x Green Hello Kitty 4-FA 150 mg,"Buy price
USD 13.77

(0.0104 BTC)",area51UFO,null,5 x Green Hello Kitty 4-FA 150 mg,Stimulants,Pressed Pills,5 x Green Hello Kitty 4-FA 150 mg,"Sold by area51UFO -
1 sold since Apr 9, 2017Î¾Î¾Vendor Level 4Î¾Trust Level 5",Purchase price: USD 13.77,6,Drugs & ChemicalsDrugs & Chemicals,Stimulants,"MODALERT (generic PROVIGIL) modafinil 100mg -50 pills - $39,99","Buy price
USD 39.99

(0.0302 BTC)",canadianpharmacy,"Views: 347 / Bids: Fixed price
Quantity left: Unlimited","MODALERT (generic PROVIGIL) modafinil 100mg -50 pills - $39,99",Stimulants,Pressed Pills,MODALERT (generic PROVIGIL) modafinil 100mg -50 pi...,"Sold by canadianpharmacy -
1 sold since Oct 28, 2016Î¾Î¾Vendor Level 6Î¾Trust Level 4",Purchase price: USD 39.99,5,Drugs & ChemicalsDrugs & Chemicals,Stimulants,Efedrin 50 mg tabs x 50,"Buy price
USD 345.50

(0.2601 BTC)",Hotline24,"Views: 137 / Bids: Fixed price
Quantity left: 1",Efedrin 50 mg tabs x 50,Stimulants,Pressed Pills,Efedrin 50 mg tabs x 50,"Sold by Hotline24 -
0 sold since Jan 31, 2017Î¾Î¾Vendor Level 1Î¾Trust Level 6",Purchase price: USD 345.50,,Drugs & ChemicalsDrugs & Chemicals,Stimulants,3-FPM pills - a single pill 35 mg- 10 pills package.,"Buy price
USD 30.86

(0.0233 BTC)",Danish_Farma555,"Views: 97 / Bids: Fixed price
Quantity left: 5",3-FPM pills - a single pill 35 mg- 10 pills package.,Stimulants,Pressed Pills,3-FPM pills - a single pill 35 mg- 10 pills packag...,"Sold by Danish_Farma555 -
0 sold since Mar 21, 2017Î¾Î¾Vendor Level 1Î¾Trust Level 3",Purchase price: USD 30.86,6,Drugs & ChemicalsDrugs & Chemicals,Stimulants,Š“Ä FREE shipping from US Š“Ä generic PROVIGIL (MODVIGIL brand modafinil)  Š“Ä100 pills x 200mg each Š“Ä,"Buy price
USD 99.00

(0.0748 BTC)",DoctorFreedom,null,Š“Ä FREE shipping from US Š“Ä generic PROVIGIL (MODVIGIL brand modafinil)  Š“Ä100 pills x 200mg each Š“Ä,Stimulants,Pressed Pills,Š“Ä FREE shipping from US Š“Ä generic PROVIGIL (MODVIG...,"Sold by DoctorFreedom -
11 sold since Jan 5, 2017Î¾Î¾Vendor Level 6Î¾Trust Level 6",null,2,Drugs & ChemicalsDrugs & Chemicals,Stimulants,Soma 500mg - 1000 tablets Pain O Soma Brand = LOWEST PRICE = CLICK HERE,"Buy price
USD 349.99

(0.2635 BTC)",canadianpharmacy,"Views: 27 / Bids: Fixed price
Quantity left: Unlimited",Soma 500mg - 1000 tablets Pain O Soma Brand = LOWEST PRICE = CLICK HERE,Stimulants,Pressed Pills,Soma 500mg - 1000 tablets Pain O Soma Brand = LOWE...,"Sold by canadianpharmacy -
0 sold since Apr 13, 2017Î¾Î¾Vendor Level 6Î¾Trust Level 4",Purchase price: USD 349.99,,Drugs & ChemicalsDrugs & Chemicals,Stimulants,100 pcs/stk Captagon Š—– Amphetaminsulfat XTC,"Buy price
USD 106.38

(0.0803 BTC)",Infinity-Drugs.to,"Views: 363 / Bids: Fixed price
Quantity left: Unlimited",100 pcs/stk Captagon Š—– Amphetaminsulfat XTC,Stimulants,Pressed Pills,100 pcs/stk Captagon Š—– Amphetaminsulfat XTC,"Sold by Infinity-Drugs.to -
1 sold since Nov 22, 2016Î¾Î¾Vendor Level 1Î¾Trust Level 4",Purchase price: USD 106.38,6,Drugs & ChemicalsDrugs & Chemicals,Stimulants,Speed pills  1 for 5$,"Buy price
USD 5.00

(0.0038 BTC)",badsanta,null,Speed pills  1 for 5$,Stimulants,Pressed Pills,Speed pills  1 for 5$,"Sold by badsanta -
1 sold since Apr 8, 2017Î¾Î¾Vendor Level 2Î¾Trust Level 5",null,5,Drugs & ChemicalsDrugs & Chemicals,Stimulants,25 Pink Hello Kitty Amphetamine - 350 mg >>sold in EU only<<,"Buy price
USD 41.36

(0.0311 BTC)",area51UFO,null,25 Pink Hello Kitty Amphetamine - 350 mg >>sold in EU only<<,Stimulants,Pressed Pills,25 Pink Hello Kitty Amphetamine - 350 mg >>s...,"Sold by area51UFO -
0 sold since Apr 8, 2017Î¾Î¾Vendor Level 4Î¾Trust Level 5",Purchase price: USD 41.36,8,Drugs & ChemicalsDrugs & Chemicals,Stimulants,"40 x 200mg Pharmacy Grade Modafinil (Modvigil) (Focus, Drive, Motivation) (EASTER SALE)","Buy price
USD 45.50

(0.0344 BTC)",The_OA,"Views: 151 / Bids: Fixed price
Quantity left: Unlimited","40 x 200mg Pharmacy Grade Modafinil (Modvigil) (Focus, Drive, Motivation) (EASTER SALE)",Stimulants,Pressed Pills,40 x 200mg Pharmacy Grade Modafinil (Modvigil) (Fo...,"Sold by The_OA -
2 sold since Jan 27, 2017Î¾Î¾Vendor Level 1Î¾Trust Level 4",Purchase price: USD 45.50,4,Drugs & ChemicalsDrugs & Chemicals,Stimulants,100 +10 free Sildenafil -  Sildamax - 100mg pills - a Better Viagra alternative! Š…Ä 99 EUR,"Buy price
USD 106.30

(0.0800 BTC)",WowDeal,null,100 +10 free Sildenafil -  Sildamax - 100mg pills - a Better Viagra alternative! Š…Ä 99 EUR,Stimulants,Pressed Pills,100 +10 free Sildenafil -  Sildamax - 100mg pills ...,"Sold by WowDeal -
0 sold since Feb 22, 2017Î¾Î¾Vendor Level 7Î¾Trust Level 6",Purchase price: USD 106.30,7,Drugs & ChemicalsDrugs & Chemicals,Stimulants,NeuroVibran,"Buy price
USD 30.50

(0.0230 BTC)",halsey1,"Views: 36 / Bids: Fixed price
Quantity left: Unlimited",NeuroVibran,Stimulants,Pressed Pills,NeuroVibran,"Sold by halsey1 -
0 sold since Apr 14, 2017Î¾Î¾Vendor Level 1Î¾Trust Level 4",Purchase price: USD 30.50,8,Drugs & ChemicalsDrugs & Chemicals,Stimulants,"250 Pioneers XTC 180-200mg (1,60ŠäŒ/Stk.) - Germany Escrow","Buy price
USD 426.27

(0.3209 BTC)",torlando,"Views: 17 / Bids: Fixed price
Quantity left: 10","250 Pioneers XTC 180-200mg (1,60ŠäŒ/Stk.) - Germany Escrow",Stimulants,Pressed Pills,"250 Pioneers XTC 180-200mg (1,60ŠäŒ/Stk.) - Germany ...","Sold by torlando -
0 sold since Apr 18, 2017Î¾Î¾Vendor Level 6Î¾Trust Level 5",Purchase price: USD 426.27,7,Drugs & ChemicalsDrugs & Chemicals,Stimulants,400x APPLE IPHONE SPEED PILL,"Buy price
USD 400.00

(0.3020 BTC)",Stevejobs34,"Views: 202 / Bids: Fixed price
Quantity left: Unlimited",400x APPLE IPHONE SPEED PILL,Stimulants,Pressed Pills,400x APPLE IPHONE SPEED PILL,"Sold by Stevejobs34 -
13 sold since Mar 30, 2017Î¾Î¾Vendor Level 3Î¾Trust Level 4",Purchase price: USD 400.00,2,Drugs & ChemicalsDrugs & Chemicals,Stimulants,10 pcs/stk Captagon Š—– Amphetaminsulfat XTC,"Buy price
USD 15.96

(0.0120 BTC)",Infinity-Drugs.to,"Views: 429 / Bids: Fixed price
Quantity left: Unlimited",10 pcs/stk Captagon Š—– Amphetaminsulfat XTC,Stimulants,Pressed Pills,10 pcs/stk Captagon Š—– Amphetaminsulfat XTC,"Sold by Infinity-Drugs.to -
0 sold since Nov 22, 2016Î¾Î¾Vendor Level 1Î¾Trust Level 4",Purchase price: USD 15.96,8,Drugs & ChemicalsDrugs & Chemicals,Stimulants,100 Pink Hello Kitty Amphetamine - 350 mg >>sold in EU only<<,"Buy price
USD 143.17

(0.1078 BTC)",area51UFO,null,100 Pink Hello Kitty Amphetamine - 350 mg >>sold in EU only<<,Stimulants,Pressed Pills,100 Pink Hello Kitty Amphetamine - 350 mg >>...,"Sold by area51UFO -
0 sold since Apr 8, 2017Î¾Î¾Vendor Level 4Î¾Trust Level 5",Purchase price: USD 143.17,7,Drugs & ChemicalsDrugs & Chemicals,Stimulants,"DMAA, 300 Pills. 10mg tabs (FE ONLY)","Buy price
USD 41.00

(0.0310 BTC)",MedIndia,"Views: 1269 / Bids: Fixed price
Quantity left: 21","DMAA, 300 Pills. 10mg tabs (FE ONLY)",Stimulants,Pressed Pills,"DMAA, 300 Pills. 10mg tabs (FE ONLY)","Sold by MedIndia -
17 sold since May 9, 2016Î¾Î¾Vendor Level 4Î¾Trust Level 6",Purchase price: USD 41.00,2,Drugs & ChemicalsDrugs & Chemicals,Stimulants,5 Pink Hello Kitty Amphetamine - 350 mg,"Buy price
USD 14.83

(0.0112 BTC)",area51UFO,null,5 Pink Hello Kitty Amphetamine - 350 mg,Stimulants,Pressed Pills,5 Pink Hello Kitty Amphetamine - 350 mg,"Sold by area51UFO -
0 sold since Apr 8, 2017Î¾Î¾Vendor Level 4Î¾Trust Level 5",Purchase price: USD 14.83,8,Drugs & ChemicalsDrugs & Chemicals,Stimulants,"100 x 200mg Pharmacy Grade Modafinil (Modvigil) (Focus, Drive, Motivation) (EASTER SALE)","Buy price
USD 109.96

(0.0828 BTC)",The_OA,"Views: 55 / Bids: Fixed price
Quantity left: Unlimited","100 x 200mg Pharmacy Grade Modafinil (Modvigil) (Focus, Drive, Motivation) (EASTER SALE)",Stimulants,Pressed Pills,100 x 200mg Pharmacy Grade Modafinil (Modvigil) (F...,"Sold by The_OA -
0 sold since Mar 22, 2017Î¾Î¾Vendor Level 1Î¾Trust Level 4",Purchase price: USD 109.96,8,Drugs & ChemicalsDrugs & Chemicals,Stimulants,"[24 Tbl.] Pseudoephedrin-HCL 60 mg (1,44 g)","Buy price
USD 18.26

(0.0138 BTC)",Eier_Leckende_Wollmilchsau,null,"[24 Tbl.] Pseudoephedrin-HCL 60 mg (1,44 g)",Stimulants,Pressed Pills,"[24 Tbl.] Pseudoephedrin-HCL 60 mg (1,44 g)","Sold by Eier_Leckende_Wollmilchsau -
1 sold since Aug 15, 2016Î¾Î¾Vendor Level 5Î¾Trust Level 5",null,5,Drugs & ChemicalsDrugs & Chemicals,Stimulants,NORWAY - Ritalin 10mg - 30 pills,"Buy price
USD 80.00

(0.0604 BTC)",NORWEGIANcom,null,NORWAY - Ritalin 10mg - 30 pills,Stimulants,Pressed Pills,NORWAY - Ritalin 10mg - 30 pills,"Sold by NORWEGIANcom -
7 sold since Aug 4, 2016Î¾Î¾Vendor Level 2Î¾Trust Level 6",Purchase price: USD 80.00,2,Drugs & ChemicalsDrugs & Chemicals,Stimulants,10 x 20MG Ritalin (Methylphenidate),"Buy price
USD 60.00

(0.0452 BTC)",shromprince,"Views: 54 / Bids: Fixed price
Quantity left: 1",10 x 20MG Ritalin (Methylphenidate),Stimulants,Pressed Pills,10 x 20MG Ritalin (Methylphenidate),"Sold by shromprince -
0 sold since Mar 2, 2017Î¾Î¾Vendor Level 1Î¾Trust Level 4",Purchase price: USD 60.00,8,Drugs & ChemicalsDrugs & Chemicals,Stimulants,200 tabs Tapentadol 100 MG Effects Like Oxycodone  $159.99,"Buy price
USD 159.99

(0.1208 BTC)",canadianpharmacy,"Views: 239 / Bids: Fixed price
Quantity left: Unlimited",200 tabs Tapentadol 100 MG Effects Like Oxycodone  $159.99,Stimulants,Pressed Pills,200 tabs Tapentadol 100 MG Effects Like Oxycodone ...,"Sold by canadianpharmacy -
1 sold since Jan 6, 2017Î¾Î¾Vendor Level 6Î¾Trust Level 4",Purchase price: USD 159.99,5,Drugs & ChemicalsDrugs & Chemicals,Stimulants,10 x Green Hello Kitty 4-FA 150 mg,"Buy price
USD 22.24

(0.0168 BTC)",area51UFO,null,10 x Green Hello Kitty 4-FA 150 mg,Stimulants,Pressed Pills,10 x Green Hello Kitty 4-FA 150 mg,"Sold by area51UFO -
3 sold since Apr 9, 2017Î¾Î¾Vendor Level 4Î¾Trust Level 5",Purchase price: USD 22.24,4,Drugs & ChemicalsDrugs & Chemicals,Stimulants,"Milatonin 3 mg Sleeping pill 1 Sleeping pill  3 mg tablet 0,43 Euro Buy as many as you want - bulk","Buy price
USD 0.49

(0.0004 BTC)",Danish_Farma555,"Views: 93 / Bids: Fixed price
Quantity left: Unlimited","Milatonin 3 mg Sleeping pill 1 Sleeping pill  3 mg tablet 0,43 Euro Buy as many as you want - bulk",Stimulants,Pressed Pills,Milatonin 3 mg Sleeping pill 1 Sleeping pill  3 mg...,"Sold by Danish_Farma555 -
0 sold since Mar 21, 2017Î¾Î¾Vendor Level 1Î¾Trust Level 3",Purchase price: USD 0.49,6,Drugs & ChemicalsDrugs & Chemicals,Stimulants,NORWAY - Ritalin 10mg - 90 pills,"Buy price
USD 175.00

(0.1321 BTC)",NORWEGIANcom,null,NORWAY - Ritalin 10mg - 90 pills,Stimulants,Pressed Pills,NORWAY - Ritalin 10mg - 90 pills,"Sold by NORWEGIANcom -
3 sold since Feb 13, 2017Î¾Î¾Vendor Level 2Î¾Trust Level 6",Purchase price: USD 175.00,4,Drugs & ChemicalsDrugs & Chemicals,Stimulants,25 x Green Hello Kitty 4-FA 150 mg Sold Only in EU,"Buy price
USD 47.67

(0.0360 BTC)",area51UFO,null,25 x Green Hello Kitty 4-FA 150 mg Sold Only in EU,Stimulants,Pressed Pills,25 x Green Hello Kitty 4-FA 150 mg Sold Only in EU,"Sold by area51UFO -
2 sold since Apr 9, 2017Î¾Î¾Vendor Level 4Î¾Trust Level 5",Purchase price: USD 47.67,4,Drugs & ChemicalsDrugs & Chemicals,Stimulants,Ritalin (Novartis) 10 MG (125 Pills) ({<---Fast shipping--->)},"Buy price
USD 215.00

(0.1624 BTC)",Idealpills,null,Ritalin (Novartis) 10 MG (125 Pills) ({<---Fast shipping--->)},Stimulants,Pressed Pills,Ritalin (Novartis) 10 MG (125 Pills) ({<---Fast...,"Sold by Idealpills -
1 sold since Aug 19, 2016Î¾Î¾Vendor Level 1Î¾Trust Level 6",Purchase price: USD 215.00,5,Drugs & ChemicalsDrugs & Chemicals,Stimulants,10 capsules of RITALIN aka Medikinet adult 20mg,"Buy price
USD 54.48

(0.0411 BTC)",drugspecialist,null,10 capsules of RITALIN aka Medikinet adult 20mg,Stimulants,Pressed Pills,10 capsules of RITALIN aka Medikinet adult 20mg,"Sold by drugspecialist -
5 sold since Nov 14, 2016Î¾Î¾Vendor Level 4Î¾Trust Level 4",Purchase price: USD 54.48,3,Drugs & ChemicalsDrugs & Chemicals,Stimulants,30-ct Modafinil 200mg (Modvigil),"Buy price
USD 75.00

(0.0565 BTC)",themodsquad,"Views: 59 / Bids: Fixed price
Quantity left: Unlimited",30-ct Modafinil 200mg (Modvigil),Stimulants,Pressed Pills,30-ct Modafinil 200mg (Modvigil),"Sold by themodsquad -
0 sold since Mar 11, 2017Î¾Î¾Vendor Level 1Î¾Trust Level 4",Purchase price: USD 75.00,7,Drugs & ChemicalsDrugs & Chemicals,Stimulants,1000 pcs/stk Captagon Š—– Amphetaminsulfat XTC,"Buy price
USD 851.05

(0.6426 BTC)",Infinity-Drugs.to,"Views: 220 / Bids: Fixed price
Quantity left: Unlimited",1000 pcs/stk Captagon Š—– Amphetaminsulfat XTC,Stimulants,Pressed Pills,1000 pcs/stk Captagon Š—– Amphetaminsulfat XTC,"Sold by Infinity-Drugs.to -
0 sold since Nov 22, 2016Î¾Î¾Vendor Level 1Î¾Trust Level 4",Purchase price: USD 851.05,6,Drugs & ChemicalsDrugs & Chemicals,Stimulants,5 x 20MG Ritalin (Methylphenidate),"Buy price
USD 30.00

(0.0226 BTC)",shromprince,"Views: 29 / Bids: Fixed price
Quantity left: 1",5 x 20MG Ritalin (Methylphenidate),Stimulants,Pressed Pills,5 x 20MG Ritalin (Methylphenidate),"Sold by shromprince -
0 sold since Mar 2, 2017Î¾Î¾Vendor Level 1Î¾Trust Level 4",Purchase price: USD 30.00,,Drugs & ChemicalsDrugs & Chemicals,Stimulants,Ritalin (Novartis) 10 MG (75 Pills) ({<---Fast shipping--->)},"Buy price
USD 150.00

(0.1133 BTC)",Idealpills,null,Ritalin (Novartis) 10 MG (75 Pills) ({<---Fast shipping--->)},Stimulants,Pressed Pills,Ritalin (Novartis) 10 MG (75 Pills) ({<---Fast ...,"Sold by Idealpills -
2 sold since Aug 19, 2016Î¾Î¾Vendor Level 1Î¾Trust Level 6",Purchase price: USD 150.00,4,Drugs & ChemicalsDrugs & Chemicals,Stimulants,Efedrin 50 mg tabs x 25,"Buy price
USD 229.95

(0.1736 BTC)",Hotline24,"Views: 1792 / Bids: Fixed price
Quantity left: 2",Efedrin 50 mg tabs x 25,Stimulants,Pressed Pills,Efedrin 50 mg tabs x 25,"Sold by Hotline24 -
10 sold since Dec 1, 2015Î¾Î¾Vendor Level 1Î¾Trust Level 6",Purchase price: USD 229.95,2,Drugs & ChemicalsDrugs & Chemicals,Stimulants,CUSTOM REP,"Buy price
USD 212.47

(0.1604 BTC)",EuroLivery,"Views: 299 / Bids: Fixed price
Quantity left: Unlimited",CUSTOM REP,Stimulants,Pressed Pills,CUSTOM REP,"Sold by EuroLivery -
4 sold since Mar 23, 2016Î¾Î¾Vendor Level 4Î¾Trust Level 5",Purchase price: USD 212.47,3,Drugs & ChemicalsDrugs & Chemicals,Stimulants,1000 tabs Tapentadol 100 MG Effects Like Oxycodone  $499.99,"Buy price
USD 499.99

(0.3765 BTC)",canadianpharmacy,"Views: 30 / Bids: Fixed price
Quantity left: Unlimited",1000 tabs Tapentadol 100 MG Effects Like Oxycodone  $499.99,Stimulants,Pressed Pills,1000 tabs Tapentadol 100 MG Effects Like Oxycodone...,"Sold by canadianpharmacy -
0 sold since Apr 13, 2017Î¾Î¾Vendor Level 6Î¾Trust Level 4",Purchase price: USD 499.99,7,Drugs & ChemicalsDrugs & Chemicals,Stimulants,2 x Green Hello Kitty 4-FA 150 mg,"Buy price
USD 6.35

(0.0048 BTC)",area51UFO,null,2 x Green Hello Kitty 4-FA 150 mg,Stimulants,Pressed Pills,2 x Green Hello Kitty 4-FA 150 mg,"Sold by area51UFO -
1 sold since Apr 9, 2017Î¾Î¾Vendor Level 4Î¾Trust Level 5",Purchase price: USD 6.35,5,Drugs & ChemicalsDrugs & Chemicals,Stimulants,1000 pieces Green Hello Kitty 175mg 4-FA Pills (4 Fluoroamphetamine Pills),"Buy price
USD 1,361.88

(1.0284 BTC)",besafeandenjoy,null,1000 pieces Green Hello Kitty 175mg 4-FA Pills (4 Fluoroamphetamine Pills),Stimulants,Pressed Pills,1000 pieces Green Hello Kitty 175mg 4-FA Pills (4 ...,"Sold by besafeandenjoy -
0 sold since Apr 24, 2017Î¾Î¾Vendor Level 4Î¾Trust Level 4","Purchase price: USD 1,361.88",6,Drugs & ChemicalsDrugs & Chemicals,Stimulants,"50 Pioneers XTC 180-200mg (1,90ŠäŒ/Stk.) - Germany Escrow","Buy price
USD 101.24

(0.0764 BTC)",torlando,"Views: 154 / Bids: Fixed price
Quantity left: 9","50 Pioneers XTC 180-200mg (1,90ŠäŒ/Stk.) - Germany Escrow",Stimulants,Pressed Pills,"50 Pioneers XTC 180-200mg (1,90ŠäŒ/Stk.) - Germany E...","Sold by torlando -
4 sold since Dec 11, 2016Î¾Î¾Vendor Level 6Î¾Trust Level 5",Purchase price: USD 101.24,3,Drugs & ChemicalsDrugs & Chemicals,Stimulants,Š“Ä FREE shipping from US Š“Ä generic CIALIS  Š“Ä100 pills x 20mg each Š“Ä,"Buy price
USD 69.00

(0.0521 BTC)",DoctorFreedom,"Views: 185 / Bids: Fixed price
Quantity left: Unlimited",Š“Ä FREE shipping from US Š“Ä generic CIALIS  Š“Ä100 pills x 20mg each Š“Ä,Stimulants,Pressed Pills,Š“Ä FREE shipping from US Š“Ä generic CIALIS  Š“Ä100 pil...,"Sold by DoctorFreedom -
2 sold since Jan 5, 2017Î¾Î¾Vendor Level 6Î¾Trust Level 6",Purchase price: USD 69.00,4,Drugs & ChemicalsDrugs & Chemicals,Stimulants,breaking bad pills mr white speed pills 1000x FAST SHIPPING only for CANADA,"Buy price
USD 1,000.00

(0.7551 BTC)",mr_white01,null,breaking bad pills mr white speed pills 1000x FAST SHIPPING only for CANADA,Stimulants,Pressed Pills,breaking bad pills mr white speed pills 1000x FAST...,"Sold by mr_white01 -
2 sold since Dec 8, 2016Î¾Î¾Vendor Level 6Î¾Trust Level 5","Purchase price: USD 1,000.00",4,Drugs & ChemicalsDrugs & Chemicals,Stimulants,5 capsules of RITALIN aka Medikinet adult 20mg,"Buy price
USD 27.24

(0.0206 BTC)",drugspecialist,null,5 capsules of RITALIN aka Medikinet adult 20mg,Stimulants,Pressed Pills,5 capsules of RITALIN aka Medikinet adult 20mg,"Sold by drugspecialist -
6 sold since Nov 14, 2016Î¾Î¾Vendor Level 4Î¾Trust Level 4",Purchase price: USD 27.24,3,Drugs & ChemicalsDrugs & Chemicals,Stimulants,100 x Green Hello Kitty 4-FA 150 mg Sold Only in EU,"Buy price
USD 153.57

(0.1156 BTC)",area51UFO,null,100 x Green Hello Kitty 4-FA 150 mg Sold Only in EU,Stimulants,Pressed Pills,100 x Green Hello Kitty 4-FA 150 mg Sold Only in E...,"Sold by area51UFO -
0 sold since Apr 9, 2017Î¾Î¾Vendor Level 4Î¾Trust Level 5",Purchase price: USD 153.57,7,Drugs & ChemicalsDrugs & Chemicals,Stimulants,"100 x ICE ""Gatorade"" Speed Pills - ** Substitute to Adderal **","Buy price
USD 185.00

(0.1397 BTC)",blow,"Views: 689 / Bids: Fixed price
Quantity left: Unlimited","100 x ICE ""Gatorade"" Speed Pills - ** Substitute to Adderal **",Stimulants,Pressed Pills,"100 x ICE ""Gatorade"" Speed Pills - ** Su...","Sold by blow -
7 sold since Jan 31, 2017Î¾Î¾Vendor Level 10Î¾Trust Level 10",Purchase price: USD 185.00,2,Drugs & ChemicalsDrugs & Chemicals,Stimulants,breacking bad pills mr white speed pills 50x FAST SHIPPING (FE),"Buy price
USD 75.00

(0.0566 BTC)",mr_white01,null,breacking bad pills mr white speed pills 50x FAST SHIPPING (FE),Stimulants,Pressed Pills,breacking bad pills mr white speed pills 50x FAST ...,"Sold by mr_white01 -
5 sold since Dec 8, 2016Î¾Î¾Vendor Level 6Î¾Trust Level 5",Purchase price: USD 75.00,3,Drugs & ChemicalsDrugs & Chemicals,Stimulants,50 x Green Hello Kitty 4-FA 150 mg Sold Only in EU,"Buy price
USD 82.61

(0.0622 BTC)",area51UFO,null,50 x Green Hello Kitty 4-FA 150 mg Sold Only in EU,Stimulants,Pressed Pills,50 x Green Hello Kitty 4-FA 150 mg Sold Only in EU,"Sold by area51UFO -
0 sold since Apr 9, 2017Î¾Î¾Vendor Level 4Î¾Trust Level 5",Purchase price: USD 82.61,7,Drugs & ChemicalsDrugs & Chemicals,Stimulants,100 pieces Green Hello Kitty 175mg 4-FA Pills (4 Fluoroamphetamine Pills),"Buy price
USD 190.21

(0.1432 BTC)",besafeandenjoy,null,100 pieces Green Hello Kitty 175mg 4-FA Pills (4 Fluoroamphetamine Pills),Stimulants,Pressed Pills,100 pieces Green Hello Kitty 175mg 4-FA Pills (4 F...,"Sold by besafeandenjoy -
0 sold since Apr 24, 2017Î¾Î¾Vendor Level 4Î¾Trust Level 4",Purchase price: USD 190.21,8,Drugs & ChemicalsDrugs & Chemicals,Stimulants,Efedrin 50 mg tabs x 100,"Buy price
USD 539.00

(0.4058 BTC)",Hotline24,"Views: 299 / Bids: Fixed price
Quantity left: 1",Efedrin 50 mg tabs x 100,Stimulants,Pressed Pills,Efedrin 50 mg tabs x 100,"Sold by Hotline24 -
0 sold since Aug 8, 2016Î¾Î¾Vendor Level 1Î¾Trust Level 6",Purchase price: USD 539.00,,Drugs & ChemicalsDrugs & Chemicals,Stimulants,5 pieces Pink Hello Kitty 250mg Speed-Amphetamine pills,"Buy price
USD 10.87

(0.0082 BTC)",besafeandenjoy,null,5 pieces Pink Hello Kitty 250mg Speed-Amphetamine pills,Stimulants,Pressed Pills,5 pieces Pink Hello Kitty 250mg Speed-Amphetamine ...,"Sold by besafeandenjoy -
5 sold since Mar 2, 2017Î¾Î¾Vendor Level 4Î¾Trust Level 4",Purchase price: USD 10.87,3,Drugs & ChemicalsDrugs & Chemicals,Stimulants,Ephedrine HCL 400mg - BUY 4 GET 1 FREE!,"Buy price
USD 29.99

(0.0226 BTC)",isnow,null,Ephedrine HCL 400mg - BUY 4 GET 1 FREE!,Stimulants,Pressed Pills,Ephedrine HCL 400mg - BUY 4 GET 1 FREE!,"Sold by isnow -
6 sold since Jun 28, 2016Î¾Î¾Vendor Level 2Î¾Trust Level 5",Purchase price: USD 29.99,3,Drugs & ChemicalsDrugs & Chemicals,Stimulants,"MODALERT (generic PROVIGIL) modafinil 200mg -50 pills - $49,99","Buy price
USD 49.99

(0.0377 BTC)",canadianpharmacy,"Views: 414 / Bids: Fixed price
Quantity left: Unlimited","MODALERT (generic PROVIGIL) modafinil 200mg -50 pills - $49,99",Stimulants,Pressed Pills,MODALERT (generic PROVIGIL) modafinil 200mg -50 pi...,"Sold by canadianpharmacy -
1 sold since Oct 28, 2016Î¾Î¾Vendor Level 6Î¾Trust Level 4",Purchase price: USD 49.99,6,Drugs & ChemicalsDrugs & Chemicals,Stimulants,"DMBA HCL ,(1,3-Dimethylbutylamine) 50 Pills. 20mg tabs (FE ONLY)","Buy price
USD 8.43

(0.0064 BTC)",MedIndia,"Views: 529 / Bids: Fixed price
Quantity left: Unlimited","DMBA HCL ,(1,3-Dimethylbutylamine) 50 Pills. 20mg tabs (FE ONLY)",Stimulants,Pressed Pills,"DMBA HCL ,(1,3-Dimethylbutylamine) 50 Pills. 20mg ...","Sold by MedIndia -
3 sold since Jan 17, 2017Î¾Î¾Vendor Level 4Î¾Trust Level 6",Purchase price: USD 8.43,4,Drugs & ChemicalsDrugs & Chemicals,Stimulants,50 Pink Hello Kitty Amphetamine - 350 mg >>sold in EU only<<,"Buy price
USD 78.48

(0.0593 BTC)",area51UFO,"Views: 46 / Bids: Fixed price
Quantity left: Unlimited",50 Pink Hello Kitty Amphetamine - 350 mg >>sold in EU only<<,Stimulants,Pressed Pills,50 Pink Hello Kitty Amphetamine - 350 mg >>s...,"Sold by area51UFO -
1 sold since Apr 8, 2017Î¾Î¾Vendor Level 4Î¾Trust Level 5",Purchase price: USD 78.48,5,Drugs & ChemicalsDrugs & Chemicals,Stimulants,2 pieces Pink Hello Kitty 250mg Speed-Amphetamine pills,"Buy price
USD 5.43

(0.0041 BTC)",besafeandenjoy,null,2 pieces Pink Hello Kitty 250mg Speed-Amphetamine pills,Stimulants,Pressed Pills,2 pieces Pink Hello Kitty 250mg Speed-Amphetamine ...,"Sold by besafeandenjoy -
4 sold since Mar 2, 2017Î¾Î¾Vendor Level 4Î¾Trust Level 4",Purchase price: USD 5.43,3,Drugs & ChemicalsDrugs & Chemicals,Stimulants,30mg M/30 Oxycodone - Roxy -Oxys USA to USA only!,"Buy price
USD 15.00

(0.0113 BTC)",PrestigeWorldwides,"Views: 204 / Bids: Fixed price
Quantity left: Unlimited",30mg M/30 Oxycodone - Roxy -Oxys USA to USA only!,Stimulants,Pressed Pills,30mg M/30 Oxycodone - Roxy -Oxys USA to USA only!,"Sold by PrestigeWorldwides -
0 sold since Mar 12, 2017Î¾Î¾Vendor Level 1Î¾Trust Level 4",Purchase price: USD 15.00,,Drugs & ChemicalsDrugs & Chemicals,Stimulants,"SAMPLER PACK 1 OF EACH- MBOX 30 , 30mg ADDERALL,  1mg XANAX,  10/325 PERCOCET & MORE","Buy price
USD 35.00

(0.0264 BTC)",BARRYGARCIA,"Views: 55 / Bids: Fixed price
Quantity left: Unlimited","SAMPLER PACK 1 OF EACH- MBOX 30 , 30mg ADDERALL,  1mg XANAX,  10/325 PERCOCET & MORE",Stimulants,Pressed Pills,"SAMPLER PACK 1 OF EACH- MBOX 30 , 30mg ADDERALL,  ...","Sold by BARRYGARCIA -
0 sold since Apr 26, 2017Î¾Î¾Vendor Level 2Î¾Trust Level 3",Purchase price: USD 35.00,,Drugs & ChemicalsDrugs & Chemicals,Stimulants,"20 x 200mg Pharmacy Grade Modafinil (Modvigil) (Focus, Drive, Motivation) (EASTER SALE)","Buy price
USD 24.27

(0.0183 BTC)",The_OA,"Views: 223 / Bids: Fixed price
Quantity left: Unlimited","20 x 200mg Pharmacy Grade Modafinil (Modvigil) (Focus, Drive, Motivation) (EASTER SALE)",Stimulants,Pressed Pills,20 x 200mg Pharmacy Grade Modafinil (Modvigil) (Fo...,"Sold by The_OA -
2 sold since Jan 27, 2017Î¾Î¾Vendor Level 1Î¾Trust Level 4",Purchase price: USD 24.27,4,Drugs & ChemicalsDrugs & Chemicals,Stimulants,200 ICE pills speed (new STRONGER bars)  - $380 ($1.90 eac.) *FREE 6 DAYS TRACKED SHIPPING*,"Buy price
USD 380.00

(0.2861 BTC)",thecostco1,"Views: 475 / Bids: Fixed price
Quantity left: Unlimited",200 ICE pills speed (new STRONGER bars)  - $380 ($1.90 eac.) *FREE 6 DAYS TRACKED SHIPPING*,Stimulants,Pressed Pills,200 ICE pills speed (new STRONGER bars)  - $380 ($...,"Sold by thecostco1 -
0 sold since Aug 10, 2016Î¾Î¾Vendor Level 2Î¾Trust Level 4",Purchase price: USD 380.00,8,Drugs & ChemicalsDrugs & Chemicals,Stimulants,250 Pink Hello Kitty Amphetamine - 350 mg >>sold in EU only<<,"Buy price
USD 307.54

(0.2316 BTC)",area51UFO,null,250 Pink Hello Kitty Amphetamine - 350 mg >>sold in EU only<<,Stimulants,Pressed Pills,250 Pink Hello Kitty Amphetamine - 350 mg >>...,"Sold by area51UFO -
0 sold since Apr 8, 2017Î¾Î¾Vendor Level 4Î¾Trust Level 5",Purchase price: USD 307.54,,Drugs & ChemicalsDrugs & Chemicals,Stimulants,Orlistat Xenical 120mg x200,"Buy price
USD 64.95

(0.0490 BTC)",PharmaDirect,"Views: 44 / Bids: Fixed price
Quantity left: Unlimited",Orlistat Xenical 120mg x200,Stimulants,Pressed Pills,Orlistat Xenical 120mg x200,"Sold by PharmaDirect -
1 sold since Apr 12, 2017Î¾Î¾Vendor Level 1Î¾Trust Level 3",Purchase price: USD 64.95,5,Drugs & ChemicalsDrugs & Chemicals,Stimulants,100 pieces Pink Hello Kitty 250mg Speed-Amphetamine pills,"Buy price
USD 163.03

(0.1227 BTC)",besafeandenjoy,null,100 pieces Pink Hello Kitty 250mg Speed-Amphetamine pills,Stimulants,Pressed Pills,100 pieces Pink Hello Kitty 250mg Speed-Amphetamin...,"Sold by besafeandenjoy -
0 sold since Mar 2, 2017Î¾Î¾Vendor Level 4Î¾Trust Level 4",Purchase price: USD 163.03,8,Drugs & ChemicalsDrugs & Chemicals,Stimulants,10 Pink Hello Kitty Amphetamine - 350 mg,"Buy price
USD 23.86

(0.0180 BTC)",area51UFO,null,10 Pink Hello Kitty Amphetamine - 350 mg,Stimulants,Pressed Pills,10 Pink Hello Kitty Amphetamine - 350 mg,"Sold by area51UFO -
1 sold since Apr 8, 2017Î¾Î¾Vendor Level 4Î¾Trust Level 5",Purchase price: USD 23.86,5,Drugs & ChemicalsDrugs & Chemicals,Stimulants,500 tabs Tapentadol 100 MG Effects Like Oxycodone  $299.99,"Buy price
USD 299.99

(0.2259 BTC)",canadianpharmacy,"Views: 29 / Bids: Fixed price
Quantity left: Unlimited",500 tabs Tapentadol 100 MG Effects Like Oxycodone  $299.99,Stimulants,Pressed Pills,500 tabs Tapentadol 100 MG Effects Like Oxycodone ...,"Sold by canadianpharmacy -
0 sold since Apr 13, 2017Î¾Î¾Vendor Level 6Î¾Trust Level 4",Purchase price: USD 299.99,8,Drugs & ChemicalsDrugs & Chemicals,Stimulants,1000 ICE pills speed (new STRONGER bars)  - $1000 ($1.00 eac.) *FREE 6 DAYS TRACKED SHIPPING*,"Buy price
USD 1,000.00

(0.7551 BTC)",thecostco1,"Views: 538 / Bids: Fixed price
Quantity left: Unlimited",1000 ICE pills speed (new STRONGER bars)  - $1000 ($1.00 eac.) *FREE 6 DAYS TRACKED SHIPPING*,Stimulants,Pressed Pills,1000 ICE pills speed (new STRONGER bars)  - $1000 ...,"Sold by thecostco1 -
1 sold since Aug 10, 2016Î¾Î¾Vendor Level 2Î¾Trust Level 4","Purchase price: USD 1,000.00",5,Drugs & ChemicalsDrugs & Chemicals,Stimulants,4fmp Amsterdam triple cross 120mg netto - 10 pills 30 euro - TripleDutchDelivery - free shipping and stealth,"Buy price
USD 32.02

(0.0242 BTC)",TripleDutchDelivery,"Views: 173 / Bids: Fixed price
Quantity left: Unlimited",4fmp Amsterdam triple cross 120mg netto - 10 pills 30 euro - TripleDutchDelivery - free shipping and stealth,Stimulants,Pressed Pills,4fmp Amsterdam triple cross 120mg netto - 10 pills...,"Sold by TripleDutchDelivery -
2 sold since Feb 15, 2017Î¾Î¾Vendor Level 2Î¾Trust Level 4",Purchase price: USD 32.02,4,Drugs & ChemicalsDrugs & Chemicals,Stimulants,Š__Š…Ä 5 Š…æ Generic Viagra Š…Ä 100mg Š…æ High Quality Š…Ä Reagent Tested Š…æ Worldwide & Stealthly Shipping Š…Ä Cheap Product !Š…æŠãÜ,"Buy price
USD 16.54

(0.0125 BTC)",TheGermanGuy2,"Views: 345 / Bids: Fixed price
Quantity left: Unlimited",Š__Š…Ä 5 Š…æ Generic Viagra Š…Ä 100mg Š…æ High Quality Š…Ä Reagent Tested Š…æ Worldwide & Stealthly Shipping Š…Ä Cheap Product !Š…æŠãÜ,Stimulants,Pressed Pills,Š__Š…Ä 5 Š…æ Generic Viagra Š…Ä 100mg Š…æ High Quality Š…Ä Rea...,"Sold by TheGermanGuy2 -
5 sold since Oct 18, 2016Î¾Î¾Vendor Level 2Î¾Trust Level 3",Purchase price: USD 16.54,3,Drugs & ChemicalsDrugs & Chemicals,Stimulants,50 pcs/stk Captagon Š—– Amphetaminsulfat XTC,"Buy price
USD 53.19

(0.0400 BTC)",Infinity-Drugs.to,"Views: 355 / Bids: Fixed price
Quantity left: Unlimited",50 pcs/stk Captagon Š—– Amphetaminsulfat XTC,Stimulants,Pressed Pills,50 pcs/stk Captagon Š—– Amphetaminsulfat XTC,"Sold by Infinity-Drugs.to -
0 sold since Nov 22, 2016Î¾Î¾Vendor Level 1Î¾Trust Level 4",Purchase price: USD 53.19,,Drugs & ChemicalsDrugs & Chemicals,Stimulants,25x APPLE IPHONE SPEED PILL,"Buy price
USD 45.00

(0.0340 BTC)",Stevejobs34,"Views: 430 / Bids: Fixed price
Quantity left: Unlimited",25x APPLE IPHONE SPEED PILL,Stimulants,Pressed Pills,25x APPLE IPHONE SPEED PILL,"Sold by Stevejobs34 -
16 sold since Mar 30, 2017Î¾Î¾Vendor Level 3Î¾Trust Level 4",Purchase price: USD 45.00,2,Drugs & ChemicalsDrugs & Chemicals,Stimulants,"Soma 350mg - 50 tablets Pain O Soma Brand + 10 tabs Tapentadol 100 MG Effects Like Oxycodone  = $34,99","Buy price
USD 34.99

(0.0264 BTC)",canadianpharmacy,"Views: 169 / Bids: Fixed price
Quantity left: Unlimited","Soma 350mg - 50 tablets Pain O Soma Brand + 10 tabs Tapentadol 100 MG Effects Like Oxycodone  = $34,99",Stimulants,Pressed Pills,Soma 350mg - 50 tablets Pain O Soma Brand + 10 tab...,"Sold by canadianpharmacy -
1 sold since Jan 16, 2017Î¾Î¾Vendor Level 6Î¾Trust Level 4",Purchase price: USD 34.99,5,Drugs & ChemicalsDrugs & Chemicals,Stimulants,50 tabs Tapentadol 100 MG Effects Like Oxycodone  $59.99,"Buy price
USD 59.99

(0.0453 BTC)",canadianpharmacy,"Views: 902 / Bids: Fixed price
Quantity left: Unlimited",50 tabs Tapentadol 100 MG Effects Like Oxycodone  $59.99,Stimulants,Pressed Pills,50 tabs Tapentadol 100 MG Effects Like Oxycodone  ...,"Sold by canadianpharmacy -
13 sold since Oct 28, 2016Î¾Î¾Vendor Level 6Î¾Trust Level 4",Purchase price: USD 59.99,2,Drugs & ChemicalsDrugs & Chemicals,Stimulants,Soma 350mg - 100 tablets Pain O Soma Brand = LOWEST PRICE = CLICK HERE,"Buy price
USD 34.99

(0.0264 BTC)",canadianpharmacy,"Views: 458 / Bids: Fixed price
Quantity left: Unlimited",Soma 350mg - 100 tablets Pain O Soma Brand = LOWEST PRICE = CLICK HERE,Stimulants,Pressed Pills,Soma 350mg - 100 tablets Pain O Soma Brand = LOWES...,"Sold by canadianpharmacy -
3 sold since Oct 28, 2016Î¾Î¾Vendor Level 6Î¾Trust Level 4",Purchase price: USD 34.99,4,Drugs & ChemicalsDrugs & Chemicals,Stimulants,50-ct Modafinil 200mg (Modvigil),"Buy price
USD 112.50

(0.0847 BTC)",themodsquad,"Views: 63 / Bids: Fixed price
Quantity left: Unlimited",50-ct Modafinil 200mg (Modvigil),Stimulants,Pressed Pills,50-ct Modafinil 200mg (Modvigil),"Sold by themodsquad -
0 sold since Mar 12, 2017Î¾Î¾Vendor Level 1Î¾Trust Level 4",Purchase price: USD 112.50,,Drugs & ChemicalsDrugs & Chemicals,Stimulants,200 ICE pills speed (new STRONGER bars)  - $380 ($1.90 eac.) *FREE 6 DAYS TRACKED SHIPPING*,"Buy price
USD 380.00

(0.2861 BTC)",thecostco1,"Views: 463 / Bids: Fixed price
Quantity left: Unlimited",200 ICE pills speed (new STRONGER bars)  - $380 ($1.90 eac.) *FREE 6 DAYS TRACKED SHIPPING*,Stimulants,Pressed Pills,200 ICE pills speed (new STRONGER bars)  - $380 ($...,"Sold by thecostco1 -
0 sold since Aug 10, 2016Î¾Î¾Vendor Level 2Î¾Trust Level 4",Purchase price: USD 380.00,,Drugs & ChemicalsDrugs & Chemicals,Stimulants,Dexamfetamine Sulphate Tablets. Dexy's. 4 x 5mg,"Buy price
USD 25.64

(0.0194 BTC)",Weed4bits2,"Views: 657 / Bids: Fixed price
Quantity left: Unlimited",Dexamfetamine Sulphate Tablets. Dexy's. 4 x 5mg,Stimulants,Pressed Pills,Dexamfetamine Sulphate Tablets. Dexy's. 4 x 5m...,"Sold by Weed4bits2 -
14 sold since Jul 6, 2016Î¾Î¾Vendor Level 3Î¾Trust Level 5",Purchase price: USD 25.64,2,Drugs & ChemicalsDrugs & Chemicals,Stimulants,Š__Š…Ä 10 Š…æ Generic Viagra Š…Ä 100mg Š…æ High Quality Š…Ä Reagent Tested Š…æ Worldwide & Stealthly Shipping Š…Ä Cheap Product !Š…æŠãÜ,"Buy price
USD 33.09

(0.0250 BTC)",TheGermanGuy2,"Views: 291 / Bids: Fixed price
Quantity left: Unlimited",Š__Š…Ä 10 Š…æ Generic Viagra Š…Ä 100mg Š…æ High Quality Š…Ä Reagent Tested Š…æ Worldwide & Stealthly Shipping Š…Ä Cheap Product !Š…æŠãÜ,Stimulants,Pressed Pills,Š__Š…Ä 10 Š…æ Generic Viagra Š…Ä 100mg Š…æ High Quality Š…Ä Re...,"Sold by TheGermanGuy2 -
3 sold since Oct 18, 2016Î¾Î¾Vendor Level 2Î¾Trust Level 3",Purchase price: USD 33.09,4,Drugs & ChemicalsDrugs & Chemicals,Stimulants,500 pcs/stk Captagon Š—– Amphetaminsulfat XTC,"Buy price
USD 446.80

(0.3364 BTC)",Infinity-Drugs.to,"Views: 224 / Bids: Fixed price
Quantity left: Unlimited",500 pcs/stk Captagon Š—– Amphetaminsulfat XTC,Stimulants,Pressed Pills,500 pcs/stk Captagon Š—– Amphetaminsulfat XTC,"Sold by Infinity-Drugs.to -
0 sold since Nov 22, 2016Î¾Î¾Vendor Level 1Î¾Trust Level 4",Purchase price: USD 446.80,7,Drugs & ChemicalsDrugs & Chemicals,Stimulants,250 pcs/stk Captagon Š—– Amphetaminsulfat XTC,"Buy price
USD 212.76

(0.1602 BTC)",Infinity-Drugs.to,"Views: 252 / Bids: Fixed price
Quantity left: Unlimited",250 pcs/stk Captagon Š—– Amphetaminsulfat XTC,Stimulants,Pressed Pills,250 pcs/stk Captagon Š—– Amphetaminsulfat XTC,"Sold by Infinity-Drugs.to -
0 sold since Nov 22, 2016Î¾Î¾Vendor Level 1Î¾Trust Level 4",Purchase price: USD 212.76,,Drugs & ChemicalsDrugs & Chemicals,Stimulants,Sample prices Ethylphenidate pills 20 mg pr pills! 10 pills for the price,"Buy price
USD 16.92

(0.0127 BTC)",Danish_Farma555,"Views: 74 / Bids: Fixed price
Quantity left: Unlimited",Sample prices Ethylphenidate pills 20 mg pr pills! 10 pills for the price,Stimulants,Pressed Pills,Sample prices Ethylphenidate pills 20 mg pr pills!...,"Sold by Danish_Farma555 -
0 sold since Apr 17, 2017Î¾Î¾Vendor Level 1Î¾Trust Level 3",Purchase price: USD 16.92,8,Drugs & ChemicalsDrugs & Chemicals,Stimulants,Soma 350mg - 1000 tablets Pain O Soma Brand = LOWEST PRICE = CLICK HERE,"Buy price
USD 299.99

(0.2259 BTC)",canadianpharmacy,"Views: 18 / Bids: Fixed price
Quantity left: Unlimited",Soma 350mg - 1000 tablets Pain O Soma Brand = LOWEST PRICE = CLICK HERE,Stimulants,Pressed Pills,Soma 350mg - 1000 tablets Pain O Soma Brand = LOWE...,"Sold by canadianpharmacy -
0 sold since Apr 13, 2017Î¾Î¾Vendor Level 6Î¾Trust Level 4",Purchase price: USD 299.99,7,Drugs & ChemicalsDrugs & Chemicals,Stimulants,"25 Pioneers XTC 180-200mg (2,50ŠäŒ/Stk.) - Germany Escrow","Buy price
USD 67.61

(0.0509 BTC)",torlando,"Views: 18 / Bids: Fixed price
Quantity left: 10","25 Pioneers XTC 180-200mg (2,50ŠäŒ/Stk.) - Germany Escrow",Stimulants,Pressed Pills,"25 Pioneers XTC 180-200mg (2,50ŠäŒ/Stk.) - Germany E...","Sold by torlando -
0 sold since Apr 19, 2017Î¾Î¾Vendor Level 6Î¾Trust Level 5",Purchase price: USD 67.61,8,Drugs & ChemicalsDrugs & Chemicals,Stimulants,"MODALERT (generic PROVIGIL) modafinil 100mg -1000 pills - $549,99","Buy price
USD 549.99

(0.4141 BTC)",canadianpharmacy,"Views: 19 / Bids: Fixed price
Quantity left: Unlimited","MODALERT (generic PROVIGIL) modafinil 100mg -1000 pills - $549,99",Stimulants,Pressed Pills,MODALERT (generic PROVIGIL) modafinil 100mg -1000 ...,"Sold by canadianpharmacy -
0 sold since Apr 13, 2017Î¾Î¾Vendor Level 6Î¾Trust Level 4",Purchase price: USD 549.99,8,Drugs & ChemicalsDrugs & Chemicals,Stimulants,Š…Ä Waklert 150 (Armodafinil) 10 x 150mg Tablets Š…Ä,"Buy price
USD 24.00

(0.0181 BTC)",OzAlphaAU,null,Š…Ä Waklert 150 (Armodafinil) 10 x 150mg Tablets Š…Ä,Stimulants,Pressed Pills,Š…Ä Waklert 150 (Armodafinil) 10 x 150mg Tablets Š…Ä,"Sold by OzAlphaAU -
21 sold since Apr 27, 2016Î¾Î¾Vendor Level 6Î¾Trust Level 5",Purchase price: USD 24.00,2,Drugs & ChemicalsDrugs & Chemicals,Stimulants,[US-US] FULL ESCROW 50 tabs Tapentadol 100 MG Effects Like Oxycodone  $99.99,"Buy price
USD 99.99

(0.0755 BTC)",canadianpharmacy,"Views: 173 / Bids: Fixed price
Quantity left: Unlimited",[US-US] FULL ESCROW 50 tabs Tapentadol 100 MG Effects Like Oxycodone  $99.99,Stimulants,Pressed Pills,[US-US] FULL ESCROW 50 tabs Tapentadol 100 MG Effe...,"Sold by canadianpharmacy -
2 sold since Mar 19, 2017Î¾Î¾Vendor Level 6Î¾Trust Level 4",Purchase price: USD 99.99,4,Drugs & ChemicalsDrugs & Chemicals,Stimulants,25000 pcs/stk Captagon Š—– Amphetaminsulfat XTC,"Buy price
USD 11,967.91

(9.0108 BTC)",Infinity-Drugs.to,"Views: 225 / Bids: Fixed price
Quantity left: Unlimited",25000 pcs/stk Captagon Š—– Amphetaminsulfat XTC,Stimulants,Pressed Pills,25000 pcs/stk Captagon Š—– Amphetaminsulfat XTC,"Sold by Infinity-Drugs.to -
0 sold since Nov 22, 2016Î¾Î¾Vendor Level 1Î¾Trust Level 4","Purchase price: USD 11,967.91",8,Drugs & ChemicalsDrugs & Chemicals,Stimulants,5 PACK 30mg ADDERALL IR INTRO SALE $35 SALE  $35 SALE,"Buy price
USD 35.00

(0.0264 BTC)",BARRYGARCIA,null,5 PACK 30mg ADDERALL IR INTRO SALE $35 SALE  $35 SALE,Stimulants,Pressed Pills,5 PACK 30mg ADDERALL IR INTRO SALE $35 SALE  $35 S...,"Sold by BARRYGARCIA -
7 sold since Mar 27, 2017Î¾Î¾Vendor Level 2Î¾Trust Level 3",Purchase price: USD 35.00,3,Drugs & ChemicalsDrugs & Chemicals,Stimulants,Modvigil (Modafinil) 200mg X 10 tablets - Š…ÄŠ…Ä 100% Positive Feedback Š…Ä Same Day Postage before 3PM Š…ÄŠ…Ä,"Buy price
USD 49.89

(0.0377 BTC)",CharlieOz,null,Modvigil (Modafinil) 200mg X 10 tablets - Š…ÄŠ…Ä 100% Positive Feedback Š…Ä Same Day Postage before 3PM Š…ÄŠ…Ä,Stimulants,Pressed Pills,Modvigil (Modafinil) 200mg X 10 tablets - Š…ÄŠ…Ä 100% ...,"Sold by CharlieOz -
6 sold since Sep 12, 2016Î¾Î¾Vendor Level 7Î¾Trust Level 6",Purchase price: USD 49.89,3,Drugs & ChemicalsDrugs & Chemicals,Stimulants,breacking bad pills mr white speed pills 100x FAST SHIPPING (FE),"Buy price
USD 125.00

(0.0944 BTC)",mr_white01,null,breacking bad pills mr white speed pills 100x FAST SHIPPING (FE),Stimulants,Pressed Pills,breacking bad pills mr white speed pills 100x FAST...,"Sold by mr_white01 -
17 sold since Dec 8, 2016Î¾Î¾Vendor Level 6Î¾Trust Level 5",Purchase price: USD 125.00,2,Drugs & ChemicalsDrugs & Chemicals,Stimulants,Š“Ä FREE shipping from US Š“Ä generic VIAGRA  Š“Ä100 pills x 100mg each Š“Ä,"Buy price
USD 60.00

(0.0453 BTC)",DoctorFreedom,null,Š“Ä FREE shipping from US Š“Ä generic VIAGRA  Š“Ä100 pills x 100mg each Š“Ä,Stimulants,Pressed Pills,Š“Ä FREE shipping from US Š“Ä generic VIAGRA  Š“Ä100 pil...,"Sold by DoctorFreedom -
1 sold since Jan 5, 2017Î¾Î¾Vendor Level 6Î¾Trust Level 6",null,5,Drugs & ChemicalsDrugs & Chemicals,Stimulants,1000 x Mix and Match non Controlled Medication,"Buy price
USD 1.00

(0.0008 BTC)",gotmilk,null,1000 x Mix and Match non Controlled Medication,Stimulants,Pressed Pills,1000 x Mix and Match non Controlled Medication,"Sold by gotmilk -
1 sold since Feb 21, 2017Î¾Î¾Vendor Level 7Î¾Trust Level 7",Purchase price: USD 1.00,6,Drugs & ChemicalsDrugs & Chemicals,Stimulants,Ritalin (Novartis) 10 MG (125 Pills),"Buy price
USD 215.00

(0.1619 BTC)",Idealpills,null,Ritalin (Novartis) 10 MG (125 Pills),Stimulants,Pressed Pills,Ritalin (Novartis) 10 MG (125 Pills),"Sold by Idealpills -
0 sold since Jul 22, 2016Î¾Î¾Vendor Level 1Î¾Trust Level 6",Purchase price: USD 215.00,7,Drugs & ChemicalsDrugs & Chemicals,Stimulants,Medikinet adult 10X50 mg Methylphenidat,"Buy price
USD 107.86

(0.0814 BTC)",Methylphenidate.Germany,"Views: 544 / Bids: Fixed price
Quantity left: 8",Medikinet adult 10X50 mg Methylphenidat,Stimulants,Pressed Pills,Medikinet adult 10X50 mg Methylphenidat,"Sold by Methylphenidate.Germany -
10 sold since Oct 29, 2016Î¾Î¾Vendor Level 4Î¾Trust Level 4",Purchase price: USD 107.86,2,Drugs & ChemicalsDrugs & Chemicals,Stimulants,"INTRO OFFER! 100 pieces Pink Hello Kitty 250mg Speed-Amphetamine pills ŠäŒ100,-","Buy price
USD 108.69

(0.0818 BTC)",besafeandenjoy,null,"INTRO OFFER! 100 pieces Pink Hello Kitty 250mg Speed-Amphetamine pills ŠäŒ100,-",Stimulants,Pressed Pills,INTRO OFFER! 100 pieces Pink Hello Kitty 250mg Spe...,"Sold by besafeandenjoy -
0 sold since Apr 1, 2017Î¾Î¾Vendor Level 4Î¾Trust Level 4",Purchase price: USD 108.69,7,Drugs & ChemicalsDrugs & Chemicals,Stimulants,"50 x 200mg Pharmacy Grade Modafinil (Modvigil) (Focus, Drive, Motivation) (EASTER SALE)","Buy price
USD 56.88

(0.0430 BTC)",The_OA,"Views: 140 / Bids: Fixed price
Quantity left: Unlimited","50 x 200mg Pharmacy Grade Modafinil (Modvigil) (Focus, Drive, Motivation) (EASTER SALE)",Stimulants,Pressed Pills,50 x 200mg Pharmacy Grade Modafinil (Modvigil) (Fo...,"Sold by The_OA -
13 sold since Mar 22, 2017Î¾Î¾Vendor Level 1Î¾Trust Level 4",Purchase price: USD 56.88,2,Drugs & ChemicalsDrugs & Chemicals,Stimulants,"200 x 200mg Pharmacy Grade Modafinil (Modvigil) (Focus, Drive, Motivation) (EASTER SALE)","Buy price
USD 212.34

(0.1603 BTC)",The_OA,"Views: 110 / Bids: Fixed price
Quantity left: Unlimited","200 x 200mg Pharmacy Grade Modafinil (Modvigil) (Focus, Drive, Motivation) (EASTER SALE)",Stimulants,Pressed Pills,200 x 200mg Pharmacy Grade Modafinil (Modvigil) (F...,"Sold by The_OA -
3 sold since Feb 2, 2017Î¾Î¾Vendor Level 1Î¾Trust Level 4",Purchase price: USD 212.34,4,Drugs & ChemicalsDrugs & Chemicals,Stimulants,"100 Pioneers XTC 180-200mg (1,90ŠäŒ/Stk.) - Germany Escrow","Buy price
USD 202.48

(0.1525 BTC)",torlando,"Views: 25 / Bids: Fixed price
Quantity left: 10","100 Pioneers XTC 180-200mg (1,90ŠäŒ/Stk.) - Germany Escrow",Stimulants,Pressed Pills,"100 Pioneers XTC 180-200mg (1,90ŠäŒ/Stk.) - Germany ...","Sold by torlando -
0 sold since Apr 18, 2017Î¾Î¾Vendor Level 6Î¾Trust Level 5",Purchase price: USD 202.48,,Drugs & ChemicalsDrugs & Chemicals,Stimulants,2 Pink Hello Kitty Amphetamine - 350 mg,"Buy price
USD 6.35

(0.0048 BTC)",area51UFO,null,2 Pink Hello Kitty Amphetamine - 350 mg,Stimulants,Pressed Pills,2 Pink Hello Kitty Amphetamine - 350 mg,"Sold by area51UFO -
4 sold since Apr 8, 2017Î¾Î¾Vendor Level 4Î¾Trust Level 5",Purchase price: USD 6.35,3,Drugs & ChemicalsDrugs & Chemicals,Stimulants,500 ICE pills speed (new STRONGER bars)  - $600 ($1.20 eac.) *FREE 6 DAYS TRACKED SHIPPING*,"Buy price
USD 600.00

(0.4517 BTC)",thecostco1,"Views: 388 / Bids: Fixed price
Quantity left: Unlimited",500 ICE pills speed (new STRONGER bars)  - $600 ($1.20 eac.) *FREE 6 DAYS TRACKED SHIPPING*,Stimulants,Pressed Pills,500 ICE pills speed (new STRONGER bars)  - $600 ($...,"Sold by thecostco1 -
0 sold since Aug 10, 2016Î¾Î¾Vendor Level 2Î¾Trust Level 4",Purchase price: USD 600.00,,Drugs & ChemicalsDrugs & Chemicals,Stimulants,"Milatonin 3 mg Sleeping pill 1 Sleeping pill  3 mg tablet 0,43 Euro Buy as many as you want - bulk","Buy price
USD 0.53

(0.0004 BTC)",Danish_Farma555,null,"Milatonin 3 mg Sleeping pill 1 Sleeping pill  3 mg tablet 0,43 Euro Buy as many as you want - bulk",Stimulants,Pressed Pills,Milatonin 3 mg Sleeping pill 1 Sleeping pill  3 mg...,"Sold by Danish_Farma555 -
0 sold since Mar 21, 2017Î¾Î¾Vendor Level 1Î¾Trust Level 3",null,,Drugs & ChemicalsDrugs & Chemicals,Stimulants,25 pcs/stk Captagon Š—– Amphetaminsulfat XTC,"Buy price
USD 31.91

(0.0240 BTC)",Infinity-Drugs.to,"Views: 285 / Bids: Fixed price
Quantity left: Unlimited",25 pcs/stk Captagon Š—– Amphetaminsulfat XTC,Stimulants,Pressed Pills,25 pcs/stk Captagon Š—– Amphetaminsulfat XTC,"Sold by Infinity-Drugs.to -
0 sold since Nov 22, 2016Î¾Î¾Vendor Level 1Î¾Trust Level 4",Purchase price: USD 31.91,8,Drugs & ChemicalsDrugs & Chemicals,Stimulants,100 ICE pills speed (new STRONGER bars) - $230 ($2.30 eac.) *FREE 6 DAYS TRACKED SHIPPING*,"Buy price
USD 230.00

(0.1737 BTC)",thecostco1,"Views: 1245 / Bids: Fixed price
Quantity left: Unlimited",100 ICE pills speed (new STRONGER bars) - $230 ($2.30 eac.) *FREE 6 DAYS TRACKED SHIPPING*,Stimulants,Pressed Pills,100 ICE pills speed (new STRONGER bars) - $230 ($2...,"Sold by thecostco1 -
6 sold since Aug 10, 2016Î¾Î¾Vendor Level 2Î¾Trust Level 4",Purchase price: USD 230.00,3,Drugs & ChemicalsDrugs & Chemicals,Stimulants,"DMAA, 200 Pills. 10mg tabs (FE ONLY)","Buy price
USD 27.55

(0.0208 BTC)",MedIndia,"Views: 1917 / Bids: Fixed price
Quantity left: 46","DMAA, 200 Pills. 10mg tabs (FE ONLY)",Stimulants,Pressed Pills,"DMAA, 200 Pills. 10mg tabs (FE ONLY)","Sold by MedIndia -
19 sold since Nov 8, 2015Î¾Î¾Vendor Level 4Î¾Trust Level 6",Purchase price: USD 27.55,2,Drugs & ChemicalsDrugs & Chemicals,Stimulants,TradeRoute Market - Free Pass to login!!!,"Buy price
USD 0.00

(0.0000 BTC)",oildabber,"Views: 156 / Bids: Fixed price
Quantity left: Unlimited",TradeRoute Market - Free Pass to login!!!,Stimulants,Pressed Pills,TradeRoute Market - Free Pass to login!!!,"Sold by oildabber -
6 sold since Feb 22, 2017Î¾Î¾Vendor Level 3Î¾Trust Level 5",Purchase price: USD 0.00,3,Drugs & Chemicals